ISO-10303-21;
HEADER;
FILE_DESCRIPTION(('Open CASCADE Model'),'2;1');
FILE_NAME('Open CASCADE Shape Model','2026-07-10T00:37:18',('Author'),(
    'Open CASCADE'),'Open CASCADE STEP processor 7.8','build123d',
  'Unknown');
FILE_SCHEMA(('AUTOMOTIVE_DESIGN { 1 0 10303 214 1 1 1 1 }'));
ENDSEC;
DATA;
#1 = APPLICATION_PROTOCOL_DEFINITION('international standard',
  'automotive_design',2000,#2);
#2 = APPLICATION_CONTEXT(
  'core data for automotive mechanical design processes');
#3 = SHAPE_DEFINITION_REPRESENTATION(#4,#10);
#4 = PRODUCT_DEFINITION_SHAPE('','',#5);
#5 = PRODUCT_DEFINITION('design','',#6,#9);
#6 = PRODUCT_DEFINITION_FORMATION('','',#7);
#7 = PRODUCT('SOLID','SOLID','',(#8));
#8 = PRODUCT_CONTEXT('',#2,'mechanical');
#9 = PRODUCT_DEFINITION_CONTEXT('part definition',#2,'design');
#10 = ADVANCED_BREP_SHAPE_REPRESENTATION('',(#11,#15),#5377);
#11 = AXIS2_PLACEMENT_3D('',#12,#13,#14);
#12 = CARTESIAN_POINT('',(0.,0.,0.));
#13 = DIRECTION('',(0.,0.,1.));
#14 = DIRECTION('',(1.,0.,-0.));
#15 = MANIFOLD_SOLID_BREP('',#16);
#16 = CLOSED_SHELL('',(#17,#249,#625,#678,#1072,#1342,#1638,#1691,#1970,
    #2220,#2231,#2493,#2611,#2687,#2933,#3020,#3096,#3183,#3192,#3219,
    #3265,#3312,#3319,#3344,#3390,#3419,#3446,#3493,#3547,#3572,#3692,
    #3812,#3932,#4052,#4444,#4494,#4544,#4594,#4644,#4673,#4702,#4729,
    #4756,#4911,#4917,#4923,#4960,#4997,#5034,#5071,#5210,#5237,#5264,
    #5291,#5318,#5373));
#17 = ADVANCED_FACE('',(#18),#32,.F.);
#18 = FACE_BOUND('',#19,.F.);
#19 = EDGE_LOOP('',(#20,#55,#83,#111,#139,#167,#195,#223));
#20 = ORIENTED_EDGE('',*,*,#21,.F.);
#21 = EDGE_CURVE('',#22,#24,#26,.T.);
#22 = VERTEX_POINT('',#23);
#23 = CARTESIAN_POINT('',(-16.,-18.6,22.7));
#24 = VERTEX_POINT('',#25);
#25 = CARTESIAN_POINT('',(-16.,-18.6,64.));
#26 = SURFACE_CURVE('',#27,(#31,#43),.PCURVE_S1.);
#27 = LINE('',#28,#29);
#28 = CARTESIAN_POINT('',(-16.,-18.6,22.7));
#29 = VECTOR('',#30,1.);
#30 = DIRECTION('',(0.,0.,1.));
#31 = PCURVE('',#32,#37);
#32 = PLANE('',#33);
#33 = AXIS2_PLACEMENT_3D('',#34,#35,#36);
#34 = CARTESIAN_POINT('',(-16.,-18.6,22.7));
#35 = DIRECTION('',(1.,0.,0.));
#36 = DIRECTION('',(0.,0.,1.));
#37 = DEFINITIONAL_REPRESENTATION('',(#38),#42);
#38 = LINE('',#39,#40);
#39 = CARTESIAN_POINT('',(0.,0.));
#40 = VECTOR('',#41,1.);
#41 = DIRECTION('',(1.,0.));
#42 = ( GEOMETRIC_REPRESENTATION_CONTEXT(2) 
PARAMETRIC_REPRESENTATION_CONTEXT() REPRESENTATION_CONTEXT('2D SPACE',''
  ) );
#43 = PCURVE('',#44,#49);
#44 = PLANE('',#45);
#45 = AXIS2_PLACEMENT_3D('',#46,#47,#48);
#46 = CARTESIAN_POINT('',(-16.,-18.6,22.7));
#47 = DIRECTION('',(0.,1.,0.));
#48 = DIRECTION('',(0.,0.,1.));
#49 = DEFINITIONAL_REPRESENTATION('',(#50),#54);
#50 = LINE('',#51,#52);
#51 = CARTESIAN_POINT('',(0.,0.));
#52 = VECTOR('',#53,1.);
#53 = DIRECTION('',(1.,0.));
#54 = ( GEOMETRIC_REPRESENTATION_CONTEXT(2) 
PARAMETRIC_REPRESENTATION_CONTEXT() REPRESENTATION_CONTEXT('2D SPACE',''
  ) );
#55 = ORIENTED_EDGE('',*,*,#56,.T.);
#56 = EDGE_CURVE('',#22,#57,#59,.T.);
#57 = VERTEX_POINT('',#58);
#58 = CARTESIAN_POINT('',(-16.,18.6,22.7));
#59 = SURFACE_CURVE('',#60,(#64,#71),.PCURVE_S1.);
#60 = LINE('',#61,#62);
#61 = CARTESIAN_POINT('',(-16.,-18.6,22.7));
#62 = VECTOR('',#63,1.);
#63 = DIRECTION('',(0.,1.,0.));
#64 = PCURVE('',#32,#65);
#65 = DEFINITIONAL_REPRESENTATION('',(#66),#70);
#66 = LINE('',#67,#68);
#67 = CARTESIAN_POINT('',(0.,0.));
#68 = VECTOR('',#69,1.);
#69 = DIRECTION('',(0.,-1.));
#70 = ( GEOMETRIC_REPRESENTATION_CONTEXT(2) 
PARAMETRIC_REPRESENTATION_CONTEXT() REPRESENTATION_CONTEXT('2D SPACE',''
  ) );
#71 = PCURVE('',#72,#77);
#72 = PLANE('',#73);
#73 = AXIS2_PLACEMENT_3D('',#74,#75,#76);
#74 = CARTESIAN_POINT('',(-16.,-18.6,22.7));
#75 = DIRECTION('',(0.,0.,1.));
#76 = DIRECTION('',(1.,0.,0.));
#77 = DEFINITIONAL_REPRESENTATION('',(#78),#82);
#78 = LINE('',#79,#80);
#79 = CARTESIAN_POINT('',(0.,0.));
#80 = VECTOR('',#81,1.);
#81 = DIRECTION('',(0.,1.));
#82 = ( GEOMETRIC_REPRESENTATION_CONTEXT(2) 
PARAMETRIC_REPRESENTATION_CONTEXT() REPRESENTATION_CONTEXT('2D SPACE',''
  ) );
#83 = ORIENTED_EDGE('',*,*,#84,.F.);
#84 = EDGE_CURVE('',#85,#57,#87,.T.);
#85 = VERTEX_POINT('',#86);
#86 = CARTESIAN_POINT('',(-16.,18.6,64.));
#87 = SURFACE_CURVE('',#88,(#92,#99),.PCURVE_S1.);
#88 = LINE('',#89,#90);
#89 = CARTESIAN_POINT('',(-16.,18.6,64.));
#90 = VECTOR('',#91,1.);
#91 = DIRECTION('',(0.,0.,-1.));
#92 = PCURVE('',#32,#93);
#93 = DEFINITIONAL_REPRESENTATION('',(#94),#98);
#94 = LINE('',#95,#96);
#95 = CARTESIAN_POINT('',(41.3,-37.2));
#96 = VECTOR('',#97,1.);
#97 = DIRECTION('',(-1.,0.));
#98 = ( GEOMETRIC_REPRESENTATION_CONTEXT(2) 
PARAMETRIC_REPRESENTATION_CONTEXT() REPRESENTATION_CONTEXT('2D SPACE',''
  ) );
#99 = PCURVE('',#100,#105);
#100 = PLANE('',#101);
#101 = AXIS2_PLACEMENT_3D('',#102,#103,#104);
#102 = CARTESIAN_POINT('',(-16.,18.6,22.7));
#103 = DIRECTION('',(0.,1.,0.));
#104 = DIRECTION('',(0.,0.,1.));
#105 = DEFINITIONAL_REPRESENTATION('',(#106),#110);
#106 = LINE('',#107,#108);
#107 = CARTESIAN_POINT('',(41.3,0.));
#108 = VECTOR('',#109,1.);
#109 = DIRECTION('',(-1.,0.));
#110 = ( GEOMETRIC_REPRESENTATION_CONTEXT(2) 
PARAMETRIC_REPRESENTATION_CONTEXT() REPRESENTATION_CONTEXT('2D SPACE',''
  ) );
#111 = ORIENTED_EDGE('',*,*,#112,.F.);
#112 = EDGE_CURVE('',#113,#85,#115,.T.);
#113 = VERTEX_POINT('',#114);
#114 = CARTESIAN_POINT('',(-16.,16.1,64.));
#115 = SURFACE_CURVE('',#116,(#120,#127),.PCURVE_S1.);
#116 = LINE('',#117,#118);
#117 = CARTESIAN_POINT('',(-16.,16.1,64.));
#118 = VECTOR('',#119,1.);
#119 = DIRECTION('',(0.,1.,0.));
#120 = PCURVE('',#32,#121);
#121 = DEFINITIONAL_REPRESENTATION('',(#122),#126);
#122 = LINE('',#123,#124);
#123 = CARTESIAN_POINT('',(41.3,-34.7));
#124 = VECTOR('',#125,1.);
#125 = DIRECTION('',(0.,-1.));
#126 = ( GEOMETRIC_REPRESENTATION_CONTEXT(2) 
PARAMETRIC_REPRESENTATION_CONTEXT() REPRESENTATION_CONTEXT('2D SPACE',''
  ) );
#127 = PCURVE('',#128,#133);
#128 = CYLINDRICAL_SURFACE('',#129,16.);
#129 = AXIS2_PLACEMENT_3D('',#130,#131,#132);
#130 = CARTESIAN_POINT('',(0.,18.6,64.));
#131 = DIRECTION('',(0.,-1.,2.22044604925E-16));
#132 = DIRECTION('',(1.,0.,0.));
#133 = DEFINITIONAL_REPRESENTATION('',(#134),#138);
#134 = LINE('',#135,#136);
#135 = CARTESIAN_POINT('',(3.14159265359,2.5));
#136 = VECTOR('',#137,1.);
#137 = DIRECTION('',(0.,-1.));
#138 = ( GEOMETRIC_REPRESENTATION_CONTEXT(2) 
PARAMETRIC_REPRESENTATION_CONTEXT() REPRESENTATION_CONTEXT('2D SPACE',''
  ) );
#139 = ORIENTED_EDGE('',*,*,#140,.F.);
#140 = EDGE_CURVE('',#141,#113,#143,.T.);
#141 = VERTEX_POINT('',#142);
#142 = CARTESIAN_POINT('',(-16.,16.1,28.));
#143 = SURFACE_CURVE('',#144,(#148,#155),.PCURVE_S1.);
#144 = LINE('',#145,#146);
#145 = CARTESIAN_POINT('',(-16.,16.1,22.8));
#146 = VECTOR('',#147,1.);
#147 = DIRECTION('',(0.,0.,1.));
#148 = PCURVE('',#32,#149);
#149 = DEFINITIONAL_REPRESENTATION('',(#150),#154);
#150 = LINE('',#151,#152);
#151 = CARTESIAN_POINT('',(9.999999999999E-02,-34.7));
#152 = VECTOR('',#153,1.);
#153 = DIRECTION('',(1.,0.));
#154 = ( GEOMETRIC_REPRESENTATION_CONTEXT(2) 
PARAMETRIC_REPRESENTATION_CONTEXT() REPRESENTATION_CONTEXT('2D SPACE',''
  ) );
#155 = PCURVE('',#156,#161);
#156 = PLANE('',#157);
#157 = AXIS2_PLACEMENT_3D('',#158,#159,#160);
#158 = CARTESIAN_POINT('',(-16.,16.1,22.8));
#159 = DIRECTION('',(0.,1.,0.));
#160 = DIRECTION('',(0.,0.,1.));
#161 = DEFINITIONAL_REPRESENTATION('',(#162),#166);
#162 = LINE('',#163,#164);
#163 = CARTESIAN_POINT('',(0.,0.));
#164 = VECTOR('',#165,1.);
#165 = DIRECTION('',(1.,0.));
#166 = ( GEOMETRIC_REPRESENTATION_CONTEXT(2) 
PARAMETRIC_REPRESENTATION_CONTEXT() REPRESENTATION_CONTEXT('2D SPACE',''
  ) );
#167 = ORIENTED_EDGE('',*,*,#168,.F.);
#168 = EDGE_CURVE('',#169,#141,#171,.T.);
#169 = VERTEX_POINT('',#170);
#170 = CARTESIAN_POINT('',(-16.,-16.1,28.));
#171 = SURFACE_CURVE('',#172,(#176,#183),.PCURVE_S1.);
#172 = LINE('',#173,#174);
#173 = CARTESIAN_POINT('',(-16.,-18.6,28.));
#174 = VECTOR('',#175,1.);
#175 = DIRECTION('',(0.,1.,0.));
#176 = PCURVE('',#32,#177);
#177 = DEFINITIONAL_REPRESENTATION('',(#178),#182);
#178 = LINE('',#179,#180);
#179 = CARTESIAN_POINT('',(5.3,0.));
#180 = VECTOR('',#181,1.);
#181 = DIRECTION('',(0.,-1.));
#182 = ( GEOMETRIC_REPRESENTATION_CONTEXT(2) 
PARAMETRIC_REPRESENTATION_CONTEXT() REPRESENTATION_CONTEXT('2D SPACE',''
  ) );
#183 = PCURVE('',#184,#189);
#184 = PLANE('',#185);
#185 = AXIS2_PLACEMENT_3D('',#186,#187,#188);
#186 = CARTESIAN_POINT('',(-16.,-18.6,28.));
#187 = DIRECTION('',(0.,0.,1.));
#188 = DIRECTION('',(1.,0.,0.));
#189 = DEFINITIONAL_REPRESENTATION('',(#190),#194);
#190 = LINE('',#191,#192);
#191 = CARTESIAN_POINT('',(0.,0.));
#192 = VECTOR('',#193,1.);
#193 = DIRECTION('',(0.,1.));
#194 = ( GEOMETRIC_REPRESENTATION_CONTEXT(2) 
PARAMETRIC_REPRESENTATION_CONTEXT() REPRESENTATION_CONTEXT('2D SPACE',''
  ) );
#195 = ORIENTED_EDGE('',*,*,#196,.T.);
#196 = EDGE_CURVE('',#169,#197,#199,.T.);
#197 = VERTEX_POINT('',#198);
#198 = CARTESIAN_POINT('',(-16.,-16.1,64.));
#199 = SURFACE_CURVE('',#200,(#204,#211),.PCURVE_S1.);
#200 = LINE('',#201,#202);
#201 = CARTESIAN_POINT('',(-16.,-16.1,22.8));
#202 = VECTOR('',#203,1.);
#203 = DIRECTION('',(0.,0.,1.));
#204 = PCURVE('',#32,#205);
#205 = DEFINITIONAL_REPRESENTATION('',(#206),#210);
#206 = LINE('',#207,#208);
#207 = CARTESIAN_POINT('',(9.999999999999E-02,-2.5));
#208 = VECTOR('',#209,1.);
#209 = DIRECTION('',(1.,0.));
#210 = ( GEOMETRIC_REPRESENTATION_CONTEXT(2) 
PARAMETRIC_REPRESENTATION_CONTEXT() REPRESENTATION_CONTEXT('2D SPACE',''
  ) );
#211 = PCURVE('',#212,#217);
#212 = PLANE('',#213);
#213 = AXIS2_PLACEMENT_3D('',#214,#215,#216);
#214 = CARTESIAN_POINT('',(-16.,-16.1,22.8));
#215 = DIRECTION('',(0.,1.,0.));
#216 = DIRECTION('',(0.,0.,1.));
#217 = DEFINITIONAL_REPRESENTATION('',(#218),#222);
#218 = LINE('',#219,#220);
#219 = CARTESIAN_POINT('',(0.,0.));
#220 = VECTOR('',#221,1.);
#221 = DIRECTION('',(1.,0.));
#222 = ( GEOMETRIC_REPRESENTATION_CONTEXT(2) 
PARAMETRIC_REPRESENTATION_CONTEXT() REPRESENTATION_CONTEXT('2D SPACE',''
  ) );
#223 = ORIENTED_EDGE('',*,*,#224,.F.);
#224 = EDGE_CURVE('',#24,#197,#225,.T.);
#225 = SURFACE_CURVE('',#226,(#230,#237),.PCURVE_S1.);
#226 = LINE('',#227,#228);
#227 = CARTESIAN_POINT('',(-16.,-18.6,64.));
#228 = VECTOR('',#229,1.);
#229 = DIRECTION('',(0.,1.,0.));
#230 = PCURVE('',#32,#231);
#231 = DEFINITIONAL_REPRESENTATION('',(#232),#236);
#232 = LINE('',#233,#234);
#233 = CARTESIAN_POINT('',(41.3,0.));
#234 = VECTOR('',#235,1.);
#235 = DIRECTION('',(0.,-1.));
#236 = ( GEOMETRIC_REPRESENTATION_CONTEXT(2) 
PARAMETRIC_REPRESENTATION_CONTEXT() REPRESENTATION_CONTEXT('2D SPACE',''
  ) );
#237 = PCURVE('',#238,#243);
#238 = CYLINDRICAL_SURFACE('',#239,16.);
#239 = AXIS2_PLACEMENT_3D('',#240,#241,#242);
#240 = CARTESIAN_POINT('',(0.,-16.1,64.));
#241 = DIRECTION('',(0.,-1.,2.22044604925E-16));
#242 = DIRECTION('',(1.,0.,0.));
#243 = DEFINITIONAL_REPRESENTATION('',(#244),#248);
#244 = LINE('',#245,#246);
#245 = CARTESIAN_POINT('',(3.14159265359,2.5));
#246 = VECTOR('',#247,1.);
#247 = DIRECTION('',(0.,-1.));
#248 = ( GEOMETRIC_REPRESENTATION_CONTEXT(2) 
PARAMETRIC_REPRESENTATION_CONTEXT() REPRESENTATION_CONTEXT('2D SPACE',''
  ) );
#249 = ADVANCED_FACE('',(#250,#330),#44,.F.);
#250 = FACE_BOUND('',#251,.F.);
#251 = EDGE_LOOP('',(#252,#282,#303,#304));
#252 = ORIENTED_EDGE('',*,*,#253,.F.);
#253 = EDGE_CURVE('',#254,#256,#258,.T.);
#254 = VERTEX_POINT('',#255);
#255 = CARTESIAN_POINT('',(16.,-18.6,22.7));
#256 = VERTEX_POINT('',#257);
#257 = CARTESIAN_POINT('',(16.,-18.6,64.));
#258 = SURFACE_CURVE('',#259,(#263,#270),.PCURVE_S1.);
#259 = LINE('',#260,#261);
#260 = CARTESIAN_POINT('',(16.,-18.6,22.7));
#261 = VECTOR('',#262,1.);
#262 = DIRECTION('',(0.,0.,1.));
#263 = PCURVE('',#44,#264);
#264 = DEFINITIONAL_REPRESENTATION('',(#265),#269);
#265 = LINE('',#266,#267);
#266 = CARTESIAN_POINT('',(0.,32.));
#267 = VECTOR('',#268,1.);
#268 = DIRECTION('',(1.,0.));
#269 = ( GEOMETRIC_REPRESENTATION_CONTEXT(2) 
PARAMETRIC_REPRESENTATION_CONTEXT() REPRESENTATION_CONTEXT('2D SPACE',''
  ) );
#270 = PCURVE('',#271,#276);
#271 = PLANE('',#272);
#272 = AXIS2_PLACEMENT_3D('',#273,#274,#275);
#273 = CARTESIAN_POINT('',(16.,-18.6,22.7));
#274 = DIRECTION('',(1.,0.,0.));
#275 = DIRECTION('',(0.,0.,1.));
#276 = DEFINITIONAL_REPRESENTATION('',(#277),#281);
#277 = LINE('',#278,#279);
#278 = CARTESIAN_POINT('',(0.,0.));
#279 = VECTOR('',#280,1.);
#280 = DIRECTION('',(1.,0.));
#281 = ( GEOMETRIC_REPRESENTATION_CONTEXT(2) 
PARAMETRIC_REPRESENTATION_CONTEXT() REPRESENTATION_CONTEXT('2D SPACE',''
  ) );
#282 = ORIENTED_EDGE('',*,*,#283,.F.);
#283 = EDGE_CURVE('',#22,#254,#284,.T.);
#284 = SURFACE_CURVE('',#285,(#289,#296),.PCURVE_S1.);
#285 = LINE('',#286,#287);
#286 = CARTESIAN_POINT('',(-16.,-18.6,22.7));
#287 = VECTOR('',#288,1.);
#288 = DIRECTION('',(1.,0.,0.));
#289 = PCURVE('',#44,#290);
#290 = DEFINITIONAL_REPRESENTATION('',(#291),#295);
#291 = LINE('',#292,#293);
#292 = CARTESIAN_POINT('',(0.,0.));
#293 = VECTOR('',#294,1.);
#294 = DIRECTION('',(0.,1.));
#295 = ( GEOMETRIC_REPRESENTATION_CONTEXT(2) 
PARAMETRIC_REPRESENTATION_CONTEXT() REPRESENTATION_CONTEXT('2D SPACE',''
  ) );
#296 = PCURVE('',#72,#297);
#297 = DEFINITIONAL_REPRESENTATION('',(#298),#302);
#298 = LINE('',#299,#300);
#299 = CARTESIAN_POINT('',(0.,0.));
#300 = VECTOR('',#301,1.);
#301 = DIRECTION('',(1.,0.));
#302 = ( GEOMETRIC_REPRESENTATION_CONTEXT(2) 
PARAMETRIC_REPRESENTATION_CONTEXT() REPRESENTATION_CONTEXT('2D SPACE',''
  ) );
#303 = ORIENTED_EDGE('',*,*,#21,.T.);
#304 = ORIENTED_EDGE('',*,*,#305,.F.);
#305 = EDGE_CURVE('',#256,#24,#306,.T.);
#306 = SURFACE_CURVE('',#307,(#312,#323),.PCURVE_S1.);
#307 = CIRCLE('',#308,16.);
#308 = AXIS2_PLACEMENT_3D('',#309,#310,#311);
#309 = CARTESIAN_POINT('',(0.,-18.6,64.));
#310 = DIRECTION('',(0.,-1.,2.22044604925E-16));
#311 = DIRECTION('',(1.,0.,0.));
#312 = PCURVE('',#44,#313);
#313 = DEFINITIONAL_REPRESENTATION('',(#314),#322);
#314 = ( BOUNDED_CURVE() B_SPLINE_CURVE(2,(#315,#316,#317,#318,#319,#320
,#321),.UNSPECIFIED.,.T.,.F.) B_SPLINE_CURVE_WITH_KNOTS((1,2,2,2,2,1),(
    -2.094395102393,0.,2.094395102393,4.188790204786,6.28318530718,
8.377580409573),.UNSPECIFIED.) CURVE() GEOMETRIC_REPRESENTATION_ITEM() 
RATIONAL_B_SPLINE_CURVE((1.,0.5,1.,0.5,1.,0.5,1.)) REPRESENTATION_ITEM(
  '') );
#315 = CARTESIAN_POINT('',(41.3,32.));
#316 = CARTESIAN_POINT('',(69.012812921102,32.));
#317 = CARTESIAN_POINT('',(55.156406460551,8.));
#318 = CARTESIAN_POINT('',(41.3,-16.));
#319 = CARTESIAN_POINT('',(27.443593539449,8.));
#320 = CARTESIAN_POINT('',(13.587187078898,32.));
#321 = CARTESIAN_POINT('',(41.3,32.));
#322 = ( GEOMETRIC_REPRESENTATION_CONTEXT(2) 
PARAMETRIC_REPRESENTATION_CONTEXT() REPRESENTATION_CONTEXT('2D SPACE',''
  ) );
#323 = PCURVE('',#238,#324);
#324 = DEFINITIONAL_REPRESENTATION('',(#325),#329);
#325 = LINE('',#326,#327);
#326 = CARTESIAN_POINT('',(0.,2.5));
#327 = VECTOR('',#328,1.);
#328 = DIRECTION('',(1.,0.));
#329 = ( GEOMETRIC_REPRESENTATION_CONTEXT(2) 
PARAMETRIC_REPRESENTATION_CONTEXT() REPRESENTATION_CONTEXT('2D SPACE',''
  ) );
#330 = FACE_BOUND('',#331,.F.);
#331 = EDGE_LOOP('',(#332,#367,#394,#427,#455,#482,#511,#540,#572,#599)
  );
#332 = ORIENTED_EDGE('',*,*,#333,.T.);
#333 = EDGE_CURVE('',#334,#336,#338,.T.);
#334 = VERTEX_POINT('',#335);
#335 = CARTESIAN_POINT('',(-8.,-18.6,31.2));
#336 = VERTEX_POINT('',#337);
#337 = CARTESIAN_POINT('',(-8.488608504619,-18.6,32.6));
#338 = SURFACE_CURVE('',#339,(#344,#355),.PCURVE_S1.);
#339 = CIRCLE('',#340,2.25);
#340 = AXIS2_PLACEMENT_3D('',#341,#342,#343);
#341 = CARTESIAN_POINT('',(-10.25,-18.6,31.2));
#342 = DIRECTION('',(0.,-1.,2.22044604925E-16));
#343 = DIRECTION('',(1.,0.,0.));
#344 = PCURVE('',#44,#345);
#345 = DEFINITIONAL_REPRESENTATION('',(#346),#354);
#346 = ( BOUNDED_CURVE() B_SPLINE_CURVE(2,(#347,#348,#349,#350,#351,#352
,#353),.UNSPECIFIED.,.T.,.F.) B_SPLINE_CURVE_WITH_KNOTS((1,2,2,2,2,1),(
    -2.094395102393,0.,2.094395102393,4.188790204786,6.28318530718,
8.377580409573),.UNSPECIFIED.) CURVE() GEOMETRIC_REPRESENTATION_ITEM() 
RATIONAL_B_SPLINE_CURVE((1.,0.5,1.,0.5,1.,0.5,1.)) REPRESENTATION_ITEM(
  '') );
#347 = CARTESIAN_POINT('',(8.5,8.));
#348 = CARTESIAN_POINT('',(12.39711431703,8.));
#349 = CARTESIAN_POINT('',(10.448557158515,4.625));
#350 = CARTESIAN_POINT('',(8.5,1.25));
#351 = CARTESIAN_POINT('',(6.551442841485,4.625));
#352 = CARTESIAN_POINT('',(4.60288568297,8.));
#353 = CARTESIAN_POINT('',(8.5,8.));
#354 = ( GEOMETRIC_REPRESENTATION_CONTEXT(2) 
PARAMETRIC_REPRESENTATION_CONTEXT() REPRESENTATION_CONTEXT('2D SPACE',''
  ) );
#355 = PCURVE('',#356,#361);
#356 = CONICAL_SURFACE('',#357,1.2,0.785398163397);
#357 = AXIS2_PLACEMENT_3D('',#358,#359,#360);
#358 = CARTESIAN_POINT('',(-10.25,-17.55,31.2));
#359 = DIRECTION('',(0.,-1.,2.22044604925E-16));
#360 = DIRECTION('',(1.,0.,0.));
#361 = DEFINITIONAL_REPRESENTATION('',(#362),#366);
#362 = LINE('',#363,#364);
#363 = CARTESIAN_POINT('',(0.,1.05));
#364 = VECTOR('',#365,1.);
#365 = DIRECTION('',(1.,0.));
#366 = ( GEOMETRIC_REPRESENTATION_CONTEXT(2) 
PARAMETRIC_REPRESENTATION_CONTEXT() REPRESENTATION_CONTEXT('2D SPACE',''
  ) );
#367 = ORIENTED_EDGE('',*,*,#368,.T.);
#368 = EDGE_CURVE('',#336,#369,#371,.T.);
#369 = VERTEX_POINT('',#370);
#370 = CARTESIAN_POINT('',(8.488608504619,-18.6,32.6));
#371 = SURFACE_CURVE('',#372,(#376,#383),.PCURVE_S1.);
#372 = LINE('',#373,#374);
#373 = CARTESIAN_POINT('',(-12.85,-18.6,32.6));
#374 = VECTOR('',#375,1.);
#375 = DIRECTION('',(1.,0.,0.));
#376 = PCURVE('',#44,#377);
#377 = DEFINITIONAL_REPRESENTATION('',(#378),#382);
#378 = LINE('',#379,#380);
#379 = CARTESIAN_POINT('',(9.9,3.15));
#380 = VECTOR('',#381,1.);
#381 = DIRECTION('',(0.,1.));
#382 = ( GEOMETRIC_REPRESENTATION_CONTEXT(2) 
PARAMETRIC_REPRESENTATION_CONTEXT() REPRESENTATION_CONTEXT('2D SPACE',''
  ) );
#383 = PCURVE('',#384,#389);
#384 = PLANE('',#385);
#385 = AXIS2_PLACEMENT_3D('',#386,#387,#388);
#386 = CARTESIAN_POINT('',(-9.7,-19.6,32.6));
#387 = DIRECTION('',(0.,0.,1.));
#388 = DIRECTION('',(1.,0.,0.));
#389 = DEFINITIONAL_REPRESENTATION('',(#390),#393);
#390 = B_SPLINE_CURVE_WITH_KNOTS('',1,(#391,#392),.UNSPECIFIED.,.F.,.F.,
  (2,2),(3.15,22.55),.PIECEWISE_BEZIER_KNOTS.);
#391 = CARTESIAN_POINT('',(0.,1.));
#392 = CARTESIAN_POINT('',(19.4,1.));
#393 = ( GEOMETRIC_REPRESENTATION_CONTEXT(2) 
PARAMETRIC_REPRESENTATION_CONTEXT() REPRESENTATION_CONTEXT('2D SPACE',''
  ) );
#394 = ORIENTED_EDGE('',*,*,#395,.T.);
#395 = EDGE_CURVE('',#369,#396,#398,.T.);
#396 = VERTEX_POINT('',#397);
#397 = CARTESIAN_POINT('',(12.5,-18.6,31.2));
#398 = SURFACE_CURVE('',#399,(#404,#415),.PCURVE_S1.);
#399 = CIRCLE('',#400,2.25);
#400 = AXIS2_PLACEMENT_3D('',#401,#402,#403);
#401 = CARTESIAN_POINT('',(10.25,-18.6,31.2));
#402 = DIRECTION('',(0.,-1.,2.22044604925E-16));
#403 = DIRECTION('',(1.,0.,0.));
#404 = PCURVE('',#44,#405);
#405 = DEFINITIONAL_REPRESENTATION('',(#406),#414);
#406 = ( BOUNDED_CURVE() B_SPLINE_CURVE(2,(#407,#408,#409,#410,#411,#412
,#413),.UNSPECIFIED.,.T.,.F.) B_SPLINE_CURVE_WITH_KNOTS((1,2,2,2,2,1),(
    -2.094395102393,0.,2.094395102393,4.188790204786,6.28318530718,
8.377580409573),.UNSPECIFIED.) CURVE() GEOMETRIC_REPRESENTATION_ITEM() 
RATIONAL_B_SPLINE_CURVE((1.,0.5,1.,0.5,1.,0.5,1.)) REPRESENTATION_ITEM(
  '') );
#407 = CARTESIAN_POINT('',(8.5,28.5));
#408 = CARTESIAN_POINT('',(12.39711431703,28.5));
#409 = CARTESIAN_POINT('',(10.448557158515,25.125));
#410 = CARTESIAN_POINT('',(8.5,21.75));
#411 = CARTESIAN_POINT('',(6.551442841485,25.125));
#412 = CARTESIAN_POINT('',(4.60288568297,28.5));
#413 = CARTESIAN_POINT('',(8.5,28.5));
#414 = ( GEOMETRIC_REPRESENTATION_CONTEXT(2) 
PARAMETRIC_REPRESENTATION_CONTEXT() REPRESENTATION_CONTEXT('2D SPACE',''
  ) );
#415 = PCURVE('',#416,#421);
#416 = CONICAL_SURFACE('',#417,1.2,0.785398163397);
#417 = AXIS2_PLACEMENT_3D('',#418,#419,#420);
#418 = CARTESIAN_POINT('',(10.25,-17.55,31.2));
#419 = DIRECTION('',(0.,-1.,2.22044604925E-16));
#420 = DIRECTION('',(1.,0.,0.));
#421 = DEFINITIONAL_REPRESENTATION('',(#422),#426);
#422 = LINE('',#423,#424);
#423 = CARTESIAN_POINT('',(0.,1.05));
#424 = VECTOR('',#425,1.);
#425 = DIRECTION('',(1.,0.));
#426 = ( GEOMETRIC_REPRESENTATION_CONTEXT(2) 
PARAMETRIC_REPRESENTATION_CONTEXT() REPRESENTATION_CONTEXT('2D SPACE',''
  ) );
#427 = ORIENTED_EDGE('',*,*,#428,.T.);
#428 = EDGE_CURVE('',#396,#429,#431,.T.);
#429 = VERTEX_POINT('',#430);
#430 = CARTESIAN_POINT('',(9.7,-18.6,33.381742422927));
#431 = SURFACE_CURVE('',#432,(#437,#448),.PCURVE_S1.);
#432 = CIRCLE('',#433,2.25);
#433 = AXIS2_PLACEMENT_3D('',#434,#435,#436);
#434 = CARTESIAN_POINT('',(10.25,-18.6,31.2));
#435 = DIRECTION('',(0.,-1.,2.22044604925E-16));
#436 = DIRECTION('',(1.,0.,0.));
#437 = PCURVE('',#44,#438);
#438 = DEFINITIONAL_REPRESENTATION('',(#439),#447);
#439 = ( BOUNDED_CURVE() B_SPLINE_CURVE(2,(#440,#441,#442,#443,#444,#445
,#446),.UNSPECIFIED.,.T.,.F.) B_SPLINE_CURVE_WITH_KNOTS((1,2,2,2,2,1),(
    -2.094395102393,0.,2.094395102393,4.188790204786,6.28318530718,
8.377580409573),.UNSPECIFIED.) CURVE() GEOMETRIC_REPRESENTATION_ITEM() 
RATIONAL_B_SPLINE_CURVE((1.,0.5,1.,0.5,1.,0.5,1.)) REPRESENTATION_ITEM(
  '') );
#440 = CARTESIAN_POINT('',(8.5,28.5));
#441 = CARTESIAN_POINT('',(12.39711431703,28.5));
#442 = CARTESIAN_POINT('',(10.448557158515,25.125));
#443 = CARTESIAN_POINT('',(8.5,21.75));
#444 = CARTESIAN_POINT('',(6.551442841485,25.125));
#445 = CARTESIAN_POINT('',(4.60288568297,28.5));
#446 = CARTESIAN_POINT('',(8.5,28.5));
#447 = ( GEOMETRIC_REPRESENTATION_CONTEXT(2) 
PARAMETRIC_REPRESENTATION_CONTEXT() REPRESENTATION_CONTEXT('2D SPACE',''
  ) );
#448 = PCURVE('',#416,#449);
#449 = DEFINITIONAL_REPRESENTATION('',(#450),#454);
#450 = LINE('',#451,#452);
#451 = CARTESIAN_POINT('',(0.,1.05));
#452 = VECTOR('',#453,1.);
#453 = DIRECTION('',(1.,0.));
#454 = ( GEOMETRIC_REPRESENTATION_CONTEXT(2) 
PARAMETRIC_REPRESENTATION_CONTEXT() REPRESENTATION_CONTEXT('2D SPACE',''
  ) );
#455 = ORIENTED_EDGE('',*,*,#456,.F.);
#456 = EDGE_CURVE('',#457,#429,#459,.T.);
#457 = VERTEX_POINT('',#458);
#458 = CARTESIAN_POINT('',(9.7,-18.6,53.518257577073));
#459 = SURFACE_CURVE('',#460,(#464,#471),.PCURVE_S1.);
#460 = LINE('',#461,#462);
#461 = CARTESIAN_POINT('',(9.7,-18.6,27.7));
#462 = VECTOR('',#463,1.);
#463 = DIRECTION('',(0.,0.,-1.));
#464 = PCURVE('',#44,#465);
#465 = DEFINITIONAL_REPRESENTATION('',(#466),#470);
#466 = LINE('',#467,#468);
#467 = CARTESIAN_POINT('',(5.,25.7));
#468 = VECTOR('',#469,1.);
#469 = DIRECTION('',(-1.,0.));
#470 = ( GEOMETRIC_REPRESENTATION_CONTEXT(2) 
PARAMETRIC_REPRESENTATION_CONTEXT() REPRESENTATION_CONTEXT('2D SPACE',''
  ) );
#471 = PCURVE('',#472,#477);
#472 = PLANE('',#473);
#473 = AXIS2_PLACEMENT_3D('',#474,#475,#476);
#474 = CARTESIAN_POINT('',(9.7,-19.6,32.6));
#475 = DIRECTION('',(1.,0.,0.));
#476 = DIRECTION('',(0.,0.,1.));
#477 = DEFINITIONAL_REPRESENTATION('',(#478),#481);
#478 = B_SPLINE_CURVE_WITH_KNOTS('',1,(#479,#480),.UNSPECIFIED.,.F.,.F.,
  (2,2),(-26.25,-4.9),.PIECEWISE_BEZIER_KNOTS.);
#479 = CARTESIAN_POINT('',(21.35,-1.));
#480 = CARTESIAN_POINT('',(0.,-1.));
#481 = ( GEOMETRIC_REPRESENTATION_CONTEXT(2) 
PARAMETRIC_REPRESENTATION_CONTEXT() REPRESENTATION_CONTEXT('2D SPACE',''
  ) );
#482 = ORIENTED_EDGE('',*,*,#483,.F.);
#483 = EDGE_CURVE('',#484,#457,#486,.T.);
#484 = VERTEX_POINT('',#485);
#485 = CARTESIAN_POINT('',(10.361657596429,-18.6,57.947227754626));
#486 = SURFACE_CURVE('',#487,(#492,#499),.PCURVE_S1.);
#487 = CIRCLE('',#488,2.25);
#488 = AXIS2_PLACEMENT_3D('',#489,#490,#491);
#489 = CARTESIAN_POINT('',(10.25,-18.6,55.7));
#490 = DIRECTION('',(0.,1.,1.580931737554E-15));
#491 = DIRECTION('',(4.96255984127E-02,-1.578983857245E-15,
    0.998767890945));
#492 = PCURVE('',#44,#493);
#493 = DEFINITIONAL_REPRESENTATION('',(#494),#498);
#494 = CIRCLE('',#495,2.25);
#495 = AXIS2_PLACEMENT_2D('',#496,#497);
#496 = CARTESIAN_POINT('',(33.,26.25));
#497 = DIRECTION('',(0.998767890945,4.96255984127E-02));
#498 = ( GEOMETRIC_REPRESENTATION_CONTEXT(2) 
PARAMETRIC_REPRESENTATION_CONTEXT() REPRESENTATION_CONTEXT('2D SPACE',''
  ) );
#499 = PCURVE('',#500,#505);
#500 = CONICAL_SURFACE('',#501,1.2,0.785398163397);
#501 = AXIS2_PLACEMENT_3D('',#502,#503,#504);
#502 = CARTESIAN_POINT('',(10.25,-17.55,55.7));
#503 = DIRECTION('',(0.,-1.,2.22044604925E-16));
#504 = DIRECTION('',(1.,0.,0.));
#505 = DEFINITIONAL_REPRESENTATION('',(#506),#510);
#506 = LINE('',#507,#508);
#507 = CARTESIAN_POINT('',(7.804335644129,1.05));
#508 = VECTOR('',#509,1.);
#509 = DIRECTION('',(-1.,-0.));
#510 = ( GEOMETRIC_REPRESENTATION_CONTEXT(2) 
PARAMETRIC_REPRESENTATION_CONTEXT() REPRESENTATION_CONTEXT('2D SPACE',''
  ) );
#511 = ORIENTED_EDGE('',*,*,#512,.F.);
#512 = EDGE_CURVE('',#513,#484,#515,.T.);
#513 = VERTEX_POINT('',#514);
#514 = CARTESIAN_POINT('',(-10.36165759642,-18.6,57.947227754626));
#515 = SURFACE_CURVE('',#516,(#521,#528),.PCURVE_S1.);
#516 = CIRCLE('',#517,12.);
#517 = AXIS2_PLACEMENT_3D('',#518,#519,#520);
#518 = CARTESIAN_POINT('',(0.,-18.6,64.));
#519 = DIRECTION('',(-1.408316907309E-17,1.,-3.443151092532E-16));
#520 = DIRECTION('',(-0.54643732486,-2.960594732334E-16,-0.8375));
#521 = PCURVE('',#44,#522);
#522 = DEFINITIONAL_REPRESENTATION('',(#523),#527);
#523 = CIRCLE('',#524,12.);
#524 = AXIS2_PLACEMENT_2D('',#525,#526);
#525 = CARTESIAN_POINT('',(41.3,16.));
#526 = DIRECTION('',(-0.8375,-0.54643732486));
#527 = ( GEOMETRIC_REPRESENTATION_CONTEXT(2) 
PARAMETRIC_REPRESENTATION_CONTEXT() REPRESENTATION_CONTEXT('2D SPACE',''
  ) );
#528 = PCURVE('',#529,#534);
#529 = CYLINDRICAL_SURFACE('',#530,12.);
#530 = AXIS2_PLACEMENT_3D('',#531,#532,#533);
#531 = CARTESIAN_POINT('',(0.,-15.1,64.));
#532 = DIRECTION('',(0.,-1.,2.22044604925E-16));
#533 = DIRECTION('',(1.,0.,0.));
#534 = DEFINITIONAL_REPRESENTATION('',(#535),#539);
#535 = LINE('',#536,#537);
#536 = CARTESIAN_POINT('',(10.417469922998,3.5));
#537 = VECTOR('',#538,1.);
#538 = DIRECTION('',(-1.,-0.));
#539 = ( GEOMETRIC_REPRESENTATION_CONTEXT(2) 
PARAMETRIC_REPRESENTATION_CONTEXT() REPRESENTATION_CONTEXT('2D SPACE',''
  ) );
#540 = ORIENTED_EDGE('',*,*,#541,.T.);
#541 = EDGE_CURVE('',#513,#542,#544,.T.);
#542 = VERTEX_POINT('',#543);
#543 = CARTESIAN_POINT('',(-9.7,-18.6,53.518257577073));
#544 = SURFACE_CURVE('',#545,(#550,#561),.PCURVE_S1.);
#545 = CIRCLE('',#546,2.25);
#546 = AXIS2_PLACEMENT_3D('',#547,#548,#549);
#547 = CARTESIAN_POINT('',(-10.25,-18.6,55.7));
#548 = DIRECTION('',(0.,-1.,2.22044604925E-16));
#549 = DIRECTION('',(1.,0.,0.));
#550 = PCURVE('',#44,#551);
#551 = DEFINITIONAL_REPRESENTATION('',(#552),#560);
#552 = ( BOUNDED_CURVE() B_SPLINE_CURVE(2,(#553,#554,#555,#556,#557,#558
,#559),.UNSPECIFIED.,.T.,.F.) B_SPLINE_CURVE_WITH_KNOTS((1,2,2,2,2,1),(
    -2.094395102393,0.,2.094395102393,4.188790204786,6.28318530718,
8.377580409573),.UNSPECIFIED.) CURVE() GEOMETRIC_REPRESENTATION_ITEM() 
RATIONAL_B_SPLINE_CURVE((1.,0.5,1.,0.5,1.,0.5,1.)) REPRESENTATION_ITEM(
  '') );
#553 = CARTESIAN_POINT('',(33.,8.));
#554 = CARTESIAN_POINT('',(36.89711431703,8.));
#555 = CARTESIAN_POINT('',(34.948557158515,4.625));
#556 = CARTESIAN_POINT('',(33.,1.25));
#557 = CARTESIAN_POINT('',(31.051442841485,4.625));
#558 = CARTESIAN_POINT('',(29.10288568297,8.));
#559 = CARTESIAN_POINT('',(33.,8.));
#560 = ( GEOMETRIC_REPRESENTATION_CONTEXT(2) 
PARAMETRIC_REPRESENTATION_CONTEXT() REPRESENTATION_CONTEXT('2D SPACE',''
  ) );
#561 = PCURVE('',#562,#567);
#562 = CONICAL_SURFACE('',#563,1.2,0.785398163397);
#563 = AXIS2_PLACEMENT_3D('',#564,#565,#566);
#564 = CARTESIAN_POINT('',(-10.25,-17.55,55.7));
#565 = DIRECTION('',(0.,-1.,2.22044604925E-16));
#566 = DIRECTION('',(1.,0.,0.));
#567 = DEFINITIONAL_REPRESENTATION('',(#568),#571);
#568 = B_SPLINE_CURVE_WITH_KNOTS('',1,(#569,#570),.UNSPECIFIED.,.F.,.F.,
  (2,2),(1.620442316641,4.959335694945),.PIECEWISE_BEZIER_KNOTS.);
#569 = CARTESIAN_POINT('',(1.620442316641,1.05));
#570 = CARTESIAN_POINT('',(4.959335694945,1.05));
#571 = ( GEOMETRIC_REPRESENTATION_CONTEXT(2) 
PARAMETRIC_REPRESENTATION_CONTEXT() REPRESENTATION_CONTEXT('2D SPACE',''
  ) );
#572 = ORIENTED_EDGE('',*,*,#573,.T.);
#573 = EDGE_CURVE('',#542,#574,#576,.T.);
#574 = VERTEX_POINT('',#575);
#575 = CARTESIAN_POINT('',(-9.7,-18.6,33.381742422927));
#576 = SURFACE_CURVE('',#577,(#581,#588),.PCURVE_S1.);
#577 = LINE('',#578,#579);
#578 = CARTESIAN_POINT('',(-9.7,-18.6,27.7));
#579 = VECTOR('',#580,1.);
#580 = DIRECTION('',(0.,0.,-1.));
#581 = PCURVE('',#44,#582);
#582 = DEFINITIONAL_REPRESENTATION('',(#583),#587);
#583 = LINE('',#584,#585);
#584 = CARTESIAN_POINT('',(5.,6.3));
#585 = VECTOR('',#586,1.);
#586 = DIRECTION('',(-1.,0.));
#587 = ( GEOMETRIC_REPRESENTATION_CONTEXT(2) 
PARAMETRIC_REPRESENTATION_CONTEXT() REPRESENTATION_CONTEXT('2D SPACE',''
  ) );
#588 = PCURVE('',#589,#594);
#589 = PLANE('',#590);
#590 = AXIS2_PLACEMENT_3D('',#591,#592,#593);
#591 = CARTESIAN_POINT('',(-9.7,-19.6,32.6));
#592 = DIRECTION('',(1.,0.,0.));
#593 = DIRECTION('',(0.,0.,1.));
#594 = DEFINITIONAL_REPRESENTATION('',(#595),#598);
#595 = B_SPLINE_CURVE_WITH_KNOTS('',1,(#596,#597),.UNSPECIFIED.,.F.,.F.,
  (2,2),(-26.25,-4.9),.PIECEWISE_BEZIER_KNOTS.);
#596 = CARTESIAN_POINT('',(21.35,-1.));
#597 = CARTESIAN_POINT('',(0.,-1.));
#598 = ( GEOMETRIC_REPRESENTATION_CONTEXT(2) 
PARAMETRIC_REPRESENTATION_CONTEXT() REPRESENTATION_CONTEXT('2D SPACE',''
  ) );
#599 = ORIENTED_EDGE('',*,*,#600,.T.);
#600 = EDGE_CURVE('',#574,#334,#601,.T.);
#601 = SURFACE_CURVE('',#602,(#607,#618),.PCURVE_S1.);
#602 = CIRCLE('',#603,2.25);
#603 = AXIS2_PLACEMENT_3D('',#604,#605,#606);
#604 = CARTESIAN_POINT('',(-10.25,-18.6,31.2));
#605 = DIRECTION('',(0.,-1.,2.22044604925E-16));
#606 = DIRECTION('',(1.,0.,0.));
#607 = PCURVE('',#44,#608);
#608 = DEFINITIONAL_REPRESENTATION('',(#609),#617);
#609 = ( BOUNDED_CURVE() B_SPLINE_CURVE(2,(#610,#611,#612,#613,#614,#615
,#616),.UNSPECIFIED.,.T.,.F.) B_SPLINE_CURVE_WITH_KNOTS((1,2,2,2,2,1),(
    -2.094395102393,0.,2.094395102393,4.188790204786,6.28318530718,
8.377580409573),.UNSPECIFIED.) CURVE() GEOMETRIC_REPRESENTATION_ITEM() 
RATIONAL_B_SPLINE_CURVE((1.,0.5,1.,0.5,1.,0.5,1.)) REPRESENTATION_ITEM(
  '') );
#610 = CARTESIAN_POINT('',(8.5,8.));
#611 = CARTESIAN_POINT('',(12.39711431703,8.));
#612 = CARTESIAN_POINT('',(10.448557158515,4.625));
#613 = CARTESIAN_POINT('',(8.5,1.25));
#614 = CARTESIAN_POINT('',(6.551442841485,4.625));
#615 = CARTESIAN_POINT('',(4.60288568297,8.));
#616 = CARTESIAN_POINT('',(8.5,8.));
#617 = ( GEOMETRIC_REPRESENTATION_CONTEXT(2) 
PARAMETRIC_REPRESENTATION_CONTEXT() REPRESENTATION_CONTEXT('2D SPACE',''
  ) );
#618 = PCURVE('',#356,#619);
#619 = DEFINITIONAL_REPRESENTATION('',(#620),#624);
#620 = LINE('',#621,#622);
#621 = CARTESIAN_POINT('',(0.,1.05));
#622 = VECTOR('',#623,1.);
#623 = DIRECTION('',(1.,0.));
#624 = ( GEOMETRIC_REPRESENTATION_CONTEXT(2) 
PARAMETRIC_REPRESENTATION_CONTEXT() REPRESENTATION_CONTEXT('2D SPACE',''
  ) );
#625 = ADVANCED_FACE('',(#626),#238,.T.);
#626 = FACE_BOUND('',#627,.T.);
#627 = EDGE_LOOP('',(#628,#629,#651,#677));
#628 = ORIENTED_EDGE('',*,*,#305,.F.);
#629 = ORIENTED_EDGE('',*,*,#630,.T.);
#630 = EDGE_CURVE('',#256,#631,#633,.T.);
#631 = VERTEX_POINT('',#632);
#632 = CARTESIAN_POINT('',(16.,-16.1,64.));
#633 = SURFACE_CURVE('',#634,(#638,#644),.PCURVE_S1.);
#634 = LINE('',#635,#636);
#635 = CARTESIAN_POINT('',(16.,-18.6,64.));
#636 = VECTOR('',#637,1.);
#637 = DIRECTION('',(0.,1.,0.));
#638 = PCURVE('',#238,#639);
#639 = DEFINITIONAL_REPRESENTATION('',(#640),#643);
#640 = B_SPLINE_CURVE_WITH_KNOTS('',1,(#641,#642),.UNSPECIFIED.,.F.,.F.,
  (2,2),(0.,2.5),.PIECEWISE_BEZIER_KNOTS.);
#641 = CARTESIAN_POINT('',(0.,2.5));
#642 = CARTESIAN_POINT('',(0.,0.));
#643 = ( GEOMETRIC_REPRESENTATION_CONTEXT(2) 
PARAMETRIC_REPRESENTATION_CONTEXT() REPRESENTATION_CONTEXT('2D SPACE',''
  ) );
#644 = PCURVE('',#271,#645);
#645 = DEFINITIONAL_REPRESENTATION('',(#646),#650);
#646 = LINE('',#647,#648);
#647 = CARTESIAN_POINT('',(41.3,0.));
#648 = VECTOR('',#649,1.);
#649 = DIRECTION('',(0.,-1.));
#650 = ( GEOMETRIC_REPRESENTATION_CONTEXT(2) 
PARAMETRIC_REPRESENTATION_CONTEXT() REPRESENTATION_CONTEXT('2D SPACE',''
  ) );
#651 = ORIENTED_EDGE('',*,*,#652,.T.);
#652 = EDGE_CURVE('',#631,#197,#653,.T.);
#653 = SURFACE_CURVE('',#654,(#659,#666),.PCURVE_S1.);
#654 = CIRCLE('',#655,16.);
#655 = AXIS2_PLACEMENT_3D('',#656,#657,#658);
#656 = CARTESIAN_POINT('',(0.,-16.1,64.));
#657 = DIRECTION('',(0.,-1.,2.22044604925E-16));
#658 = DIRECTION('',(1.,0.,0.));
#659 = PCURVE('',#238,#660);
#660 = DEFINITIONAL_REPRESENTATION('',(#661),#665);
#661 = LINE('',#662,#663);
#662 = CARTESIAN_POINT('',(0.,0.));
#663 = VECTOR('',#664,1.);
#664 = DIRECTION('',(1.,0.));
#665 = ( GEOMETRIC_REPRESENTATION_CONTEXT(2) 
PARAMETRIC_REPRESENTATION_CONTEXT() REPRESENTATION_CONTEXT('2D SPACE',''
  ) );
#666 = PCURVE('',#212,#667);
#667 = DEFINITIONAL_REPRESENTATION('',(#668),#676);
#668 = ( BOUNDED_CURVE() B_SPLINE_CURVE(2,(#669,#670,#671,#672,#673,#674
,#675),.UNSPECIFIED.,.T.,.F.) B_SPLINE_CURVE_WITH_KNOTS((1,2,2,2,2,1),(
    -2.094395102393,0.,2.094395102393,4.188790204786,6.28318530718,
8.377580409573),.UNSPECIFIED.) CURVE() GEOMETRIC_REPRESENTATION_ITEM() 
RATIONAL_B_SPLINE_CURVE((1.,0.5,1.,0.5,1.,0.5,1.)) REPRESENTATION_ITEM(
  '') );
#669 = CARTESIAN_POINT('',(41.2,32.));
#670 = CARTESIAN_POINT('',(68.912812921102,32.));
#671 = CARTESIAN_POINT('',(55.056406460551,8.));
#672 = CARTESIAN_POINT('',(41.2,-16.));
#673 = CARTESIAN_POINT('',(27.343593539449,8.));
#674 = CARTESIAN_POINT('',(13.487187078898,32.));
#675 = CARTESIAN_POINT('',(41.2,32.));
#676 = ( GEOMETRIC_REPRESENTATION_CONTEXT(2) 
PARAMETRIC_REPRESENTATION_CONTEXT() REPRESENTATION_CONTEXT('2D SPACE',''
  ) );
#677 = ORIENTED_EDGE('',*,*,#224,.F.);
#678 = ADVANCED_FACE('',(#679,#725,#760,#1037),#212,.T.);
#679 = FACE_BOUND('',#680,.T.);
#680 = EDGE_LOOP('',(#681,#704,#723,#724));
#681 = ORIENTED_EDGE('',*,*,#682,.F.);
#682 = EDGE_CURVE('',#683,#631,#685,.T.);
#683 = VERTEX_POINT('',#684);
#684 = CARTESIAN_POINT('',(16.,-16.1,28.));
#685 = SURFACE_CURVE('',#686,(#690,#697),.PCURVE_S1.);
#686 = LINE('',#687,#688);
#687 = CARTESIAN_POINT('',(16.,-16.1,22.8));
#688 = VECTOR('',#689,1.);
#689 = DIRECTION('',(0.,0.,1.));
#690 = PCURVE('',#212,#691);
#691 = DEFINITIONAL_REPRESENTATION('',(#692),#696);
#692 = LINE('',#693,#694);
#693 = CARTESIAN_POINT('',(0.,32.));
#694 = VECTOR('',#695,1.);
#695 = DIRECTION('',(1.,0.));
#696 = ( GEOMETRIC_REPRESENTATION_CONTEXT(2) 
PARAMETRIC_REPRESENTATION_CONTEXT() REPRESENTATION_CONTEXT('2D SPACE',''
  ) );
#697 = PCURVE('',#271,#698);
#698 = DEFINITIONAL_REPRESENTATION('',(#699),#703);
#699 = LINE('',#700,#701);
#700 = CARTESIAN_POINT('',(9.999999999999E-02,-2.5));
#701 = VECTOR('',#702,1.);
#702 = DIRECTION('',(1.,0.));
#703 = ( GEOMETRIC_REPRESENTATION_CONTEXT(2) 
PARAMETRIC_REPRESENTATION_CONTEXT() REPRESENTATION_CONTEXT('2D SPACE',''
  ) );
#704 = ORIENTED_EDGE('',*,*,#705,.T.);
#705 = EDGE_CURVE('',#683,#169,#706,.T.);
#706 = SURFACE_CURVE('',#707,(#711,#717),.PCURVE_S1.);
#707 = LINE('',#708,#709);
#708 = CARTESIAN_POINT('',(-16.,-16.1,28.));
#709 = VECTOR('',#710,1.);
#710 = DIRECTION('',(-1.,0.,0.));
#711 = PCURVE('',#212,#712);
#712 = DEFINITIONAL_REPRESENTATION('',(#713),#716);
#713 = B_SPLINE_CURVE_WITH_KNOTS('',1,(#714,#715),.UNSPECIFIED.,.F.,.F.,
  (2,2),(-32.,0.),.PIECEWISE_BEZIER_KNOTS.);
#714 = CARTESIAN_POINT('',(5.2,32.));
#715 = CARTESIAN_POINT('',(5.2,0.));
#716 = ( GEOMETRIC_REPRESENTATION_CONTEXT(2) 
PARAMETRIC_REPRESENTATION_CONTEXT() REPRESENTATION_CONTEXT('2D SPACE',''
  ) );
#717 = PCURVE('',#184,#718);
#718 = DEFINITIONAL_REPRESENTATION('',(#719),#722);
#719 = B_SPLINE_CURVE_WITH_KNOTS('',1,(#720,#721),.UNSPECIFIED.,.F.,.F.,
  (2,2),(-32.,0.),.PIECEWISE_BEZIER_KNOTS.);
#720 = CARTESIAN_POINT('',(32.,2.5));
#721 = CARTESIAN_POINT('',(0.,2.5));
#722 = ( GEOMETRIC_REPRESENTATION_CONTEXT(2) 
PARAMETRIC_REPRESENTATION_CONTEXT() REPRESENTATION_CONTEXT('2D SPACE',''
  ) );
#723 = ORIENTED_EDGE('',*,*,#196,.T.);
#724 = ORIENTED_EDGE('',*,*,#652,.F.);
#725 = FACE_BOUND('',#726,.T.);
#726 = EDGE_LOOP('',(#727));
#727 = ORIENTED_EDGE('',*,*,#728,.T.);
#728 = EDGE_CURVE('',#729,#729,#731,.T.);
#729 = VERTEX_POINT('',#730);
#730 = CARTESIAN_POINT('',(-9.05,-16.1,31.2));
#731 = SURFACE_CURVE('',#732,(#737,#748),.PCURVE_S1.);
#732 = CIRCLE('',#733,1.2);
#733 = AXIS2_PLACEMENT_3D('',#734,#735,#736);
#734 = CARTESIAN_POINT('',(-10.25,-16.1,31.2));
#735 = DIRECTION('',(0.,-1.,2.22044604925E-16));
#736 = DIRECTION('',(1.,0.,0.));
#737 = PCURVE('',#212,#738);
#738 = DEFINITIONAL_REPRESENTATION('',(#739),#747);
#739 = ( BOUNDED_CURVE() B_SPLINE_CURVE(2,(#740,#741,#742,#743,#744,#745
,#746),.UNSPECIFIED.,.T.,.F.) B_SPLINE_CURVE_WITH_KNOTS((1,2,2,2,2,1),(
    -2.094395102393,0.,2.094395102393,4.188790204786,6.28318530718,
8.377580409573),.UNSPECIFIED.) CURVE() GEOMETRIC_REPRESENTATION_ITEM() 
RATIONAL_B_SPLINE_CURVE((1.,0.5,1.,0.5,1.,0.5,1.)) REPRESENTATION_ITEM(
  '') );
#740 = CARTESIAN_POINT('',(8.4,6.95));
#741 = CARTESIAN_POINT('',(10.478460969083,6.95));
#742 = CARTESIAN_POINT('',(9.439230484541,5.15));
#743 = CARTESIAN_POINT('',(8.4,3.35));
#744 = CARTESIAN_POINT('',(7.360769515459,5.15));
#745 = CARTESIAN_POINT('',(6.321539030917,6.95));
#746 = CARTESIAN_POINT('',(8.4,6.95));
#747 = ( GEOMETRIC_REPRESENTATION_CONTEXT(2) 
PARAMETRIC_REPRESENTATION_CONTEXT() REPRESENTATION_CONTEXT('2D SPACE',''
  ) );
#748 = PCURVE('',#749,#754);
#749 = CYLINDRICAL_SURFACE('',#750,1.2);
#750 = AXIS2_PLACEMENT_3D('',#751,#752,#753);
#751 = CARTESIAN_POINT('',(-10.25,-6.6,31.2));
#752 = DIRECTION('',(0.,-1.,2.22044604925E-16));
#753 = DIRECTION('',(1.,0.,0.));
#754 = DEFINITIONAL_REPRESENTATION('',(#755),#759);
#755 = LINE('',#756,#757);
#756 = CARTESIAN_POINT('',(0.,9.5));
#757 = VECTOR('',#758,1.);
#758 = DIRECTION('',(1.,0.));
#759 = ( GEOMETRIC_REPRESENTATION_CONTEXT(2) 
PARAMETRIC_REPRESENTATION_CONTEXT() REPRESENTATION_CONTEXT('2D SPACE',''
  ) );
#760 = FACE_BOUND('',#761,.T.);
#761 = EDGE_LOOP('',(#762,#790,#823,#856,#884,#917,#950,#976,#997,#1018)
  );
#762 = ORIENTED_EDGE('',*,*,#763,.F.);
#763 = EDGE_CURVE('',#764,#766,#768,.T.);
#764 = VERTEX_POINT('',#765);
#765 = CARTESIAN_POINT('',(6.557247898318,-16.1,53.95));
#766 = VERTEX_POINT('',#767);
#767 = CARTESIAN_POINT('',(9.7,-16.1,53.95));
#768 = SURFACE_CURVE('',#769,(#773,#779),.PCURVE_S1.);
#769 = LINE('',#770,#771);
#770 = CARTESIAN_POINT('',(-12.85,-16.1,53.95));
#771 = VECTOR('',#772,1.);
#772 = DIRECTION('',(1.,0.,0.));
#773 = PCURVE('',#212,#774);
#774 = DEFINITIONAL_REPRESENTATION('',(#775),#778);
#775 = B_SPLINE_CURVE_WITH_KNOTS('',1,(#776,#777),.UNSPECIFIED.,.F.,.F.,
  (2,2),(3.15,22.55),.PIECEWISE_BEZIER_KNOTS.);
#776 = CARTESIAN_POINT('',(31.15,6.3));
#777 = CARTESIAN_POINT('',(31.15,25.7));
#778 = ( GEOMETRIC_REPRESENTATION_CONTEXT(2) 
PARAMETRIC_REPRESENTATION_CONTEXT() REPRESENTATION_CONTEXT('2D SPACE',''
  ) );
#779 = PCURVE('',#780,#785);
#780 = PLANE('',#781);
#781 = AXIS2_PLACEMENT_3D('',#782,#783,#784);
#782 = CARTESIAN_POINT('',(-9.7,-19.6,53.95));
#783 = DIRECTION('',(0.,0.,1.));
#784 = DIRECTION('',(1.,0.,0.));
#785 = DEFINITIONAL_REPRESENTATION('',(#786),#789);
#786 = B_SPLINE_CURVE_WITH_KNOTS('',1,(#787,#788),.UNSPECIFIED.,.F.,.F.,
  (2,2),(3.15,22.55),.PIECEWISE_BEZIER_KNOTS.);
#787 = CARTESIAN_POINT('',(0.,3.5));
#788 = CARTESIAN_POINT('',(19.4,3.5));
#789 = ( GEOMETRIC_REPRESENTATION_CONTEXT(2) 
PARAMETRIC_REPRESENTATION_CONTEXT() REPRESENTATION_CONTEXT('2D SPACE',''
  ) );
#790 = ORIENTED_EDGE('',*,*,#791,.T.);
#791 = EDGE_CURVE('',#764,#792,#794,.T.);
#792 = VERTEX_POINT('',#793);
#793 = CARTESIAN_POINT('',(9.228270707642,-16.1,56.329340331727));
#794 = SURFACE_CURVE('',#795,(#800,#811),.PCURVE_S1.);
#795 = CIRCLE('',#796,12.);
#796 = AXIS2_PLACEMENT_3D('',#797,#798,#799);
#797 = CARTESIAN_POINT('',(0.,-16.1,64.));
#798 = DIRECTION('',(0.,-1.,3.535038486369E-16));
#799 = DIRECTION('',(0.54643732486,-2.960594732334E-16,-0.8375));
#800 = PCURVE('',#212,#801);
#801 = DEFINITIONAL_REPRESENTATION('',(#802),#810);
#802 = ( BOUNDED_CURVE() B_SPLINE_CURVE(2,(#803,#804,#805,#806,#807,#808
,#809),.UNSPECIFIED.,.T.,.F.) B_SPLINE_CURVE_WITH_KNOTS((1,2,2,2,2,1),(
    -2.094395102393,0.,2.094395102393,4.188790204786,6.28318530718,
8.377580409573),.UNSPECIFIED.) CURVE() GEOMETRIC_REPRESENTATION_ITEM() 
RATIONAL_B_SPLINE_CURVE((1.,0.5,1.,0.5,1.,0.5,1.)) REPRESENTATION_ITEM(
  '') );
#803 = CARTESIAN_POINT('',(31.15,22.557247898318));
#804 = CARTESIAN_POINT('',(42.507486517712,39.964358514386));
#805 = CARTESIAN_POINT('',(51.903743258856,21.424931358874));
#806 = CARTESIAN_POINT('',(61.3,2.885504203363));
#807 = CARTESIAN_POINT('',(40.546256741144,4.017820742807));
#808 = CARTESIAN_POINT('',(19.792513482288,5.150137282251));
#809 = CARTESIAN_POINT('',(31.15,22.557247898318));
#810 = ( GEOMETRIC_REPRESENTATION_CONTEXT(2) 
PARAMETRIC_REPRESENTATION_CONTEXT() REPRESENTATION_CONTEXT('2D SPACE',''
  ) );
#811 = PCURVE('',#812,#817);
#812 = CYLINDRICAL_SURFACE('',#813,12.);
#813 = AXIS2_PLACEMENT_3D('',#814,#815,#816);
#814 = CARTESIAN_POINT('',(0.,-15.1,64.));
#815 = DIRECTION('',(0.,-1.,2.22044604925E-16));
#816 = DIRECTION('',(1.,0.,0.));
#817 = DEFINITIONAL_REPRESENTATION('',(#818),#822);
#818 = LINE('',#819,#820);
#819 = CARTESIAN_POINT('',(5.290493344951,1.));
#820 = VECTOR('',#821,1.);
#821 = DIRECTION('',(1.,0.));
#822 = ( GEOMETRIC_REPRESENTATION_CONTEXT(2) 
PARAMETRIC_REPRESENTATION_CONTEXT() REPRESENTATION_CONTEXT('2D SPACE',''
  ) );
#823 = ORIENTED_EDGE('',*,*,#824,.T.);
#824 = EDGE_CURVE('',#792,#825,#827,.T.);
#825 = VERTEX_POINT('',#826);
#826 = CARTESIAN_POINT('',(9.421953491493,-16.1,56.568526902145));
#827 = SURFACE_CURVE('',#828,(#833,#844),.PCURVE_S1.);
#828 = CIRCLE('',#829,1.2);
#829 = AXIS2_PLACEMENT_3D('',#830,#831,#832);
#830 = CARTESIAN_POINT('',(10.25,-16.1,55.7));
#831 = DIRECTION('',(2.960594732334E-15,-1.,-8.386357768089E-16));
#832 = DIRECTION('',(-0.851441076965,-2.960594732334E-15,0.524450276439)
  );
#833 = PCURVE('',#212,#834);
#834 = DEFINITIONAL_REPRESENTATION('',(#835),#843);
#835 = ( BOUNDED_CURVE() B_SPLINE_CURVE(2,(#836,#837,#838,#839,#840,#841
,#842),.UNSPECIFIED.,.T.,.F.) B_SPLINE_CURVE_WITH_KNOTS((1,2,2,2,2,1),(
    -2.094395102393,0.,2.094395102393,4.188790204786,6.28318530718,
8.377580409573),.UNSPECIFIED.) CURVE() GEOMETRIC_REPRESENTATION_ITEM() 
RATIONAL_B_SPLINE_CURVE((1.,0.5,1.,0.5,1.,0.5,1.)) REPRESENTATION_ITEM(
  '') );
#836 = CARTESIAN_POINT('',(33.529340331727,25.228270707642));
#837 = CARTESIAN_POINT('',(31.759653285782,24.138221277839));
#838 = CARTESIAN_POINT('',(31.700486311164,26.215839931277));
#839 = CARTESIAN_POINT('',(31.641319336546,28.293458584716));
#840 = CARTESIAN_POINT('',(33.470173357109,27.30588936108));
#841 = CARTESIAN_POINT('',(35.299027377672,26.318320137445));
#842 = CARTESIAN_POINT('',(33.529340331727,25.228270707642));
#843 = ( GEOMETRIC_REPRESENTATION_CONTEXT(2) 
PARAMETRIC_REPRESENTATION_CONTEXT() REPRESENTATION_CONTEXT('2D SPACE',''
  ) );
#844 = PCURVE('',#845,#850);
#845 = CYLINDRICAL_SURFACE('',#846,1.2);
#846 = AXIS2_PLACEMENT_3D('',#847,#848,#849);
#847 = CARTESIAN_POINT('',(10.25,-6.6,55.7));
#848 = DIRECTION('',(0.,-1.,2.22044604925E-16));
#849 = DIRECTION('',(1.,0.,0.));
#850 = DEFINITIONAL_REPRESENTATION('',(#851),#855);
#851 = LINE('',#852,#853);
#852 = CARTESIAN_POINT('',(2.589523307964,9.5));
#853 = VECTOR('',#854,1.);
#854 = DIRECTION('',(1.,0.));
#855 = ( GEOMETRIC_REPRESENTATION_CONTEXT(2) 
PARAMETRIC_REPRESENTATION_CONTEXT() REPRESENTATION_CONTEXT('2D SPACE',''
  ) );
#856 = ORIENTED_EDGE('',*,*,#857,.T.);
#857 = EDGE_CURVE('',#825,#858,#860,.T.);
#858 = VERTEX_POINT('',#859);
#859 = CARTESIAN_POINT('',(-9.421953491493,-16.1,56.568526902145));
#860 = SURFACE_CURVE('',#861,(#866,#877),.PCURVE_S1.);
#861 = CIRCLE('',#862,12.);
#862 = AXIS2_PLACEMENT_3D('',#863,#864,#865);
#863 = CARTESIAN_POINT('',(0.,-16.1,64.));
#864 = DIRECTION('',(0.,-1.,3.535038486369E-16));
#865 = DIRECTION('',(0.54643732486,-2.960594732334E-16,-0.8375));
#866 = PCURVE('',#212,#867);
#867 = DEFINITIONAL_REPRESENTATION('',(#868),#876);
#868 = ( BOUNDED_CURVE() B_SPLINE_CURVE(2,(#869,#870,#871,#872,#873,#874
,#875),.UNSPECIFIED.,.T.,.F.) B_SPLINE_CURVE_WITH_KNOTS((1,2,2,2,2,1),(
    -2.094395102393,0.,2.094395102393,4.188790204786,6.28318530718,
8.377580409573),.UNSPECIFIED.) CURVE() GEOMETRIC_REPRESENTATION_ITEM() 
RATIONAL_B_SPLINE_CURVE((1.,0.5,1.,0.5,1.,0.5,1.)) REPRESENTATION_ITEM(
  '') );
#869 = CARTESIAN_POINT('',(31.15,22.557247898318));
#870 = CARTESIAN_POINT('',(42.507486517712,39.964358514386));
#871 = CARTESIAN_POINT('',(51.903743258856,21.424931358874));
#872 = CARTESIAN_POINT('',(61.3,2.885504203363));
#873 = CARTESIAN_POINT('',(40.546256741144,4.017820742807));
#874 = CARTESIAN_POINT('',(19.792513482288,5.150137282251));
#875 = CARTESIAN_POINT('',(31.15,22.557247898318));
#876 = ( GEOMETRIC_REPRESENTATION_CONTEXT(2) 
PARAMETRIC_REPRESENTATION_CONTEXT() REPRESENTATION_CONTEXT('2D SPACE',''
  ) );
#877 = PCURVE('',#529,#878);
#878 = DEFINITIONAL_REPRESENTATION('',(#879),#883);
#879 = LINE('',#880,#881);
#880 = CARTESIAN_POINT('',(5.290493344951,1.));
#881 = VECTOR('',#882,1.);
#882 = DIRECTION('',(1.,0.));
#883 = ( GEOMETRIC_REPRESENTATION_CONTEXT(2) 
PARAMETRIC_REPRESENTATION_CONTEXT() REPRESENTATION_CONTEXT('2D SPACE',''
  ) );
#884 = ORIENTED_EDGE('',*,*,#885,.T.);
#885 = EDGE_CURVE('',#858,#886,#888,.T.);
#886 = VERTEX_POINT('',#887);
#887 = CARTESIAN_POINT('',(-9.228270707642,-16.1,56.329340331726));
#888 = SURFACE_CURVE('',#889,(#894,#905),.PCURVE_S1.);
#889 = CIRCLE('',#890,1.2);
#890 = AXIS2_PLACEMENT_3D('',#891,#892,#893);
#891 = CARTESIAN_POINT('',(-10.25,-16.1,55.7));
#892 = DIRECTION('',(2.960594732334E-15,-1.,-6.913112069628E-15));
#893 = DIRECTION('',(0.690038757089,-2.960594732334E-15,0.723772418454)
  );
#894 = PCURVE('',#212,#895);
#895 = DEFINITIONAL_REPRESENTATION('',(#896),#904);
#896 = ( BOUNDED_CURVE() B_SPLINE_CURVE(2,(#897,#898,#899,#900,#901,#902
,#903),.UNSPECIFIED.,.T.,.F.) B_SPLINE_CURVE_WITH_KNOTS((1,2,2,2,2,1),(
    -2.094395102393,0.,2.094395102393,4.188790204786,6.28318530718,
8.377580409573),.UNSPECIFIED.) CURVE() GEOMETRIC_REPRESENTATION_ITEM() 
RATIONAL_B_SPLINE_CURVE((1.,0.5,1.,0.5,1.,0.5,1.)) REPRESENTATION_ITEM(
  '') );
#897 = CARTESIAN_POINT('',(33.768526902145,6.578046508507));
#898 = CARTESIAN_POINT('',(35.202745525909,5.073713786252));
#899 = CARTESIAN_POINT('',(33.18284586081,4.583810384619));
#900 = CARTESIAN_POINT('',(31.16294619571,4.093906982986));
#901 = CARTESIAN_POINT('',(31.748627237045,6.088143106874));
#902 = CARTESIAN_POINT('',(32.334308278381,8.082379230762));
#903 = CARTESIAN_POINT('',(33.768526902145,6.578046508507));
#904 = ( GEOMETRIC_REPRESENTATION_CONTEXT(2) 
PARAMETRIC_REPRESENTATION_CONTEXT() REPRESENTATION_CONTEXT('2D SPACE',''
  ) );
#905 = PCURVE('',#906,#911);
#906 = CYLINDRICAL_SURFACE('',#907,1.2);
#907 = AXIS2_PLACEMENT_3D('',#908,#909,#910);
#908 = CARTESIAN_POINT('',(-10.25,-6.6,55.7));
#909 = DIRECTION('',(0.,-1.,2.22044604925E-16));
#910 = DIRECTION('',(1.,0.,0.));
#911 = DEFINITIONAL_REPRESENTATION('',(#912),#916);
#912 = LINE('',#913,#914);
#913 = CARTESIAN_POINT('',(0.80925372669,9.5));
#914 = VECTOR('',#915,1.);
#915 = DIRECTION('',(1.,0.));
#916 = ( GEOMETRIC_REPRESENTATION_CONTEXT(2) 
PARAMETRIC_REPRESENTATION_CONTEXT() REPRESENTATION_CONTEXT('2D SPACE',''
  ) );
#917 = ORIENTED_EDGE('',*,*,#918,.T.);
#918 = EDGE_CURVE('',#886,#919,#921,.T.);
#919 = VERTEX_POINT('',#920);
#920 = CARTESIAN_POINT('',(-6.557247898318,-16.1,53.95));
#921 = SURFACE_CURVE('',#922,(#927,#938),.PCURVE_S1.);
#922 = CIRCLE('',#923,12.);
#923 = AXIS2_PLACEMENT_3D('',#924,#925,#926);
#924 = CARTESIAN_POINT('',(0.,-16.1,64.));
#925 = DIRECTION('',(0.,-1.,3.535038486369E-16));
#926 = DIRECTION('',(0.54643732486,-2.960594732334E-16,-0.8375));
#927 = PCURVE('',#212,#928);
#928 = DEFINITIONAL_REPRESENTATION('',(#929),#937);
#929 = ( BOUNDED_CURVE() B_SPLINE_CURVE(2,(#930,#931,#932,#933,#934,#935
,#936),.UNSPECIFIED.,.T.,.F.) B_SPLINE_CURVE_WITH_KNOTS((1,2,2,2,2,1),(
    -2.094395102393,0.,2.094395102393,4.188790204786,6.28318530718,
8.377580409573),.UNSPECIFIED.) CURVE() GEOMETRIC_REPRESENTATION_ITEM() 
RATIONAL_B_SPLINE_CURVE((1.,0.5,1.,0.5,1.,0.5,1.)) REPRESENTATION_ITEM(
  '') );
#930 = CARTESIAN_POINT('',(31.15,22.557247898318));
#931 = CARTESIAN_POINT('',(42.507486517712,39.964358514386));
#932 = CARTESIAN_POINT('',(51.903743258856,21.424931358874));
#933 = CARTESIAN_POINT('',(61.3,2.885504203363));
#934 = CARTESIAN_POINT('',(40.546256741144,4.017820742807));
#935 = CARTESIAN_POINT('',(19.792513482288,5.150137282251));
#936 = CARTESIAN_POINT('',(31.15,22.557247898318));
#937 = ( GEOMETRIC_REPRESENTATION_CONTEXT(2) 
PARAMETRIC_REPRESENTATION_CONTEXT() REPRESENTATION_CONTEXT('2D SPACE',''
  ) );
#938 = PCURVE('',#939,#944);
#939 = CYLINDRICAL_SURFACE('',#940,12.);
#940 = AXIS2_PLACEMENT_3D('',#941,#942,#943);
#941 = CARTESIAN_POINT('',(0.,-15.1,64.));
#942 = DIRECTION('',(0.,-1.,2.22044604925E-16));
#943 = DIRECTION('',(1.,0.,0.));
#944 = DEFINITIONAL_REPRESENTATION('',(#945),#949);
#945 = LINE('',#946,#947);
#946 = CARTESIAN_POINT('',(5.290493344951,1.));
#947 = VECTOR('',#948,1.);
#948 = DIRECTION('',(1.,0.));
#949 = ( GEOMETRIC_REPRESENTATION_CONTEXT(2) 
PARAMETRIC_REPRESENTATION_CONTEXT() REPRESENTATION_CONTEXT('2D SPACE',''
  ) );
#950 = ORIENTED_EDGE('',*,*,#951,.F.);
#951 = EDGE_CURVE('',#952,#919,#954,.T.);
#952 = VERTEX_POINT('',#953);
#953 = CARTESIAN_POINT('',(-9.7,-16.1,53.95));
#954 = SURFACE_CURVE('',#955,(#959,#965),.PCURVE_S1.);
#955 = LINE('',#956,#957);
#956 = CARTESIAN_POINT('',(-12.85,-16.1,53.95));
#957 = VECTOR('',#958,1.);
#958 = DIRECTION('',(1.,0.,0.));
#959 = PCURVE('',#212,#960);
#960 = DEFINITIONAL_REPRESENTATION('',(#961),#964);
#961 = B_SPLINE_CURVE_WITH_KNOTS('',1,(#962,#963),.UNSPECIFIED.,.F.,.F.,
  (2,2),(3.15,22.55),.PIECEWISE_BEZIER_KNOTS.);
#962 = CARTESIAN_POINT('',(31.15,6.3));
#963 = CARTESIAN_POINT('',(31.15,25.7));
#964 = ( GEOMETRIC_REPRESENTATION_CONTEXT(2) 
PARAMETRIC_REPRESENTATION_CONTEXT() REPRESENTATION_CONTEXT('2D SPACE',''
  ) );
#965 = PCURVE('',#966,#971);
#966 = PLANE('',#967);
#967 = AXIS2_PLACEMENT_3D('',#968,#969,#970);
#968 = CARTESIAN_POINT('',(-9.7,-19.6,53.95));
#969 = DIRECTION('',(0.,0.,1.));
#970 = DIRECTION('',(1.,0.,0.));
#971 = DEFINITIONAL_REPRESENTATION('',(#972),#975);
#972 = B_SPLINE_CURVE_WITH_KNOTS('',1,(#973,#974),.UNSPECIFIED.,.F.,.F.,
  (2,2),(3.15,22.55),.PIECEWISE_BEZIER_KNOTS.);
#973 = CARTESIAN_POINT('',(0.,3.5));
#974 = CARTESIAN_POINT('',(19.4,3.5));
#975 = ( GEOMETRIC_REPRESENTATION_CONTEXT(2) 
PARAMETRIC_REPRESENTATION_CONTEXT() REPRESENTATION_CONTEXT('2D SPACE',''
  ) );
#976 = ORIENTED_EDGE('',*,*,#977,.T.);
#977 = EDGE_CURVE('',#952,#978,#980,.T.);
#978 = VERTEX_POINT('',#979);
#979 = CARTESIAN_POINT('',(-9.7,-16.1,32.6));
#980 = SURFACE_CURVE('',#981,(#985,#991),.PCURVE_S1.);
#981 = LINE('',#982,#983);
#982 = CARTESIAN_POINT('',(-9.7,-16.1,27.7));
#983 = VECTOR('',#984,1.);
#984 = DIRECTION('',(0.,0.,-1.));
#985 = PCURVE('',#212,#986);
#986 = DEFINITIONAL_REPRESENTATION('',(#987),#990);
#987 = B_SPLINE_CURVE_WITH_KNOTS('',1,(#988,#989),.UNSPECIFIED.,.F.,.F.,
  (2,2),(-26.25,-4.9),.PIECEWISE_BEZIER_KNOTS.);
#988 = CARTESIAN_POINT('',(31.15,6.3));
#989 = CARTESIAN_POINT('',(9.8,6.3));
#990 = ( GEOMETRIC_REPRESENTATION_CONTEXT(2) 
PARAMETRIC_REPRESENTATION_CONTEXT() REPRESENTATION_CONTEXT('2D SPACE',''
  ) );
#991 = PCURVE('',#589,#992);
#992 = DEFINITIONAL_REPRESENTATION('',(#993),#996);
#993 = B_SPLINE_CURVE_WITH_KNOTS('',1,(#994,#995),.UNSPECIFIED.,.F.,.F.,
  (2,2),(-26.25,-4.9),.PIECEWISE_BEZIER_KNOTS.);
#994 = CARTESIAN_POINT('',(21.35,-3.5));
#995 = CARTESIAN_POINT('',(0.,-3.5));
#996 = ( GEOMETRIC_REPRESENTATION_CONTEXT(2) 
PARAMETRIC_REPRESENTATION_CONTEXT() REPRESENTATION_CONTEXT('2D SPACE',''
  ) );
#997 = ORIENTED_EDGE('',*,*,#998,.T.);
#998 = EDGE_CURVE('',#978,#999,#1001,.T.);
#999 = VERTEX_POINT('',#1000);
#1000 = CARTESIAN_POINT('',(9.7,-16.1,32.6));
#1001 = SURFACE_CURVE('',#1002,(#1006,#1012),.PCURVE_S1.);
#1002 = LINE('',#1003,#1004);
#1003 = CARTESIAN_POINT('',(-12.85,-16.1,32.6));
#1004 = VECTOR('',#1005,1.);
#1005 = DIRECTION('',(1.,0.,0.));
#1006 = PCURVE('',#212,#1007);
#1007 = DEFINITIONAL_REPRESENTATION('',(#1008),#1011);
#1008 = B_SPLINE_CURVE_WITH_KNOTS('',1,(#1009,#1010),.UNSPECIFIED.,.F.,
  .F.,(2,2),(3.15,22.55),.PIECEWISE_BEZIER_KNOTS.);
#1009 = CARTESIAN_POINT('',(9.8,6.3));
#1010 = CARTESIAN_POINT('',(9.8,25.7));
#1011 = ( GEOMETRIC_REPRESENTATION_CONTEXT(2) 
PARAMETRIC_REPRESENTATION_CONTEXT() REPRESENTATION_CONTEXT('2D SPACE',''
  ) );
#1012 = PCURVE('',#384,#1013);
#1013 = DEFINITIONAL_REPRESENTATION('',(#1014),#1017);
#1014 = B_SPLINE_CURVE_WITH_KNOTS('',1,(#1015,#1016),.UNSPECIFIED.,.F.,
  .F.,(2,2),(3.15,22.55),.PIECEWISE_BEZIER_KNOTS.);
#1015 = CARTESIAN_POINT('',(0.,3.5));
#1016 = CARTESIAN_POINT('',(19.4,3.5));
#1017 = ( GEOMETRIC_REPRESENTATION_CONTEXT(2) 
PARAMETRIC_REPRESENTATION_CONTEXT() REPRESENTATION_CONTEXT('2D SPACE',''
  ) );
#1018 = ORIENTED_EDGE('',*,*,#1019,.F.);
#1019 = EDGE_CURVE('',#766,#999,#1020,.T.);
#1020 = SURFACE_CURVE('',#1021,(#1025,#1031),.PCURVE_S1.);
#1021 = LINE('',#1022,#1023);
#1022 = CARTESIAN_POINT('',(9.7,-16.1,27.7));
#1023 = VECTOR('',#1024,1.);
#1024 = DIRECTION('',(0.,0.,-1.));
#1025 = PCURVE('',#212,#1026);
#1026 = DEFINITIONAL_REPRESENTATION('',(#1027),#1030);
#1027 = B_SPLINE_CURVE_WITH_KNOTS('',1,(#1028,#1029),.UNSPECIFIED.,.F.,
  .F.,(2,2),(-26.25,-4.9),.PIECEWISE_BEZIER_KNOTS.);
#1028 = CARTESIAN_POINT('',(31.15,25.7));
#1029 = CARTESIAN_POINT('',(9.8,25.7));
#1030 = ( GEOMETRIC_REPRESENTATION_CONTEXT(2) 
PARAMETRIC_REPRESENTATION_CONTEXT() REPRESENTATION_CONTEXT('2D SPACE',''
  ) );
#1031 = PCURVE('',#472,#1032);
#1032 = DEFINITIONAL_REPRESENTATION('',(#1033),#1036);
#1033 = B_SPLINE_CURVE_WITH_KNOTS('',1,(#1034,#1035),.UNSPECIFIED.,.F.,
  .F.,(2,2),(-26.25,-4.9),.PIECEWISE_BEZIER_KNOTS.);
#1034 = CARTESIAN_POINT('',(21.35,-3.5));
#1035 = CARTESIAN_POINT('',(0.,-3.5));
#1036 = ( GEOMETRIC_REPRESENTATION_CONTEXT(2) 
PARAMETRIC_REPRESENTATION_CONTEXT() REPRESENTATION_CONTEXT('2D SPACE',''
  ) );
#1037 = FACE_BOUND('',#1038,.T.);
#1038 = EDGE_LOOP('',(#1039));
#1039 = ORIENTED_EDGE('',*,*,#1040,.T.);
#1040 = EDGE_CURVE('',#1041,#1041,#1043,.T.);
#1041 = VERTEX_POINT('',#1042);
#1042 = CARTESIAN_POINT('',(11.45,-16.1,31.2));
#1043 = SURFACE_CURVE('',#1044,(#1049,#1060),.PCURVE_S1.);
#1044 = CIRCLE('',#1045,1.2);
#1045 = AXIS2_PLACEMENT_3D('',#1046,#1047,#1048);
#1046 = CARTESIAN_POINT('',(10.25,-16.1,31.2));
#1047 = DIRECTION('',(0.,-1.,2.22044604925E-16));
#1048 = DIRECTION('',(1.,0.,0.));
#1049 = PCURVE('',#212,#1050);
#1050 = DEFINITIONAL_REPRESENTATION('',(#1051),#1059);
#1051 = ( BOUNDED_CURVE() B_SPLINE_CURVE(2,(#1052,#1053,#1054,#1055,
#1056,#1057,#1058),.UNSPECIFIED.,.T.,.F.) B_SPLINE_CURVE_WITH_KNOTS((1,2
    ,2,2,2,1),(-2.094395102393,0.,2.094395102393,4.188790204786,
6.28318530718,8.377580409573),.UNSPECIFIED.) CURVE() 
GEOMETRIC_REPRESENTATION_ITEM() RATIONAL_B_SPLINE_CURVE((1.,0.5,1.,0.5,
1.,0.5,1.)) REPRESENTATION_ITEM('') );
#1052 = CARTESIAN_POINT('',(8.4,27.45));
#1053 = CARTESIAN_POINT('',(10.478460969083,27.45));
#1054 = CARTESIAN_POINT('',(9.439230484541,25.65));
#1055 = CARTESIAN_POINT('',(8.4,23.85));
#1056 = CARTESIAN_POINT('',(7.360769515459,25.65));
#1057 = CARTESIAN_POINT('',(6.321539030917,27.45));
#1058 = CARTESIAN_POINT('',(8.4,27.45));
#1059 = ( GEOMETRIC_REPRESENTATION_CONTEXT(2) 
PARAMETRIC_REPRESENTATION_CONTEXT() REPRESENTATION_CONTEXT('2D SPACE',''
  ) );
#1060 = PCURVE('',#1061,#1066);
#1061 = CYLINDRICAL_SURFACE('',#1062,1.2);
#1062 = AXIS2_PLACEMENT_3D('',#1063,#1064,#1065);
#1063 = CARTESIAN_POINT('',(10.25,-6.6,31.2));
#1064 = DIRECTION('',(0.,-1.,2.22044604925E-16));
#1065 = DIRECTION('',(1.,0.,0.));
#1066 = DEFINITIONAL_REPRESENTATION('',(#1067),#1071);
#1067 = LINE('',#1068,#1069);
#1068 = CARTESIAN_POINT('',(0.,9.5));
#1069 = VECTOR('',#1070,1.);
#1070 = DIRECTION('',(1.,0.));
#1071 = ( GEOMETRIC_REPRESENTATION_CONTEXT(2) 
PARAMETRIC_REPRESENTATION_CONTEXT() REPRESENTATION_CONTEXT('2D SPACE',''
  ) );
#1072 = ADVANCED_FACE('',(#1073,#1218,#1249,#1280,#1311),#184,.T.);
#1073 = FACE_BOUND('',#1074,.T.);
#1074 = EDGE_LOOP('',(#1075,#1076,#1077,#1100,#1121,#1147,#1173,#1199));
#1075 = ORIENTED_EDGE('',*,*,#168,.F.);
#1076 = ORIENTED_EDGE('',*,*,#705,.F.);
#1077 = ORIENTED_EDGE('',*,*,#1078,.T.);
#1078 = EDGE_CURVE('',#683,#1079,#1081,.T.);
#1079 = VERTEX_POINT('',#1080);
#1080 = CARTESIAN_POINT('',(16.,16.1,28.));
#1081 = SURFACE_CURVE('',#1082,(#1086,#1093),.PCURVE_S1.);
#1082 = LINE('',#1083,#1084);
#1083 = CARTESIAN_POINT('',(16.,-18.6,28.));
#1084 = VECTOR('',#1085,1.);
#1085 = DIRECTION('',(0.,1.,0.));
#1086 = PCURVE('',#184,#1087);
#1087 = DEFINITIONAL_REPRESENTATION('',(#1088),#1092);
#1088 = LINE('',#1089,#1090);
#1089 = CARTESIAN_POINT('',(32.,0.));
#1090 = VECTOR('',#1091,1.);
#1091 = DIRECTION('',(0.,1.));
#1092 = ( GEOMETRIC_REPRESENTATION_CONTEXT(2) 
PARAMETRIC_REPRESENTATION_CONTEXT() REPRESENTATION_CONTEXT('2D SPACE',''
  ) );
#1093 = PCURVE('',#271,#1094);
#1094 = DEFINITIONAL_REPRESENTATION('',(#1095),#1099);
#1095 = LINE('',#1096,#1097);
#1096 = CARTESIAN_POINT('',(5.3,0.));
#1097 = VECTOR('',#1098,1.);
#1098 = DIRECTION('',(0.,-1.));
#1099 = ( GEOMETRIC_REPRESENTATION_CONTEXT(2) 
PARAMETRIC_REPRESENTATION_CONTEXT() REPRESENTATION_CONTEXT('2D SPACE',''
  ) );
#1100 = ORIENTED_EDGE('',*,*,#1101,.T.);
#1101 = EDGE_CURVE('',#1079,#1102,#1104,.T.);
#1102 = VERTEX_POINT('',#1103);
#1103 = CARTESIAN_POINT('',(7.5,16.1,28.));
#1104 = SURFACE_CURVE('',#1105,(#1109,#1115),.PCURVE_S1.);
#1105 = LINE('',#1106,#1107);
#1106 = CARTESIAN_POINT('',(-16.,16.1,28.));
#1107 = VECTOR('',#1108,1.);
#1108 = DIRECTION('',(-1.,0.,0.));
#1109 = PCURVE('',#184,#1110);
#1110 = DEFINITIONAL_REPRESENTATION('',(#1111),#1114);
#1111 = B_SPLINE_CURVE_WITH_KNOTS('',1,(#1112,#1113),.UNSPECIFIED.,.F.,
  .F.,(2,2),(-32.,0.),.PIECEWISE_BEZIER_KNOTS.);
#1112 = CARTESIAN_POINT('',(32.,34.7));
#1113 = CARTESIAN_POINT('',(0.,34.7));
#1114 = ( GEOMETRIC_REPRESENTATION_CONTEXT(2) 
PARAMETRIC_REPRESENTATION_CONTEXT() REPRESENTATION_CONTEXT('2D SPACE',''
  ) );
#1115 = PCURVE('',#156,#1116);
#1116 = DEFINITIONAL_REPRESENTATION('',(#1117),#1120);
#1117 = B_SPLINE_CURVE_WITH_KNOTS('',1,(#1118,#1119),.UNSPECIFIED.,.F.,
  .F.,(2,2),(-32.,0.),.PIECEWISE_BEZIER_KNOTS.);
#1118 = CARTESIAN_POINT('',(5.2,32.));
#1119 = CARTESIAN_POINT('',(5.2,0.));
#1120 = ( GEOMETRIC_REPRESENTATION_CONTEXT(2) 
PARAMETRIC_REPRESENTATION_CONTEXT() REPRESENTATION_CONTEXT('2D SPACE',''
  ) );
#1121 = ORIENTED_EDGE('',*,*,#1122,.T.);
#1122 = EDGE_CURVE('',#1102,#1123,#1125,.T.);
#1123 = VERTEX_POINT('',#1124);
#1124 = CARTESIAN_POINT('',(7.5,17.35,28.));
#1125 = SURFACE_CURVE('',#1126,(#1130,#1136),.PCURVE_S1.);
#1126 = LINE('',#1127,#1128);
#1127 = CARTESIAN_POINT('',(7.5,-1.75,28.));
#1128 = VECTOR('',#1129,1.);
#1129 = DIRECTION('',(0.,1.,0.));
#1130 = PCURVE('',#184,#1131);
#1131 = DEFINITIONAL_REPRESENTATION('',(#1132),#1135);
#1132 = B_SPLINE_CURVE_WITH_KNOTS('',1,(#1133,#1134),.UNSPECIFIED.,.F.,
  .F.,(2,2),(17.85,19.1),.PIECEWISE_BEZIER_KNOTS.);
#1133 = CARTESIAN_POINT('',(23.5,34.7));
#1134 = CARTESIAN_POINT('',(23.5,35.95));
#1135 = ( GEOMETRIC_REPRESENTATION_CONTEXT(2) 
PARAMETRIC_REPRESENTATION_CONTEXT() REPRESENTATION_CONTEXT('2D SPACE',''
  ) );
#1136 = PCURVE('',#1137,#1142);
#1137 = PLANE('',#1138);
#1138 = AXIS2_PLACEMENT_3D('',#1139,#1140,#1141);
#1139 = CARTESIAN_POINT('',(7.5,15.1,27.72));
#1140 = DIRECTION('',(1.,0.,0.));
#1141 = DIRECTION('',(0.,0.,1.));
#1142 = DEFINITIONAL_REPRESENTATION('',(#1143),#1146);
#1143 = B_SPLINE_CURVE_WITH_KNOTS('',1,(#1144,#1145),.UNSPECIFIED.,.F.,
  .F.,(2,2),(17.85,19.1),.PIECEWISE_BEZIER_KNOTS.);
#1144 = CARTESIAN_POINT('',(0.28,-1.));
#1145 = CARTESIAN_POINT('',(0.28,-2.25));
#1146 = ( GEOMETRIC_REPRESENTATION_CONTEXT(2) 
PARAMETRIC_REPRESENTATION_CONTEXT() REPRESENTATION_CONTEXT('2D SPACE',''
  ) );
#1147 = ORIENTED_EDGE('',*,*,#1148,.T.);
#1148 = EDGE_CURVE('',#1123,#1149,#1151,.T.);
#1149 = VERTEX_POINT('',#1150);
#1150 = CARTESIAN_POINT('',(-7.5,17.35,28.));
#1151 = SURFACE_CURVE('',#1152,(#1156,#1162),.PCURVE_S1.);
#1152 = LINE('',#1153,#1154);
#1153 = CARTESIAN_POINT('',(-11.75,17.35,28.));
#1154 = VECTOR('',#1155,1.);
#1155 = DIRECTION('',(-1.,0.,0.));
#1156 = PCURVE('',#184,#1157);
#1157 = DEFINITIONAL_REPRESENTATION('',(#1158),#1161);
#1158 = B_SPLINE_CURVE_WITH_KNOTS('',1,(#1159,#1160),.UNSPECIFIED.,.F.,
  .F.,(2,2),(-19.25,-4.25),.PIECEWISE_BEZIER_KNOTS.);
#1159 = CARTESIAN_POINT('',(23.5,35.95));
#1160 = CARTESIAN_POINT('',(8.5,35.95));
#1161 = ( GEOMETRIC_REPRESENTATION_CONTEXT(2) 
PARAMETRIC_REPRESENTATION_CONTEXT() REPRESENTATION_CONTEXT('2D SPACE',''
  ) );
#1162 = PCURVE('',#1163,#1168);
#1163 = PLANE('',#1164);
#1164 = AXIS2_PLACEMENT_3D('',#1165,#1166,#1167);
#1165 = CARTESIAN_POINT('',(-7.5,17.35,27.72));
#1166 = DIRECTION('',(0.,1.,0.));
#1167 = DIRECTION('',(0.,0.,1.));
#1168 = DEFINITIONAL_REPRESENTATION('',(#1169),#1172);
#1169 = B_SPLINE_CURVE_WITH_KNOTS('',1,(#1170,#1171),.UNSPECIFIED.,.F.,
  .F.,(2,2),(-19.25,-4.25),.PIECEWISE_BEZIER_KNOTS.);
#1170 = CARTESIAN_POINT('',(0.28,15.));
#1171 = CARTESIAN_POINT('',(0.28,0.));
#1172 = ( GEOMETRIC_REPRESENTATION_CONTEXT(2) 
PARAMETRIC_REPRESENTATION_CONTEXT() REPRESENTATION_CONTEXT('2D SPACE',''
  ) );
#1173 = ORIENTED_EDGE('',*,*,#1174,.F.);
#1174 = EDGE_CURVE('',#1175,#1149,#1177,.T.);
#1175 = VERTEX_POINT('',#1176);
#1176 = CARTESIAN_POINT('',(-7.5,16.1,28.));
#1177 = SURFACE_CURVE('',#1178,(#1182,#1188),.PCURVE_S1.);
#1178 = LINE('',#1179,#1180);
#1179 = CARTESIAN_POINT('',(-7.5,-1.75,28.));
#1180 = VECTOR('',#1181,1.);
#1181 = DIRECTION('',(0.,1.,0.));
#1182 = PCURVE('',#184,#1183);
#1183 = DEFINITIONAL_REPRESENTATION('',(#1184),#1187);
#1184 = B_SPLINE_CURVE_WITH_KNOTS('',1,(#1185,#1186),.UNSPECIFIED.,.F.,
  .F.,(2,2),(17.85,19.1),.PIECEWISE_BEZIER_KNOTS.);
#1185 = CARTESIAN_POINT('',(8.5,34.7));
#1186 = CARTESIAN_POINT('',(8.5,35.95));
#1187 = ( GEOMETRIC_REPRESENTATION_CONTEXT(2) 
PARAMETRIC_REPRESENTATION_CONTEXT() REPRESENTATION_CONTEXT('2D SPACE',''
  ) );
#1188 = PCURVE('',#1189,#1194);
#1189 = PLANE('',#1190);
#1190 = AXIS2_PLACEMENT_3D('',#1191,#1192,#1193);
#1191 = CARTESIAN_POINT('',(-7.5,15.1,27.72));
#1192 = DIRECTION('',(1.,0.,0.));
#1193 = DIRECTION('',(0.,0.,1.));
#1194 = DEFINITIONAL_REPRESENTATION('',(#1195),#1198);
#1195 = B_SPLINE_CURVE_WITH_KNOTS('',1,(#1196,#1197),.UNSPECIFIED.,.F.,
  .F.,(2,2),(17.85,19.1),.PIECEWISE_BEZIER_KNOTS.);
#1196 = CARTESIAN_POINT('',(0.28,-1.));
#1197 = CARTESIAN_POINT('',(0.28,-2.25));
#1198 = ( GEOMETRIC_REPRESENTATION_CONTEXT(2) 
PARAMETRIC_REPRESENTATION_CONTEXT() REPRESENTATION_CONTEXT('2D SPACE',''
  ) );
#1199 = ORIENTED_EDGE('',*,*,#1200,.T.);
#1200 = EDGE_CURVE('',#1175,#141,#1201,.T.);
#1201 = SURFACE_CURVE('',#1202,(#1206,#1212),.PCURVE_S1.);
#1202 = LINE('',#1203,#1204);
#1203 = CARTESIAN_POINT('',(-16.,16.1,28.));
#1204 = VECTOR('',#1205,1.);
#1205 = DIRECTION('',(-1.,0.,0.));
#1206 = PCURVE('',#184,#1207);
#1207 = DEFINITIONAL_REPRESENTATION('',(#1208),#1211);
#1208 = B_SPLINE_CURVE_WITH_KNOTS('',1,(#1209,#1210),.UNSPECIFIED.,.F.,
  .F.,(2,2),(-32.,0.),.PIECEWISE_BEZIER_KNOTS.);
#1209 = CARTESIAN_POINT('',(32.,34.7));
#1210 = CARTESIAN_POINT('',(0.,34.7));
#1211 = ( GEOMETRIC_REPRESENTATION_CONTEXT(2) 
PARAMETRIC_REPRESENTATION_CONTEXT() REPRESENTATION_CONTEXT('2D SPACE',''
  ) );
#1212 = PCURVE('',#156,#1213);
#1213 = DEFINITIONAL_REPRESENTATION('',(#1214),#1217);
#1214 = B_SPLINE_CURVE_WITH_KNOTS('',1,(#1215,#1216),.UNSPECIFIED.,.F.,
  .F.,(2,2),(-32.,0.),.PIECEWISE_BEZIER_KNOTS.);
#1215 = CARTESIAN_POINT('',(5.2,32.));
#1216 = CARTESIAN_POINT('',(5.2,0.));
#1217 = ( GEOMETRIC_REPRESENTATION_CONTEXT(2) 
PARAMETRIC_REPRESENTATION_CONTEXT() REPRESENTATION_CONTEXT('2D SPACE',''
  ) );
#1218 = FACE_BOUND('',#1219,.T.);
#1219 = EDGE_LOOP('',(#1220));
#1220 = ORIENTED_EDGE('',*,*,#1221,.F.);
#1221 = EDGE_CURVE('',#1222,#1222,#1224,.T.);
#1222 = VERTEX_POINT('',#1223);
#1223 = CARTESIAN_POINT('',(-1.95,-4.95,28.));
#1224 = SURFACE_CURVE('',#1225,(#1230,#1237),.PCURVE_S1.);
#1225 = CIRCLE('',#1226,3.);
#1226 = AXIS2_PLACEMENT_3D('',#1227,#1228,#1229);
#1227 = CARTESIAN_POINT('',(-4.95,-4.95,28.));
#1228 = DIRECTION('',(0.,0.,1.));
#1229 = DIRECTION('',(1.,0.,-0.));
#1230 = PCURVE('',#184,#1231);
#1231 = DEFINITIONAL_REPRESENTATION('',(#1232),#1236);
#1232 = CIRCLE('',#1233,3.);
#1233 = AXIS2_PLACEMENT_2D('',#1234,#1235);
#1234 = CARTESIAN_POINT('',(11.05,13.65));
#1235 = DIRECTION('',(1.,0.));
#1236 = ( GEOMETRIC_REPRESENTATION_CONTEXT(2) 
PARAMETRIC_REPRESENTATION_CONTEXT() REPRESENTATION_CONTEXT('2D SPACE',''
  ) );
#1237 = PCURVE('',#1238,#1243);
#1238 = CYLINDRICAL_SURFACE('',#1239,3.);
#1239 = AXIS2_PLACEMENT_3D('',#1240,#1241,#1242);
#1240 = CARTESIAN_POINT('',(-4.95,-4.95,21.7));
#1241 = DIRECTION('',(0.,0.,1.));
#1242 = DIRECTION('',(1.,0.,0.));
#1243 = DEFINITIONAL_REPRESENTATION('',(#1244),#1248);
#1244 = LINE('',#1245,#1246);
#1245 = CARTESIAN_POINT('',(0.,6.3));
#1246 = VECTOR('',#1247,1.);
#1247 = DIRECTION('',(1.,0.));
#1248 = ( GEOMETRIC_REPRESENTATION_CONTEXT(2) 
PARAMETRIC_REPRESENTATION_CONTEXT() REPRESENTATION_CONTEXT('2D SPACE',''
  ) );
#1249 = FACE_BOUND('',#1250,.T.);
#1250 = EDGE_LOOP('',(#1251));
#1251 = ORIENTED_EDGE('',*,*,#1252,.F.);
#1252 = EDGE_CURVE('',#1253,#1253,#1255,.T.);
#1253 = VERTEX_POINT('',#1254);
#1254 = CARTESIAN_POINT('',(7.95,-4.95,28.));
#1255 = SURFACE_CURVE('',#1256,(#1261,#1268),.PCURVE_S1.);
#1256 = CIRCLE('',#1257,3.);
#1257 = AXIS2_PLACEMENT_3D('',#1258,#1259,#1260);
#1258 = CARTESIAN_POINT('',(4.95,-4.95,28.));
#1259 = DIRECTION('',(0.,0.,1.));
#1260 = DIRECTION('',(1.,0.,-0.));
#1261 = PCURVE('',#184,#1262);
#1262 = DEFINITIONAL_REPRESENTATION('',(#1263),#1267);
#1263 = CIRCLE('',#1264,3.);
#1264 = AXIS2_PLACEMENT_2D('',#1265,#1266);
#1265 = CARTESIAN_POINT('',(20.95,13.65));
#1266 = DIRECTION('',(1.,0.));
#1267 = ( GEOMETRIC_REPRESENTATION_CONTEXT(2) 
PARAMETRIC_REPRESENTATION_CONTEXT() REPRESENTATION_CONTEXT('2D SPACE',''
  ) );
#1268 = PCURVE('',#1269,#1274);
#1269 = CYLINDRICAL_SURFACE('',#1270,3.);
#1270 = AXIS2_PLACEMENT_3D('',#1271,#1272,#1273);
#1271 = CARTESIAN_POINT('',(4.95,-4.95,21.7));
#1272 = DIRECTION('',(0.,0.,1.));
#1273 = DIRECTION('',(1.,0.,0.));
#1274 = DEFINITIONAL_REPRESENTATION('',(#1275),#1279);
#1275 = LINE('',#1276,#1277);
#1276 = CARTESIAN_POINT('',(0.,6.3));
#1277 = VECTOR('',#1278,1.);
#1278 = DIRECTION('',(1.,0.));
#1279 = ( GEOMETRIC_REPRESENTATION_CONTEXT(2) 
PARAMETRIC_REPRESENTATION_CONTEXT() REPRESENTATION_CONTEXT('2D SPACE',''
  ) );
#1280 = FACE_BOUND('',#1281,.T.);
#1281 = EDGE_LOOP('',(#1282));
#1282 = ORIENTED_EDGE('',*,*,#1283,.F.);
#1283 = EDGE_CURVE('',#1284,#1284,#1286,.T.);
#1284 = VERTEX_POINT('',#1285);
#1285 = CARTESIAN_POINT('',(-1.95,4.95,28.));
#1286 = SURFACE_CURVE('',#1287,(#1292,#1299),.PCURVE_S1.);
#1287 = CIRCLE('',#1288,3.);
#1288 = AXIS2_PLACEMENT_3D('',#1289,#1290,#1291);
#1289 = CARTESIAN_POINT('',(-4.95,4.95,28.));
#1290 = DIRECTION('',(0.,0.,1.));
#1291 = DIRECTION('',(1.,0.,-0.));
#1292 = PCURVE('',#184,#1293);
#1293 = DEFINITIONAL_REPRESENTATION('',(#1294),#1298);
#1294 = CIRCLE('',#1295,3.);
#1295 = AXIS2_PLACEMENT_2D('',#1296,#1297);
#1296 = CARTESIAN_POINT('',(11.05,23.55));
#1297 = DIRECTION('',(1.,0.));
#1298 = ( GEOMETRIC_REPRESENTATION_CONTEXT(2) 
PARAMETRIC_REPRESENTATION_CONTEXT() REPRESENTATION_CONTEXT('2D SPACE',''
  ) );
#1299 = PCURVE('',#1300,#1305);
#1300 = CYLINDRICAL_SURFACE('',#1301,3.);
#1301 = AXIS2_PLACEMENT_3D('',#1302,#1303,#1304);
#1302 = CARTESIAN_POINT('',(-4.95,4.95,21.7));
#1303 = DIRECTION('',(0.,0.,1.));
#1304 = DIRECTION('',(1.,0.,0.));
#1305 = DEFINITIONAL_REPRESENTATION('',(#1306),#1310);
#1306 = LINE('',#1307,#1308);
#1307 = CARTESIAN_POINT('',(0.,6.3));
#1308 = VECTOR('',#1309,1.);
#1309 = DIRECTION('',(1.,0.));
#1310 = ( GEOMETRIC_REPRESENTATION_CONTEXT(2) 
PARAMETRIC_REPRESENTATION_CONTEXT() REPRESENTATION_CONTEXT('2D SPACE',''
  ) );
#1311 = FACE_BOUND('',#1312,.T.);
#1312 = EDGE_LOOP('',(#1313));
#1313 = ORIENTED_EDGE('',*,*,#1314,.F.);
#1314 = EDGE_CURVE('',#1315,#1315,#1317,.T.);
#1315 = VERTEX_POINT('',#1316);
#1316 = CARTESIAN_POINT('',(7.95,4.95,28.));
#1317 = SURFACE_CURVE('',#1318,(#1323,#1330),.PCURVE_S1.);
#1318 = CIRCLE('',#1319,3.);
#1319 = AXIS2_PLACEMENT_3D('',#1320,#1321,#1322);
#1320 = CARTESIAN_POINT('',(4.95,4.95,28.));
#1321 = DIRECTION('',(0.,0.,1.));
#1322 = DIRECTION('',(1.,0.,-0.));
#1323 = PCURVE('',#184,#1324);
#1324 = DEFINITIONAL_REPRESENTATION('',(#1325),#1329);
#1325 = CIRCLE('',#1326,3.);
#1326 = AXIS2_PLACEMENT_2D('',#1327,#1328);
#1327 = CARTESIAN_POINT('',(20.95,23.55));
#1328 = DIRECTION('',(1.,0.));
#1329 = ( GEOMETRIC_REPRESENTATION_CONTEXT(2) 
PARAMETRIC_REPRESENTATION_CONTEXT() REPRESENTATION_CONTEXT('2D SPACE',''
  ) );
#1330 = PCURVE('',#1331,#1336);
#1331 = CYLINDRICAL_SURFACE('',#1332,3.);
#1332 = AXIS2_PLACEMENT_3D('',#1333,#1334,#1335);
#1333 = CARTESIAN_POINT('',(4.95,4.95,21.7));
#1334 = DIRECTION('',(0.,0.,1.));
#1335 = DIRECTION('',(1.,0.,0.));
#1336 = DEFINITIONAL_REPRESENTATION('',(#1337),#1341);
#1337 = LINE('',#1338,#1339);
#1338 = CARTESIAN_POINT('',(0.,6.3));
#1339 = VECTOR('',#1340,1.);
#1340 = DIRECTION('',(1.,0.));
#1341 = ( GEOMETRIC_REPRESENTATION_CONTEXT(2) 
PARAMETRIC_REPRESENTATION_CONTEXT() REPRESENTATION_CONTEXT('2D SPACE',''
  ) );
#1342 = ADVANCED_FACE('',(#1343,#1498,#1533,#1568,#1603),#156,.F.);
#1343 = FACE_BOUND('',#1344,.F.);
#1344 = EDGE_LOOP('',(#1345,#1368,#1369,#1390,#1423,#1451,#1470,#1471,
    #1472));
#1345 = ORIENTED_EDGE('',*,*,#1346,.F.);
#1346 = EDGE_CURVE('',#1079,#1347,#1349,.T.);
#1347 = VERTEX_POINT('',#1348);
#1348 = CARTESIAN_POINT('',(16.,16.1,64.));
#1349 = SURFACE_CURVE('',#1350,(#1354,#1361),.PCURVE_S1.);
#1350 = LINE('',#1351,#1352);
#1351 = CARTESIAN_POINT('',(16.,16.1,22.8));
#1352 = VECTOR('',#1353,1.);
#1353 = DIRECTION('',(0.,0.,1.));
#1354 = PCURVE('',#156,#1355);
#1355 = DEFINITIONAL_REPRESENTATION('',(#1356),#1360);
#1356 = LINE('',#1357,#1358);
#1357 = CARTESIAN_POINT('',(0.,32.));
#1358 = VECTOR('',#1359,1.);
#1359 = DIRECTION('',(1.,0.));
#1360 = ( GEOMETRIC_REPRESENTATION_CONTEXT(2) 
PARAMETRIC_REPRESENTATION_CONTEXT() REPRESENTATION_CONTEXT('2D SPACE',''
  ) );
#1361 = PCURVE('',#271,#1362);
#1362 = DEFINITIONAL_REPRESENTATION('',(#1363),#1367);
#1363 = LINE('',#1364,#1365);
#1364 = CARTESIAN_POINT('',(9.999999999999E-02,-34.7));
#1365 = VECTOR('',#1366,1.);
#1366 = DIRECTION('',(1.,0.));
#1367 = ( GEOMETRIC_REPRESENTATION_CONTEXT(2) 
PARAMETRIC_REPRESENTATION_CONTEXT() REPRESENTATION_CONTEXT('2D SPACE',''
  ) );
#1368 = ORIENTED_EDGE('',*,*,#1101,.T.);
#1369 = ORIENTED_EDGE('',*,*,#1370,.F.);
#1370 = EDGE_CURVE('',#1371,#1102,#1373,.T.);
#1371 = VERTEX_POINT('',#1372);
#1372 = CARTESIAN_POINT('',(7.5,16.1,54.890115258687));
#1373 = SURFACE_CURVE('',#1374,(#1378,#1384),.PCURVE_S1.);
#1374 = LINE('',#1375,#1376);
#1375 = CARTESIAN_POINT('',(7.5,16.1,25.26));
#1376 = VECTOR('',#1377,1.);
#1377 = DIRECTION('',(0.,0.,-1.));
#1378 = PCURVE('',#156,#1379);
#1379 = DEFINITIONAL_REPRESENTATION('',(#1380),#1383);
#1380 = B_SPLINE_CURVE_WITH_KNOTS('',1,(#1381,#1382),.UNSPECIFIED.,.F.,
  .F.,(2,2),(-31.73,-2.46),.PIECEWISE_BEZIER_KNOTS.);
#1381 = CARTESIAN_POINT('',(34.19,23.5));
#1382 = CARTESIAN_POINT('',(4.92,23.5));
#1383 = ( GEOMETRIC_REPRESENTATION_CONTEXT(2) 
PARAMETRIC_REPRESENTATION_CONTEXT() REPRESENTATION_CONTEXT('2D SPACE',''
  ) );
#1384 = PCURVE('',#1137,#1385);
#1385 = DEFINITIONAL_REPRESENTATION('',(#1386),#1389);
#1386 = B_SPLINE_CURVE_WITH_KNOTS('',1,(#1387,#1388),.UNSPECIFIED.,.F.,
  .F.,(2,2),(-31.73,-2.46),.PIECEWISE_BEZIER_KNOTS.);
#1387 = CARTESIAN_POINT('',(29.27,-1.));
#1388 = CARTESIAN_POINT('',(0.,-1.));
#1389 = ( GEOMETRIC_REPRESENTATION_CONTEXT(2) 
PARAMETRIC_REPRESENTATION_CONTEXT() REPRESENTATION_CONTEXT('2D SPACE',''
  ) );
#1390 = ORIENTED_EDGE('',*,*,#1391,.T.);
#1391 = EDGE_CURVE('',#1371,#1392,#1394,.T.);
#1392 = VERTEX_POINT('',#1393);
#1393 = CARTESIAN_POINT('',(11.8,16.1,64.));
#1394 = SURFACE_CURVE('',#1395,(#1400,#1411),.PCURVE_S1.);
#1395 = CIRCLE('',#1396,11.8);
#1396 = AXIS2_PLACEMENT_3D('',#1397,#1398,#1399);
#1397 = CARTESIAN_POINT('',(0.,16.1,64.));
#1398 = DIRECTION('',(0.,-1.,2.22044604925E-16));
#1399 = DIRECTION('',(1.,0.,0.));
#1400 = PCURVE('',#156,#1401);
#1401 = DEFINITIONAL_REPRESENTATION('',(#1402),#1410);
#1402 = ( BOUNDED_CURVE() B_SPLINE_CURVE(2,(#1403,#1404,#1405,#1406,
#1407,#1408,#1409),.UNSPECIFIED.,.T.,.F.) B_SPLINE_CURVE_WITH_KNOTS((1,2
    ,2,2,2,1),(-2.094395102393,0.,2.094395102393,4.188790204786,
6.28318530718,8.377580409573),.UNSPECIFIED.) CURVE() 
GEOMETRIC_REPRESENTATION_ITEM() RATIONAL_B_SPLINE_CURVE((1.,0.5,1.,0.5,
1.,0.5,1.)) REPRESENTATION_ITEM('') );
#1403 = CARTESIAN_POINT('',(41.2,27.8));
#1404 = CARTESIAN_POINT('',(61.638199529313,27.8));
#1405 = CARTESIAN_POINT('',(51.419099764656,10.1));
#1406 = CARTESIAN_POINT('',(41.2,-7.6));
#1407 = CARTESIAN_POINT('',(30.980900235344,10.1));
#1408 = CARTESIAN_POINT('',(20.761800470687,27.8));
#1409 = CARTESIAN_POINT('',(41.2,27.8));
#1410 = ( GEOMETRIC_REPRESENTATION_CONTEXT(2) 
PARAMETRIC_REPRESENTATION_CONTEXT() REPRESENTATION_CONTEXT('2D SPACE',''
  ) );
#1411 = PCURVE('',#1412,#1417);
#1412 = CYLINDRICAL_SURFACE('',#1413,11.8);
#1413 = AXIS2_PLACEMENT_3D('',#1414,#1415,#1416);
#1414 = CARTESIAN_POINT('',(0.,19.6,64.));
#1415 = DIRECTION('',(0.,-1.,2.22044604925E-16));
#1416 = DIRECTION('',(1.,0.,0.));
#1417 = DEFINITIONAL_REPRESENTATION('',(#1418),#1422);
#1418 = LINE('',#1419,#1420);
#1419 = CARTESIAN_POINT('',(0.,3.5));
#1420 = VECTOR('',#1421,1.);
#1421 = DIRECTION('',(1.,0.));
#1422 = ( GEOMETRIC_REPRESENTATION_CONTEXT(2) 
PARAMETRIC_REPRESENTATION_CONTEXT() REPRESENTATION_CONTEXT('2D SPACE',''
  ) );
#1423 = ORIENTED_EDGE('',*,*,#1424,.T.);
#1424 = EDGE_CURVE('',#1392,#1425,#1427,.T.);
#1425 = VERTEX_POINT('',#1426);
#1426 = CARTESIAN_POINT('',(-7.5,16.1,54.890115258687));
#1427 = SURFACE_CURVE('',#1428,(#1433,#1444),.PCURVE_S1.);
#1428 = CIRCLE('',#1429,11.8);
#1429 = AXIS2_PLACEMENT_3D('',#1430,#1431,#1432);
#1430 = CARTESIAN_POINT('',(0.,16.1,64.));
#1431 = DIRECTION('',(0.,-1.,2.22044604925E-16));
#1432 = DIRECTION('',(1.,0.,0.));
#1433 = PCURVE('',#156,#1434);
#1434 = DEFINITIONAL_REPRESENTATION('',(#1435),#1443);
#1435 = ( BOUNDED_CURVE() B_SPLINE_CURVE(2,(#1436,#1437,#1438,#1439,
#1440,#1441,#1442),.UNSPECIFIED.,.T.,.F.) B_SPLINE_CURVE_WITH_KNOTS((1,2
    ,2,2,2,1),(-2.094395102393,0.,2.094395102393,4.188790204786,
6.28318530718,8.377580409573),.UNSPECIFIED.) CURVE() 
GEOMETRIC_REPRESENTATION_ITEM() RATIONAL_B_SPLINE_CURVE((1.,0.5,1.,0.5,
1.,0.5,1.)) REPRESENTATION_ITEM('') );
#1436 = CARTESIAN_POINT('',(41.2,27.8));
#1437 = CARTESIAN_POINT('',(61.638199529313,27.8));
#1438 = CARTESIAN_POINT('',(51.419099764656,10.1));
#1439 = CARTESIAN_POINT('',(41.2,-7.6));
#1440 = CARTESIAN_POINT('',(30.980900235344,10.1));
#1441 = CARTESIAN_POINT('',(20.761800470687,27.8));
#1442 = CARTESIAN_POINT('',(41.2,27.8));
#1443 = ( GEOMETRIC_REPRESENTATION_CONTEXT(2) 
PARAMETRIC_REPRESENTATION_CONTEXT() REPRESENTATION_CONTEXT('2D SPACE',''
  ) );
#1444 = PCURVE('',#1412,#1445);
#1445 = DEFINITIONAL_REPRESENTATION('',(#1446),#1450);
#1446 = LINE('',#1447,#1448);
#1447 = CARTESIAN_POINT('',(0.,3.5));
#1448 = VECTOR('',#1449,1.);
#1449 = DIRECTION('',(1.,0.));
#1450 = ( GEOMETRIC_REPRESENTATION_CONTEXT(2) 
PARAMETRIC_REPRESENTATION_CONTEXT() REPRESENTATION_CONTEXT('2D SPACE',''
  ) );
#1451 = ORIENTED_EDGE('',*,*,#1452,.T.);
#1452 = EDGE_CURVE('',#1425,#1175,#1453,.T.);
#1453 = SURFACE_CURVE('',#1454,(#1458,#1464),.PCURVE_S1.);
#1454 = LINE('',#1455,#1456);
#1455 = CARTESIAN_POINT('',(-7.5,16.1,25.26));
#1456 = VECTOR('',#1457,1.);
#1457 = DIRECTION('',(0.,0.,-1.));
#1458 = PCURVE('',#156,#1459);
#1459 = DEFINITIONAL_REPRESENTATION('',(#1460),#1463);
#1460 = B_SPLINE_CURVE_WITH_KNOTS('',1,(#1461,#1462),.UNSPECIFIED.,.F.,
  .F.,(2,2),(-31.73,-2.46),.PIECEWISE_BEZIER_KNOTS.);
#1461 = CARTESIAN_POINT('',(34.19,8.5));
#1462 = CARTESIAN_POINT('',(4.92,8.5));
#1463 = ( GEOMETRIC_REPRESENTATION_CONTEXT(2) 
PARAMETRIC_REPRESENTATION_CONTEXT() REPRESENTATION_CONTEXT('2D SPACE',''
  ) );
#1464 = PCURVE('',#1189,#1465);
#1465 = DEFINITIONAL_REPRESENTATION('',(#1466),#1469);
#1466 = B_SPLINE_CURVE_WITH_KNOTS('',1,(#1467,#1468),.UNSPECIFIED.,.F.,
  .F.,(2,2),(-31.73,-2.46),.PIECEWISE_BEZIER_KNOTS.);
#1467 = CARTESIAN_POINT('',(29.27,-1.));
#1468 = CARTESIAN_POINT('',(0.,-1.));
#1469 = ( GEOMETRIC_REPRESENTATION_CONTEXT(2) 
PARAMETRIC_REPRESENTATION_CONTEXT() REPRESENTATION_CONTEXT('2D SPACE',''
  ) );
#1470 = ORIENTED_EDGE('',*,*,#1200,.T.);
#1471 = ORIENTED_EDGE('',*,*,#140,.T.);
#1472 = ORIENTED_EDGE('',*,*,#1473,.F.);
#1473 = EDGE_CURVE('',#1347,#113,#1474,.T.);
#1474 = SURFACE_CURVE('',#1475,(#1480,#1491),.PCURVE_S1.);
#1475 = CIRCLE('',#1476,16.);
#1476 = AXIS2_PLACEMENT_3D('',#1477,#1478,#1479);
#1477 = CARTESIAN_POINT('',(0.,16.1,64.));
#1478 = DIRECTION('',(0.,-1.,2.22044604925E-16));
#1479 = DIRECTION('',(1.,0.,0.));
#1480 = PCURVE('',#156,#1481);
#1481 = DEFINITIONAL_REPRESENTATION('',(#1482),#1490);
#1482 = ( BOUNDED_CURVE() B_SPLINE_CURVE(2,(#1483,#1484,#1485,#1486,
#1487,#1488,#1489),.UNSPECIFIED.,.T.,.F.) B_SPLINE_CURVE_WITH_KNOTS((1,2
    ,2,2,2,1),(-2.094395102393,0.,2.094395102393,4.188790204786,
6.28318530718,8.377580409573),.UNSPECIFIED.) CURVE() 
GEOMETRIC_REPRESENTATION_ITEM() RATIONAL_B_SPLINE_CURVE((1.,0.5,1.,0.5,
1.,0.5,1.)) REPRESENTATION_ITEM('') );
#1483 = CARTESIAN_POINT('',(41.2,32.));
#1484 = CARTESIAN_POINT('',(68.912812921102,32.));
#1485 = CARTESIAN_POINT('',(55.056406460551,8.));
#1486 = CARTESIAN_POINT('',(41.2,-16.));
#1487 = CARTESIAN_POINT('',(27.343593539449,8.));
#1488 = CARTESIAN_POINT('',(13.487187078898,32.));
#1489 = CARTESIAN_POINT('',(41.2,32.));
#1490 = ( GEOMETRIC_REPRESENTATION_CONTEXT(2) 
PARAMETRIC_REPRESENTATION_CONTEXT() REPRESENTATION_CONTEXT('2D SPACE',''
  ) );
#1491 = PCURVE('',#128,#1492);
#1492 = DEFINITIONAL_REPRESENTATION('',(#1493),#1497);
#1493 = LINE('',#1494,#1495);
#1494 = CARTESIAN_POINT('',(0.,2.5));
#1495 = VECTOR('',#1496,1.);
#1496 = DIRECTION('',(1.,0.));
#1497 = ( GEOMETRIC_REPRESENTATION_CONTEXT(2) 
PARAMETRIC_REPRESENTATION_CONTEXT() REPRESENTATION_CONTEXT('2D SPACE',''
  ) );
#1498 = FACE_BOUND('',#1499,.F.);
#1499 = EDGE_LOOP('',(#1500));
#1500 = ORIENTED_EDGE('',*,*,#1501,.T.);
#1501 = EDGE_CURVE('',#1502,#1502,#1504,.T.);
#1502 = VERTEX_POINT('',#1503);
#1503 = CARTESIAN_POINT('',(-9.05,16.1,35.));
#1504 = SURFACE_CURVE('',#1505,(#1510,#1521),.PCURVE_S1.);
#1505 = CIRCLE('',#1506,1.2);
#1506 = AXIS2_PLACEMENT_3D('',#1507,#1508,#1509);
#1507 = CARTESIAN_POINT('',(-10.25,16.1,35.));
#1508 = DIRECTION('',(0.,-1.,2.22044604925E-16));
#1509 = DIRECTION('',(1.,0.,0.));
#1510 = PCURVE('',#156,#1511);
#1511 = DEFINITIONAL_REPRESENTATION('',(#1512),#1520);
#1512 = ( BOUNDED_CURVE() B_SPLINE_CURVE(2,(#1513,#1514,#1515,#1516,
#1517,#1518,#1519),.UNSPECIFIED.,.T.,.F.) B_SPLINE_CURVE_WITH_KNOTS((1,2
    ,2,2,2,1),(-2.094395102393,0.,2.094395102393,4.188790204786,
6.28318530718,8.377580409573),.UNSPECIFIED.) CURVE() 
GEOMETRIC_REPRESENTATION_ITEM() RATIONAL_B_SPLINE_CURVE((1.,0.5,1.,0.5,
1.,0.5,1.)) REPRESENTATION_ITEM('') );
#1513 = CARTESIAN_POINT('',(12.2,6.95));
#1514 = CARTESIAN_POINT('',(14.278460969083,6.95));
#1515 = CARTESIAN_POINT('',(13.239230484541,5.15));
#1516 = CARTESIAN_POINT('',(12.2,3.35));
#1517 = CARTESIAN_POINT('',(11.160769515459,5.15));
#1518 = CARTESIAN_POINT('',(10.121539030917,6.95));
#1519 = CARTESIAN_POINT('',(12.2,6.95));
#1520 = ( GEOMETRIC_REPRESENTATION_CONTEXT(2) 
PARAMETRIC_REPRESENTATION_CONTEXT() REPRESENTATION_CONTEXT('2D SPACE',''
  ) );
#1521 = PCURVE('',#1522,#1527);
#1522 = CYLINDRICAL_SURFACE('',#1523,1.2);
#1523 = AXIS2_PLACEMENT_3D('',#1524,#1525,#1526);
#1524 = CARTESIAN_POINT('',(-10.25,20.6,35.));
#1525 = DIRECTION('',(0.,-1.,2.22044604925E-16));
#1526 = DIRECTION('',(1.,0.,0.));
#1527 = DEFINITIONAL_REPRESENTATION('',(#1528),#1532);
#1528 = LINE('',#1529,#1530);
#1529 = CARTESIAN_POINT('',(0.,4.5));
#1530 = VECTOR('',#1531,1.);
#1531 = DIRECTION('',(1.,0.));
#1532 = ( GEOMETRIC_REPRESENTATION_CONTEXT(2) 
PARAMETRIC_REPRESENTATION_CONTEXT() REPRESENTATION_CONTEXT('2D SPACE',''
  ) );
#1533 = FACE_BOUND('',#1534,.F.);
#1534 = EDGE_LOOP('',(#1535));
#1535 = ORIENTED_EDGE('',*,*,#1536,.T.);
#1536 = EDGE_CURVE('',#1537,#1537,#1539,.T.);
#1537 = VERTEX_POINT('',#1538);
#1538 = CARTESIAN_POINT('',(-9.05,16.1,55.7));
#1539 = SURFACE_CURVE('',#1540,(#1545,#1556),.PCURVE_S1.);
#1540 = CIRCLE('',#1541,1.2);
#1541 = AXIS2_PLACEMENT_3D('',#1542,#1543,#1544);
#1542 = CARTESIAN_POINT('',(-10.25,16.1,55.7));
#1543 = DIRECTION('',(0.,-1.,2.22044604925E-16));
#1544 = DIRECTION('',(1.,0.,0.));
#1545 = PCURVE('',#156,#1546);
#1546 = DEFINITIONAL_REPRESENTATION('',(#1547),#1555);
#1547 = ( BOUNDED_CURVE() B_SPLINE_CURVE(2,(#1548,#1549,#1550,#1551,
#1552,#1553,#1554),.UNSPECIFIED.,.T.,.F.) B_SPLINE_CURVE_WITH_KNOTS((1,2
    ,2,2,2,1),(-2.094395102393,0.,2.094395102393,4.188790204786,
6.28318530718,8.377580409573),.UNSPECIFIED.) CURVE() 
GEOMETRIC_REPRESENTATION_ITEM() RATIONAL_B_SPLINE_CURVE((1.,0.5,1.,0.5,
1.,0.5,1.)) REPRESENTATION_ITEM('') );
#1548 = CARTESIAN_POINT('',(32.9,6.95));
#1549 = CARTESIAN_POINT('',(34.978460969083,6.95));
#1550 = CARTESIAN_POINT('',(33.939230484541,5.15));
#1551 = CARTESIAN_POINT('',(32.9,3.35));
#1552 = CARTESIAN_POINT('',(31.860769515459,5.15));
#1553 = CARTESIAN_POINT('',(30.821539030917,6.95));
#1554 = CARTESIAN_POINT('',(32.9,6.95));
#1555 = ( GEOMETRIC_REPRESENTATION_CONTEXT(2) 
PARAMETRIC_REPRESENTATION_CONTEXT() REPRESENTATION_CONTEXT('2D SPACE',''
  ) );
#1556 = PCURVE('',#1557,#1562);
#1557 = CYLINDRICAL_SURFACE('',#1558,1.2);
#1558 = AXIS2_PLACEMENT_3D('',#1559,#1560,#1561);
#1559 = CARTESIAN_POINT('',(-10.25,20.6,55.7));
#1560 = DIRECTION('',(0.,-1.,2.22044604925E-16));
#1561 = DIRECTION('',(1.,0.,0.));
#1562 = DEFINITIONAL_REPRESENTATION('',(#1563),#1567);
#1563 = LINE('',#1564,#1565);
#1564 = CARTESIAN_POINT('',(0.,4.5));
#1565 = VECTOR('',#1566,1.);
#1566 = DIRECTION('',(1.,0.));
#1567 = ( GEOMETRIC_REPRESENTATION_CONTEXT(2) 
PARAMETRIC_REPRESENTATION_CONTEXT() REPRESENTATION_CONTEXT('2D SPACE',''
  ) );
#1568 = FACE_BOUND('',#1569,.F.);
#1569 = EDGE_LOOP('',(#1570));
#1570 = ORIENTED_EDGE('',*,*,#1571,.T.);
#1571 = EDGE_CURVE('',#1572,#1572,#1574,.T.);
#1572 = VERTEX_POINT('',#1573);
#1573 = CARTESIAN_POINT('',(11.45,16.1,35.));
#1574 = SURFACE_CURVE('',#1575,(#1580,#1591),.PCURVE_S1.);
#1575 = CIRCLE('',#1576,1.2);
#1576 = AXIS2_PLACEMENT_3D('',#1577,#1578,#1579);
#1577 = CARTESIAN_POINT('',(10.25,16.1,35.));
#1578 = DIRECTION('',(0.,-1.,2.22044604925E-16));
#1579 = DIRECTION('',(1.,0.,0.));
#1580 = PCURVE('',#156,#1581);
#1581 = DEFINITIONAL_REPRESENTATION('',(#1582),#1590);
#1582 = ( BOUNDED_CURVE() B_SPLINE_CURVE(2,(#1583,#1584,#1585,#1586,
#1587,#1588,#1589),.UNSPECIFIED.,.T.,.F.) B_SPLINE_CURVE_WITH_KNOTS((1,2
    ,2,2,2,1),(-2.094395102393,0.,2.094395102393,4.188790204786,
6.28318530718,8.377580409573),.UNSPECIFIED.) CURVE() 
GEOMETRIC_REPRESENTATION_ITEM() RATIONAL_B_SPLINE_CURVE((1.,0.5,1.,0.5,
1.,0.5,1.)) REPRESENTATION_ITEM('') );
#1583 = CARTESIAN_POINT('',(12.2,27.45));
#1584 = CARTESIAN_POINT('',(14.278460969083,27.45));
#1585 = CARTESIAN_POINT('',(13.239230484541,25.65));
#1586 = CARTESIAN_POINT('',(12.2,23.85));
#1587 = CARTESIAN_POINT('',(11.160769515459,25.65));
#1588 = CARTESIAN_POINT('',(10.121539030917,27.45));
#1589 = CARTESIAN_POINT('',(12.2,27.45));
#1590 = ( GEOMETRIC_REPRESENTATION_CONTEXT(2) 
PARAMETRIC_REPRESENTATION_CONTEXT() REPRESENTATION_CONTEXT('2D SPACE',''
  ) );
#1591 = PCURVE('',#1592,#1597);
#1592 = CYLINDRICAL_SURFACE('',#1593,1.2);
#1593 = AXIS2_PLACEMENT_3D('',#1594,#1595,#1596);
#1594 = CARTESIAN_POINT('',(10.25,20.6,35.));
#1595 = DIRECTION('',(0.,-1.,2.22044604925E-16));
#1596 = DIRECTION('',(1.,0.,0.));
#1597 = DEFINITIONAL_REPRESENTATION('',(#1598),#1602);
#1598 = LINE('',#1599,#1600);
#1599 = CARTESIAN_POINT('',(0.,4.5));
#1600 = VECTOR('',#1601,1.);
#1601 = DIRECTION('',(1.,0.));
#1602 = ( GEOMETRIC_REPRESENTATION_CONTEXT(2) 
PARAMETRIC_REPRESENTATION_CONTEXT() REPRESENTATION_CONTEXT('2D SPACE',''
  ) );
#1603 = FACE_BOUND('',#1604,.F.);
#1604 = EDGE_LOOP('',(#1605));
#1605 = ORIENTED_EDGE('',*,*,#1606,.T.);
#1606 = EDGE_CURVE('',#1607,#1607,#1609,.T.);
#1607 = VERTEX_POINT('',#1608);
#1608 = CARTESIAN_POINT('',(11.45,16.1,55.7));
#1609 = SURFACE_CURVE('',#1610,(#1615,#1626),.PCURVE_S1.);
#1610 = CIRCLE('',#1611,1.2);
#1611 = AXIS2_PLACEMENT_3D('',#1612,#1613,#1614);
#1612 = CARTESIAN_POINT('',(10.25,16.1,55.7));
#1613 = DIRECTION('',(0.,-1.,2.22044604925E-16));
#1614 = DIRECTION('',(1.,0.,0.));
#1615 = PCURVE('',#156,#1616);
#1616 = DEFINITIONAL_REPRESENTATION('',(#1617),#1625);
#1617 = ( BOUNDED_CURVE() B_SPLINE_CURVE(2,(#1618,#1619,#1620,#1621,
#1622,#1623,#1624),.UNSPECIFIED.,.T.,.F.) B_SPLINE_CURVE_WITH_KNOTS((1,2
    ,2,2,2,1),(-2.094395102393,0.,2.094395102393,4.188790204786,
6.28318530718,8.377580409573),.UNSPECIFIED.) CURVE() 
GEOMETRIC_REPRESENTATION_ITEM() RATIONAL_B_SPLINE_CURVE((1.,0.5,1.,0.5,
1.,0.5,1.)) REPRESENTATION_ITEM('') );
#1618 = CARTESIAN_POINT('',(32.9,27.45));
#1619 = CARTESIAN_POINT('',(34.978460969083,27.45));
#1620 = CARTESIAN_POINT('',(33.939230484541,25.65));
#1621 = CARTESIAN_POINT('',(32.9,23.85));
#1622 = CARTESIAN_POINT('',(31.860769515459,25.65));
#1623 = CARTESIAN_POINT('',(30.821539030917,27.45));
#1624 = CARTESIAN_POINT('',(32.9,27.45));
#1625 = ( GEOMETRIC_REPRESENTATION_CONTEXT(2) 
PARAMETRIC_REPRESENTATION_CONTEXT() REPRESENTATION_CONTEXT('2D SPACE',''
  ) );
#1626 = PCURVE('',#1627,#1632);
#1627 = CYLINDRICAL_SURFACE('',#1628,1.2);
#1628 = AXIS2_PLACEMENT_3D('',#1629,#1630,#1631);
#1629 = CARTESIAN_POINT('',(10.25,20.6,55.7));
#1630 = DIRECTION('',(0.,-1.,2.22044604925E-16));
#1631 = DIRECTION('',(1.,0.,0.));
#1632 = DEFINITIONAL_REPRESENTATION('',(#1633),#1637);
#1633 = LINE('',#1634,#1635);
#1634 = CARTESIAN_POINT('',(0.,4.5));
#1635 = VECTOR('',#1636,1.);
#1636 = DIRECTION('',(1.,0.));
#1637 = ( GEOMETRIC_REPRESENTATION_CONTEXT(2) 
PARAMETRIC_REPRESENTATION_CONTEXT() REPRESENTATION_CONTEXT('2D SPACE',''
  ) );
#1638 = ADVANCED_FACE('',(#1639),#128,.T.);
#1639 = FACE_BOUND('',#1640,.T.);
#1640 = EDGE_LOOP('',(#1641,#1642,#1664,#1690));
#1641 = ORIENTED_EDGE('',*,*,#1473,.F.);
#1642 = ORIENTED_EDGE('',*,*,#1643,.T.);
#1643 = EDGE_CURVE('',#1347,#1644,#1646,.T.);
#1644 = VERTEX_POINT('',#1645);
#1645 = CARTESIAN_POINT('',(16.,18.6,64.));
#1646 = SURFACE_CURVE('',#1647,(#1651,#1657),.PCURVE_S1.);
#1647 = LINE('',#1648,#1649);
#1648 = CARTESIAN_POINT('',(16.,16.1,64.));
#1649 = VECTOR('',#1650,1.);
#1650 = DIRECTION('',(0.,1.,0.));
#1651 = PCURVE('',#128,#1652);
#1652 = DEFINITIONAL_REPRESENTATION('',(#1653),#1656);
#1653 = B_SPLINE_CURVE_WITH_KNOTS('',1,(#1654,#1655),.UNSPECIFIED.,.F.,
  .F.,(2,2),(0.,2.5),.PIECEWISE_BEZIER_KNOTS.);
#1654 = CARTESIAN_POINT('',(0.,2.5));
#1655 = CARTESIAN_POINT('',(0.,0.));
#1656 = ( GEOMETRIC_REPRESENTATION_CONTEXT(2) 
PARAMETRIC_REPRESENTATION_CONTEXT() REPRESENTATION_CONTEXT('2D SPACE',''
  ) );
#1657 = PCURVE('',#271,#1658);
#1658 = DEFINITIONAL_REPRESENTATION('',(#1659),#1663);
#1659 = LINE('',#1660,#1661);
#1660 = CARTESIAN_POINT('',(41.3,-34.7));
#1661 = VECTOR('',#1662,1.);
#1662 = DIRECTION('',(0.,-1.));
#1663 = ( GEOMETRIC_REPRESENTATION_CONTEXT(2) 
PARAMETRIC_REPRESENTATION_CONTEXT() REPRESENTATION_CONTEXT('2D SPACE',''
  ) );
#1664 = ORIENTED_EDGE('',*,*,#1665,.T.);
#1665 = EDGE_CURVE('',#1644,#85,#1666,.T.);
#1666 = SURFACE_CURVE('',#1667,(#1672,#1679),.PCURVE_S1.);
#1667 = CIRCLE('',#1668,16.);
#1668 = AXIS2_PLACEMENT_3D('',#1669,#1670,#1671);
#1669 = CARTESIAN_POINT('',(0.,18.6,64.));
#1670 = DIRECTION('',(0.,-1.,2.22044604925E-16));
#1671 = DIRECTION('',(1.,0.,0.));
#1672 = PCURVE('',#128,#1673);
#1673 = DEFINITIONAL_REPRESENTATION('',(#1674),#1678);
#1674 = LINE('',#1675,#1676);
#1675 = CARTESIAN_POINT('',(0.,0.));
#1676 = VECTOR('',#1677,1.);
#1677 = DIRECTION('',(1.,0.));
#1678 = ( GEOMETRIC_REPRESENTATION_CONTEXT(2) 
PARAMETRIC_REPRESENTATION_CONTEXT() REPRESENTATION_CONTEXT('2D SPACE',''
  ) );
#1679 = PCURVE('',#100,#1680);
#1680 = DEFINITIONAL_REPRESENTATION('',(#1681),#1689);
#1681 = ( BOUNDED_CURVE() B_SPLINE_CURVE(2,(#1682,#1683,#1684,#1685,
#1686,#1687,#1688),.UNSPECIFIED.,.T.,.F.) B_SPLINE_CURVE_WITH_KNOTS((1,2
    ,2,2,2,1),(-2.094395102393,0.,2.094395102393,4.188790204786,
6.28318530718,8.377580409573),.UNSPECIFIED.) CURVE() 
GEOMETRIC_REPRESENTATION_ITEM() RATIONAL_B_SPLINE_CURVE((1.,0.5,1.,0.5,
1.,0.5,1.)) REPRESENTATION_ITEM('') );
#1682 = CARTESIAN_POINT('',(41.3,32.));
#1683 = CARTESIAN_POINT('',(69.012812921102,32.));
#1684 = CARTESIAN_POINT('',(55.156406460551,8.));
#1685 = CARTESIAN_POINT('',(41.3,-16.));
#1686 = CARTESIAN_POINT('',(27.443593539449,8.));
#1687 = CARTESIAN_POINT('',(13.587187078898,32.));
#1688 = CARTESIAN_POINT('',(41.3,32.));
#1689 = ( GEOMETRIC_REPRESENTATION_CONTEXT(2) 
PARAMETRIC_REPRESENTATION_CONTEXT() REPRESENTATION_CONTEXT('2D SPACE',''
  ) );
#1690 = ORIENTED_EDGE('',*,*,#112,.F.);
#1691 = ADVANCED_FACE('',(#1692,#1740,#1908,#1939),#100,.T.);
#1692 = FACE_BOUND('',#1693,.T.);
#1693 = EDGE_LOOP('',(#1694,#1717,#1718,#1719));
#1694 = ORIENTED_EDGE('',*,*,#1695,.F.);
#1695 = EDGE_CURVE('',#57,#1696,#1698,.T.);
#1696 = VERTEX_POINT('',#1697);
#1697 = CARTESIAN_POINT('',(16.,18.6,22.7));
#1698 = SURFACE_CURVE('',#1699,(#1703,#1710),.PCURVE_S1.);
#1699 = LINE('',#1700,#1701);
#1700 = CARTESIAN_POINT('',(-16.,18.6,22.7));
#1701 = VECTOR('',#1702,1.);
#1702 = DIRECTION('',(1.,0.,0.));
#1703 = PCURVE('',#100,#1704);
#1704 = DEFINITIONAL_REPRESENTATION('',(#1705),#1709);
#1705 = LINE('',#1706,#1707);
#1706 = CARTESIAN_POINT('',(0.,0.));
#1707 = VECTOR('',#1708,1.);
#1708 = DIRECTION('',(0.,1.));
#1709 = ( GEOMETRIC_REPRESENTATION_CONTEXT(2) 
PARAMETRIC_REPRESENTATION_CONTEXT() REPRESENTATION_CONTEXT('2D SPACE',''
  ) );
#1710 = PCURVE('',#72,#1711);
#1711 = DEFINITIONAL_REPRESENTATION('',(#1712),#1716);
#1712 = LINE('',#1713,#1714);
#1713 = CARTESIAN_POINT('',(0.,37.2));
#1714 = VECTOR('',#1715,1.);
#1715 = DIRECTION('',(1.,0.));
#1716 = ( GEOMETRIC_REPRESENTATION_CONTEXT(2) 
PARAMETRIC_REPRESENTATION_CONTEXT() REPRESENTATION_CONTEXT('2D SPACE',''
  ) );
#1717 = ORIENTED_EDGE('',*,*,#84,.F.);
#1718 = ORIENTED_EDGE('',*,*,#1665,.F.);
#1719 = ORIENTED_EDGE('',*,*,#1720,.T.);
#1720 = EDGE_CURVE('',#1644,#1696,#1721,.T.);
#1721 = SURFACE_CURVE('',#1722,(#1726,#1733),.PCURVE_S1.);
#1722 = LINE('',#1723,#1724);
#1723 = CARTESIAN_POINT('',(16.,18.6,64.));
#1724 = VECTOR('',#1725,1.);
#1725 = DIRECTION('',(0.,0.,-1.));
#1726 = PCURVE('',#100,#1727);
#1727 = DEFINITIONAL_REPRESENTATION('',(#1728),#1732);
#1728 = LINE('',#1729,#1730);
#1729 = CARTESIAN_POINT('',(41.3,32.));
#1730 = VECTOR('',#1731,1.);
#1731 = DIRECTION('',(-1.,0.));
#1732 = ( GEOMETRIC_REPRESENTATION_CONTEXT(2) 
PARAMETRIC_REPRESENTATION_CONTEXT() REPRESENTATION_CONTEXT('2D SPACE',''
  ) );
#1733 = PCURVE('',#271,#1734);
#1734 = DEFINITIONAL_REPRESENTATION('',(#1735),#1739);
#1735 = LINE('',#1736,#1737);
#1736 = CARTESIAN_POINT('',(41.3,-37.2));
#1737 = VECTOR('',#1738,1.);
#1738 = DIRECTION('',(-1.,0.));
#1739 = ( GEOMETRIC_REPRESENTATION_CONTEXT(2) 
PARAMETRIC_REPRESENTATION_CONTEXT() REPRESENTATION_CONTEXT('2D SPACE',''
  ) );
#1740 = FACE_BOUND('',#1741,.T.);
#1741 = EDGE_LOOP('',(#1742,#1773,#1801,#1830,#1854,#1882));
#1742 = ORIENTED_EDGE('',*,*,#1743,.F.);
#1743 = EDGE_CURVE('',#1744,#1746,#1748,.T.);
#1744 = VERTEX_POINT('',#1745);
#1745 = CARTESIAN_POINT('',(-8.027218614686,18.6,55.351083228979));
#1746 = VERTEX_POINT('',#1747);
#1747 = CARTESIAN_POINT('',(-10.12907405141,18.6,57.946748075544));
#1748 = SURFACE_CURVE('',#1749,(#1754,#1761),.PCURVE_S1.);
#1749 = CIRCLE('',#1750,2.25);
#1750 = AXIS2_PLACEMENT_3D('',#1751,#1752,#1753);
#1751 = CARTESIAN_POINT('',(-10.25,18.6,55.7));
#1752 = DIRECTION('',(0.,1.,2.22044604925E-16));
#1753 = DIRECTION('',(1.,0.,-0.));
#1754 = PCURVE('',#100,#1755);
#1755 = DEFINITIONAL_REPRESENTATION('',(#1756),#1760);
#1756 = CIRCLE('',#1757,2.25);
#1757 = AXIS2_PLACEMENT_2D('',#1758,#1759);
#1758 = CARTESIAN_POINT('',(33.,5.75));
#1759 = DIRECTION('',(0.,1.));
#1760 = ( GEOMETRIC_REPRESENTATION_CONTEXT(2) 
PARAMETRIC_REPRESENTATION_CONTEXT() REPRESENTATION_CONTEXT('2D SPACE',''
  ) );
#1761 = PCURVE('',#1762,#1767);
#1762 = CONICAL_SURFACE('',#1763,1.2,0.785398163397);
#1763 = AXIS2_PLACEMENT_3D('',#1764,#1765,#1766);
#1764 = CARTESIAN_POINT('',(-10.25,17.55,55.7));
#1765 = DIRECTION('',(0.,1.,2.22044604925E-16));
#1766 = DIRECTION('',(1.,0.,0.));
#1767 = DEFINITIONAL_REPRESENTATION('',(#1768),#1772);
#1768 = LINE('',#1769,#1770);
#1769 = CARTESIAN_POINT('',(0.,1.05));
#1770 = VECTOR('',#1771,1.);
#1771 = DIRECTION('',(1.,0.));
#1772 = ( GEOMETRIC_REPRESENTATION_CONTEXT(2) 
PARAMETRIC_REPRESENTATION_CONTEXT() REPRESENTATION_CONTEXT('2D SPACE',''
  ) );
#1773 = ORIENTED_EDGE('',*,*,#1774,.T.);
#1774 = EDGE_CURVE('',#1744,#1775,#1777,.T.);
#1775 = VERTEX_POINT('',#1776);
#1776 = CARTESIAN_POINT('',(8.027218614686,18.6,55.351083228979));
#1777 = SURFACE_CURVE('',#1778,(#1783,#1794),.PCURVE_S1.);
#1778 = CIRCLE('',#1779,11.8);
#1779 = AXIS2_PLACEMENT_3D('',#1780,#1781,#1782);
#1780 = CARTESIAN_POINT('',(0.,18.6,64.));
#1781 = DIRECTION('',(0.,-1.,2.22044604925E-16));
#1782 = DIRECTION('',(1.,0.,0.));
#1783 = PCURVE('',#100,#1784);
#1784 = DEFINITIONAL_REPRESENTATION('',(#1785),#1793);
#1785 = ( BOUNDED_CURVE() B_SPLINE_CURVE(2,(#1786,#1787,#1788,#1789,
#1790,#1791,#1792),.UNSPECIFIED.,.T.,.F.) B_SPLINE_CURVE_WITH_KNOTS((1,2
    ,2,2,2,1),(-2.094395102393,0.,2.094395102393,4.188790204786,
6.28318530718,8.377580409573),.UNSPECIFIED.) CURVE() 
GEOMETRIC_REPRESENTATION_ITEM() RATIONAL_B_SPLINE_CURVE((1.,0.5,1.,0.5,
1.,0.5,1.)) REPRESENTATION_ITEM('') );
#1786 = CARTESIAN_POINT('',(41.3,27.8));
#1787 = CARTESIAN_POINT('',(61.738199529313,27.8));
#1788 = CARTESIAN_POINT('',(51.519099764656,10.1));
#1789 = CARTESIAN_POINT('',(41.3,-7.6));
#1790 = CARTESIAN_POINT('',(31.080900235344,10.1));
#1791 = CARTESIAN_POINT('',(20.861800470687,27.8));
#1792 = CARTESIAN_POINT('',(41.3,27.8));
#1793 = ( GEOMETRIC_REPRESENTATION_CONTEXT(2) 
PARAMETRIC_REPRESENTATION_CONTEXT() REPRESENTATION_CONTEXT('2D SPACE',''
  ) );
#1794 = PCURVE('',#1412,#1795);
#1795 = DEFINITIONAL_REPRESENTATION('',(#1796),#1800);
#1796 = LINE('',#1797,#1798);
#1797 = CARTESIAN_POINT('',(0.,1.));
#1798 = VECTOR('',#1799,1.);
#1799 = DIRECTION('',(1.,0.));
#1800 = ( GEOMETRIC_REPRESENTATION_CONTEXT(2) 
PARAMETRIC_REPRESENTATION_CONTEXT() REPRESENTATION_CONTEXT('2D SPACE',''
  ) );
#1801 = ORIENTED_EDGE('',*,*,#1802,.F.);
#1802 = EDGE_CURVE('',#1803,#1775,#1805,.T.);
#1803 = VERTEX_POINT('',#1804);
#1804 = CARTESIAN_POINT('',(12.5,18.6,55.7));
#1805 = SURFACE_CURVE('',#1806,(#1811,#1818),.PCURVE_S1.);
#1806 = CIRCLE('',#1807,2.25);
#1807 = AXIS2_PLACEMENT_3D('',#1808,#1809,#1810);
#1808 = CARTESIAN_POINT('',(10.25,18.6,55.7));
#1809 = DIRECTION('',(0.,1.,2.22044604925E-16));
#1810 = DIRECTION('',(1.,0.,-0.));
#1811 = PCURVE('',#100,#1812);
#1812 = DEFINITIONAL_REPRESENTATION('',(#1813),#1817);
#1813 = CIRCLE('',#1814,2.25);
#1814 = AXIS2_PLACEMENT_2D('',#1815,#1816);
#1815 = CARTESIAN_POINT('',(33.,26.25));
#1816 = DIRECTION('',(0.,1.));
#1817 = ( GEOMETRIC_REPRESENTATION_CONTEXT(2) 
PARAMETRIC_REPRESENTATION_CONTEXT() REPRESENTATION_CONTEXT('2D SPACE',''
  ) );
#1818 = PCURVE('',#1819,#1824);
#1819 = CONICAL_SURFACE('',#1820,1.2,0.785398163397);
#1820 = AXIS2_PLACEMENT_3D('',#1821,#1822,#1823);
#1821 = CARTESIAN_POINT('',(10.25,17.55,55.7));
#1822 = DIRECTION('',(0.,1.,2.22044604925E-16));
#1823 = DIRECTION('',(1.,0.,0.));
#1824 = DEFINITIONAL_REPRESENTATION('',(#1825),#1829);
#1825 = LINE('',#1826,#1827);
#1826 = CARTESIAN_POINT('',(0.,1.05));
#1827 = VECTOR('',#1828,1.);
#1828 = DIRECTION('',(1.,0.));
#1829 = ( GEOMETRIC_REPRESENTATION_CONTEXT(2) 
PARAMETRIC_REPRESENTATION_CONTEXT() REPRESENTATION_CONTEXT('2D SPACE',''
  ) );
#1830 = ORIENTED_EDGE('',*,*,#1831,.F.);
#1831 = EDGE_CURVE('',#1832,#1803,#1834,.T.);
#1832 = VERTEX_POINT('',#1833);
#1833 = CARTESIAN_POINT('',(10.129074051416,18.6,57.946748075544));
#1834 = SURFACE_CURVE('',#1835,(#1840,#1847),.PCURVE_S1.);
#1835 = CIRCLE('',#1836,2.25);
#1836 = AXIS2_PLACEMENT_3D('',#1837,#1838,#1839);
#1837 = CARTESIAN_POINT('',(10.25,18.6,55.7));
#1838 = DIRECTION('',(0.,1.,2.22044604925E-16));
#1839 = DIRECTION('',(1.,0.,-0.));
#1840 = PCURVE('',#100,#1841);
#1841 = DEFINITIONAL_REPRESENTATION('',(#1842),#1846);
#1842 = CIRCLE('',#1843,2.25);
#1843 = AXIS2_PLACEMENT_2D('',#1844,#1845);
#1844 = CARTESIAN_POINT('',(33.,26.25));
#1845 = DIRECTION('',(0.,1.));
#1846 = ( GEOMETRIC_REPRESENTATION_CONTEXT(2) 
PARAMETRIC_REPRESENTATION_CONTEXT() REPRESENTATION_CONTEXT('2D SPACE',''
  ) );
#1847 = PCURVE('',#1819,#1848);
#1848 = DEFINITIONAL_REPRESENTATION('',(#1849),#1853);
#1849 = LINE('',#1850,#1851);
#1850 = CARTESIAN_POINT('',(0.,1.05));
#1851 = VECTOR('',#1852,1.);
#1852 = DIRECTION('',(1.,0.));
#1853 = ( GEOMETRIC_REPRESENTATION_CONTEXT(2) 
PARAMETRIC_REPRESENTATION_CONTEXT() REPRESENTATION_CONTEXT('2D SPACE',''
  ) );
#1854 = ORIENTED_EDGE('',*,*,#1855,.T.);
#1855 = EDGE_CURVE('',#1832,#1856,#1858,.T.);
#1856 = VERTEX_POINT('',#1857);
#1857 = CARTESIAN_POINT('',(11.8,18.6,64.));
#1858 = SURFACE_CURVE('',#1859,(#1864,#1875),.PCURVE_S1.);
#1859 = CIRCLE('',#1860,11.8);
#1860 = AXIS2_PLACEMENT_3D('',#1861,#1862,#1863);
#1861 = CARTESIAN_POINT('',(0.,18.6,64.));
#1862 = DIRECTION('',(0.,-1.,2.22044604925E-16));
#1863 = DIRECTION('',(1.,0.,0.));
#1864 = PCURVE('',#100,#1865);
#1865 = DEFINITIONAL_REPRESENTATION('',(#1866),#1874);
#1866 = ( BOUNDED_CURVE() B_SPLINE_CURVE(2,(#1867,#1868,#1869,#1870,
#1871,#1872,#1873),.UNSPECIFIED.,.T.,.F.) B_SPLINE_CURVE_WITH_KNOTS((1,2
    ,2,2,2,1),(-2.094395102393,0.,2.094395102393,4.188790204786,
6.28318530718,8.377580409573),.UNSPECIFIED.) CURVE() 
GEOMETRIC_REPRESENTATION_ITEM() RATIONAL_B_SPLINE_CURVE((1.,0.5,1.,0.5,
1.,0.5,1.)) REPRESENTATION_ITEM('') );
#1867 = CARTESIAN_POINT('',(41.3,27.8));
#1868 = CARTESIAN_POINT('',(61.738199529313,27.8));
#1869 = CARTESIAN_POINT('',(51.519099764656,10.1));
#1870 = CARTESIAN_POINT('',(41.3,-7.6));
#1871 = CARTESIAN_POINT('',(31.080900235344,10.1));
#1872 = CARTESIAN_POINT('',(20.861800470687,27.8));
#1873 = CARTESIAN_POINT('',(41.3,27.8));
#1874 = ( GEOMETRIC_REPRESENTATION_CONTEXT(2) 
PARAMETRIC_REPRESENTATION_CONTEXT() REPRESENTATION_CONTEXT('2D SPACE',''
  ) );
#1875 = PCURVE('',#1412,#1876);
#1876 = DEFINITIONAL_REPRESENTATION('',(#1877),#1881);
#1877 = LINE('',#1878,#1879);
#1878 = CARTESIAN_POINT('',(0.,1.));
#1879 = VECTOR('',#1880,1.);
#1880 = DIRECTION('',(1.,0.));
#1881 = ( GEOMETRIC_REPRESENTATION_CONTEXT(2) 
PARAMETRIC_REPRESENTATION_CONTEXT() REPRESENTATION_CONTEXT('2D SPACE',''
  ) );
#1882 = ORIENTED_EDGE('',*,*,#1883,.T.);
#1883 = EDGE_CURVE('',#1856,#1746,#1884,.T.);
#1884 = SURFACE_CURVE('',#1885,(#1890,#1901),.PCURVE_S1.);
#1885 = CIRCLE('',#1886,11.8);
#1886 = AXIS2_PLACEMENT_3D('',#1887,#1888,#1889);
#1887 = CARTESIAN_POINT('',(0.,18.6,64.));
#1888 = DIRECTION('',(0.,-1.,2.22044604925E-16));
#1889 = DIRECTION('',(1.,0.,0.));
#1890 = PCURVE('',#100,#1891);
#1891 = DEFINITIONAL_REPRESENTATION('',(#1892),#1900);
#1892 = ( BOUNDED_CURVE() B_SPLINE_CURVE(2,(#1893,#1894,#1895,#1896,
#1897,#1898,#1899),.UNSPECIFIED.,.T.,.F.) B_SPLINE_CURVE_WITH_KNOTS((1,2
    ,2,2,2,1),(-2.094395102393,0.,2.094395102393,4.188790204786,
6.28318530718,8.377580409573),.UNSPECIFIED.) CURVE() 
GEOMETRIC_REPRESENTATION_ITEM() RATIONAL_B_SPLINE_CURVE((1.,0.5,1.,0.5,
1.,0.5,1.)) REPRESENTATION_ITEM('') );
#1893 = CARTESIAN_POINT('',(41.3,27.8));
#1894 = CARTESIAN_POINT('',(61.738199529313,27.8));
#1895 = CARTESIAN_POINT('',(51.519099764656,10.1));
#1896 = CARTESIAN_POINT('',(41.3,-7.6));
#1897 = CARTESIAN_POINT('',(31.080900235344,10.1));
#1898 = CARTESIAN_POINT('',(20.861800470687,27.8));
#1899 = CARTESIAN_POINT('',(41.3,27.8));
#1900 = ( GEOMETRIC_REPRESENTATION_CONTEXT(2) 
PARAMETRIC_REPRESENTATION_CONTEXT() REPRESENTATION_CONTEXT('2D SPACE',''
  ) );
#1901 = PCURVE('',#1412,#1902);
#1902 = DEFINITIONAL_REPRESENTATION('',(#1903),#1907);
#1903 = LINE('',#1904,#1905);
#1904 = CARTESIAN_POINT('',(0.,1.));
#1905 = VECTOR('',#1906,1.);
#1906 = DIRECTION('',(1.,0.));
#1907 = ( GEOMETRIC_REPRESENTATION_CONTEXT(2) 
PARAMETRIC_REPRESENTATION_CONTEXT() REPRESENTATION_CONTEXT('2D SPACE',''
  ) );
#1908 = FACE_BOUND('',#1909,.T.);
#1909 = EDGE_LOOP('',(#1910));
#1910 = ORIENTED_EDGE('',*,*,#1911,.F.);
#1911 = EDGE_CURVE('',#1912,#1912,#1914,.T.);
#1912 = VERTEX_POINT('',#1913);
#1913 = CARTESIAN_POINT('',(-8.,18.6,35.));
#1914 = SURFACE_CURVE('',#1915,(#1920,#1927),.PCURVE_S1.);
#1915 = CIRCLE('',#1916,2.25);
#1916 = AXIS2_PLACEMENT_3D('',#1917,#1918,#1919);
#1917 = CARTESIAN_POINT('',(-10.25,18.6,35.));
#1918 = DIRECTION('',(0.,1.,2.22044604925E-16));
#1919 = DIRECTION('',(1.,0.,-0.));
#1920 = PCURVE('',#100,#1921);
#1921 = DEFINITIONAL_REPRESENTATION('',(#1922),#1926);
#1922 = CIRCLE('',#1923,2.25);
#1923 = AXIS2_PLACEMENT_2D('',#1924,#1925);
#1924 = CARTESIAN_POINT('',(12.3,5.75));
#1925 = DIRECTION('',(0.,1.));
#1926 = ( GEOMETRIC_REPRESENTATION_CONTEXT(2) 
PARAMETRIC_REPRESENTATION_CONTEXT() REPRESENTATION_CONTEXT('2D SPACE',''
  ) );
#1927 = PCURVE('',#1928,#1933);
#1928 = CONICAL_SURFACE('',#1929,1.2,0.785398163397);
#1929 = AXIS2_PLACEMENT_3D('',#1930,#1931,#1932);
#1930 = CARTESIAN_POINT('',(-10.25,17.55,35.));
#1931 = DIRECTION('',(0.,1.,2.22044604925E-16));
#1932 = DIRECTION('',(1.,0.,0.));
#1933 = DEFINITIONAL_REPRESENTATION('',(#1934),#1938);
#1934 = LINE('',#1935,#1936);
#1935 = CARTESIAN_POINT('',(0.,1.05));
#1936 = VECTOR('',#1937,1.);
#1937 = DIRECTION('',(1.,0.));
#1938 = ( GEOMETRIC_REPRESENTATION_CONTEXT(2) 
PARAMETRIC_REPRESENTATION_CONTEXT() REPRESENTATION_CONTEXT('2D SPACE',''
  ) );
#1939 = FACE_BOUND('',#1940,.T.);
#1940 = EDGE_LOOP('',(#1941));
#1941 = ORIENTED_EDGE('',*,*,#1942,.F.);
#1942 = EDGE_CURVE('',#1943,#1943,#1945,.T.);
#1943 = VERTEX_POINT('',#1944);
#1944 = CARTESIAN_POINT('',(12.5,18.6,35.));
#1945 = SURFACE_CURVE('',#1946,(#1951,#1958),.PCURVE_S1.);
#1946 = CIRCLE('',#1947,2.25);
#1947 = AXIS2_PLACEMENT_3D('',#1948,#1949,#1950);
#1948 = CARTESIAN_POINT('',(10.25,18.6,35.));
#1949 = DIRECTION('',(0.,1.,2.22044604925E-16));
#1950 = DIRECTION('',(1.,0.,-0.));
#1951 = PCURVE('',#100,#1952);
#1952 = DEFINITIONAL_REPRESENTATION('',(#1953),#1957);
#1953 = CIRCLE('',#1954,2.25);
#1954 = AXIS2_PLACEMENT_2D('',#1955,#1956);
#1955 = CARTESIAN_POINT('',(12.3,26.25));
#1956 = DIRECTION('',(0.,1.));
#1957 = ( GEOMETRIC_REPRESENTATION_CONTEXT(2) 
PARAMETRIC_REPRESENTATION_CONTEXT() REPRESENTATION_CONTEXT('2D SPACE',''
  ) );
#1958 = PCURVE('',#1959,#1964);
#1959 = CONICAL_SURFACE('',#1960,1.2,0.785398163397);
#1960 = AXIS2_PLACEMENT_3D('',#1961,#1962,#1963);
#1961 = CARTESIAN_POINT('',(10.25,17.55,35.));
#1962 = DIRECTION('',(0.,1.,2.22044604925E-16));
#1963 = DIRECTION('',(1.,0.,0.));
#1964 = DEFINITIONAL_REPRESENTATION('',(#1965),#1969);
#1965 = LINE('',#1966,#1967);
#1966 = CARTESIAN_POINT('',(0.,1.05));
#1967 = VECTOR('',#1968,1.);
#1968 = DIRECTION('',(1.,0.));
#1969 = ( GEOMETRIC_REPRESENTATION_CONTEXT(2) 
PARAMETRIC_REPRESENTATION_CONTEXT() REPRESENTATION_CONTEXT('2D SPACE',''
  ) );
#1970 = ADVANCED_FACE('',(#1971,#1997),#72,.F.);
#1971 = FACE_BOUND('',#1972,.F.);
#1972 = EDGE_LOOP('',(#1973,#1974,#1975,#1996));
#1973 = ORIENTED_EDGE('',*,*,#56,.F.);
#1974 = ORIENTED_EDGE('',*,*,#283,.T.);
#1975 = ORIENTED_EDGE('',*,*,#1976,.T.);
#1976 = EDGE_CURVE('',#254,#1696,#1977,.T.);
#1977 = SURFACE_CURVE('',#1978,(#1982,#1989),.PCURVE_S1.);
#1978 = LINE('',#1979,#1980);
#1979 = CARTESIAN_POINT('',(16.,-18.6,22.7));
#1980 = VECTOR('',#1981,1.);
#1981 = DIRECTION('',(0.,1.,0.));
#1982 = PCURVE('',#72,#1983);
#1983 = DEFINITIONAL_REPRESENTATION('',(#1984),#1988);
#1984 = LINE('',#1985,#1986);
#1985 = CARTESIAN_POINT('',(32.,0.));
#1986 = VECTOR('',#1987,1.);
#1987 = DIRECTION('',(0.,1.));
#1988 = ( GEOMETRIC_REPRESENTATION_CONTEXT(2) 
PARAMETRIC_REPRESENTATION_CONTEXT() REPRESENTATION_CONTEXT('2D SPACE',''
  ) );
#1989 = PCURVE('',#271,#1990);
#1990 = DEFINITIONAL_REPRESENTATION('',(#1991),#1995);
#1991 = LINE('',#1992,#1993);
#1992 = CARTESIAN_POINT('',(0.,0.));
#1993 = VECTOR('',#1994,1.);
#1994 = DIRECTION('',(0.,-1.));
#1995 = ( GEOMETRIC_REPRESENTATION_CONTEXT(2) 
PARAMETRIC_REPRESENTATION_CONTEXT() REPRESENTATION_CONTEXT('2D SPACE',''
  ) );
#1996 = ORIENTED_EDGE('',*,*,#1695,.F.);
#1997 = FACE_BOUND('',#1998,.F.);
#1998 = EDGE_LOOP('',(#1999,#2030,#2054,#2078,#2102,#2126,#2150,#2174,
    #2198));
#1999 = ORIENTED_EDGE('',*,*,#2000,.F.);
#2000 = EDGE_CURVE('',#2001,#2003,#2005,.T.);
#2001 = VERTEX_POINT('',#2002);
#2002 = CARTESIAN_POINT('',(10.,-2.449293598295E-15,22.7));
#2003 = VERTEX_POINT('',#2004);
#2004 = CARTESIAN_POINT('',(7.11007982483,7.031839367089,22.7));
#2005 = SURFACE_CURVE('',#2006,(#2011,#2018),.PCURVE_S1.);
#2006 = CIRCLE('',#2007,10.);
#2007 = AXIS2_PLACEMENT_3D('',#2008,#2009,#2010);
#2008 = CARTESIAN_POINT('',(0.,0.,22.7));
#2009 = DIRECTION('',(0.,0.,1.));
#2010 = DIRECTION('',(1.,0.,0.));
#2011 = PCURVE('',#72,#2012);
#2012 = DEFINITIONAL_REPRESENTATION('',(#2013),#2017);
#2013 = CIRCLE('',#2014,10.);
#2014 = AXIS2_PLACEMENT_2D('',#2015,#2016);
#2015 = CARTESIAN_POINT('',(16.,18.6));
#2016 = DIRECTION('',(1.,0.));
#2017 = ( GEOMETRIC_REPRESENTATION_CONTEXT(2) 
PARAMETRIC_REPRESENTATION_CONTEXT() REPRESENTATION_CONTEXT('2D SPACE',''
  ) );
#2018 = PCURVE('',#2019,#2024);
#2019 = CYLINDRICAL_SURFACE('',#2020,10.);
#2020 = AXIS2_PLACEMENT_3D('',#2021,#2022,#2023);
#2021 = CARTESIAN_POINT('',(0.,0.,18.7));
#2022 = DIRECTION('',(0.,0.,1.));
#2023 = DIRECTION('',(1.,0.,0.));
#2024 = DEFINITIONAL_REPRESENTATION('',(#2025),#2029);
#2025 = LINE('',#2026,#2027);
#2026 = CARTESIAN_POINT('',(0.,4.));
#2027 = VECTOR('',#2028,1.);
#2028 = DIRECTION('',(1.,0.));
#2029 = ( GEOMETRIC_REPRESENTATION_CONTEXT(2) 
PARAMETRIC_REPRESENTATION_CONTEXT() REPRESENTATION_CONTEXT('2D SPACE',''
  ) );
#2030 = ORIENTED_EDGE('',*,*,#2031,.F.);
#2031 = EDGE_CURVE('',#2032,#2001,#2034,.T.);
#2032 = VERTEX_POINT('',#2033);
#2033 = CARTESIAN_POINT('',(7.11007982483,-7.031839367089,22.7));
#2034 = SURFACE_CURVE('',#2035,(#2040,#2047),.PCURVE_S1.);
#2035 = CIRCLE('',#2036,10.);
#2036 = AXIS2_PLACEMENT_3D('',#2037,#2038,#2039);
#2037 = CARTESIAN_POINT('',(0.,0.,22.7));
#2038 = DIRECTION('',(0.,0.,1.));
#2039 = DIRECTION('',(1.,0.,0.));
#2040 = PCURVE('',#72,#2041);
#2041 = DEFINITIONAL_REPRESENTATION('',(#2042),#2046);
#2042 = CIRCLE('',#2043,10.);
#2043 = AXIS2_PLACEMENT_2D('',#2044,#2045);
#2044 = CARTESIAN_POINT('',(16.,18.6));
#2045 = DIRECTION('',(1.,0.));
#2046 = ( GEOMETRIC_REPRESENTATION_CONTEXT(2) 
PARAMETRIC_REPRESENTATION_CONTEXT() REPRESENTATION_CONTEXT('2D SPACE',''
  ) );
#2047 = PCURVE('',#2019,#2048);
#2048 = DEFINITIONAL_REPRESENTATION('',(#2049),#2053);
#2049 = LINE('',#2050,#2051);
#2050 = CARTESIAN_POINT('',(0.,4.));
#2051 = VECTOR('',#2052,1.);
#2052 = DIRECTION('',(1.,0.));
#2053 = ( GEOMETRIC_REPRESENTATION_CONTEXT(2) 
PARAMETRIC_REPRESENTATION_CONTEXT() REPRESENTATION_CONTEXT('2D SPACE',''
  ) );
#2054 = ORIENTED_EDGE('',*,*,#2055,.F.);
#2055 = EDGE_CURVE('',#2056,#2032,#2058,.T.);
#2056 = VERTEX_POINT('',#2057);
#2057 = CARTESIAN_POINT('',(7.031839367089,-7.11007982483,22.7));
#2058 = SURFACE_CURVE('',#2059,(#2064,#2071),.PCURVE_S1.);
#2059 = CIRCLE('',#2060,3.);
#2060 = AXIS2_PLACEMENT_3D('',#2061,#2062,#2063);
#2061 = CARTESIAN_POINT('',(4.95,-4.95,22.7));
#2062 = DIRECTION('',(0.,0.,1.));
#2063 = DIRECTION('',(1.,0.,-0.));
#2064 = PCURVE('',#72,#2065);
#2065 = DEFINITIONAL_REPRESENTATION('',(#2066),#2070);
#2066 = CIRCLE('',#2067,3.);
#2067 = AXIS2_PLACEMENT_2D('',#2068,#2069);
#2068 = CARTESIAN_POINT('',(20.95,13.65));
#2069 = DIRECTION('',(1.,0.));
#2070 = ( GEOMETRIC_REPRESENTATION_CONTEXT(2) 
PARAMETRIC_REPRESENTATION_CONTEXT() REPRESENTATION_CONTEXT('2D SPACE',''
  ) );
#2071 = PCURVE('',#1269,#2072);
#2072 = DEFINITIONAL_REPRESENTATION('',(#2073),#2077);
#2073 = LINE('',#2074,#2075);
#2074 = CARTESIAN_POINT('',(0.,1.));
#2075 = VECTOR('',#2076,1.);
#2076 = DIRECTION('',(1.,0.));
#2077 = ( GEOMETRIC_REPRESENTATION_CONTEXT(2) 
PARAMETRIC_REPRESENTATION_CONTEXT() REPRESENTATION_CONTEXT('2D SPACE',''
  ) );
#2078 = ORIENTED_EDGE('',*,*,#2079,.F.);
#2079 = EDGE_CURVE('',#2080,#2056,#2082,.T.);
#2080 = VERTEX_POINT('',#2081);
#2081 = CARTESIAN_POINT('',(-7.031839367089,-7.11007982483,22.7));
#2082 = SURFACE_CURVE('',#2083,(#2088,#2095),.PCURVE_S1.);
#2083 = CIRCLE('',#2084,10.);
#2084 = AXIS2_PLACEMENT_3D('',#2085,#2086,#2087);
#2085 = CARTESIAN_POINT('',(0.,0.,22.7));
#2086 = DIRECTION('',(0.,0.,1.));
#2087 = DIRECTION('',(1.,0.,0.));
#2088 = PCURVE('',#72,#2089);
#2089 = DEFINITIONAL_REPRESENTATION('',(#2090),#2094);
#2090 = CIRCLE('',#2091,10.);
#2091 = AXIS2_PLACEMENT_2D('',#2092,#2093);
#2092 = CARTESIAN_POINT('',(16.,18.6));
#2093 = DIRECTION('',(1.,0.));
#2094 = ( GEOMETRIC_REPRESENTATION_CONTEXT(2) 
PARAMETRIC_REPRESENTATION_CONTEXT() REPRESENTATION_CONTEXT('2D SPACE',''
  ) );
#2095 = PCURVE('',#2019,#2096);
#2096 = DEFINITIONAL_REPRESENTATION('',(#2097),#2101);
#2097 = LINE('',#2098,#2099);
#2098 = CARTESIAN_POINT('',(0.,4.));
#2099 = VECTOR('',#2100,1.);
#2100 = DIRECTION('',(1.,0.));
#2101 = ( GEOMETRIC_REPRESENTATION_CONTEXT(2) 
PARAMETRIC_REPRESENTATION_CONTEXT() REPRESENTATION_CONTEXT('2D SPACE',''
  ) );
#2102 = ORIENTED_EDGE('',*,*,#2103,.F.);
#2103 = EDGE_CURVE('',#2104,#2080,#2106,.T.);
#2104 = VERTEX_POINT('',#2105);
#2105 = CARTESIAN_POINT('',(-7.11007982483,-7.031839367089,22.7));
#2106 = SURFACE_CURVE('',#2107,(#2112,#2119),.PCURVE_S1.);
#2107 = CIRCLE('',#2108,3.);
#2108 = AXIS2_PLACEMENT_3D('',#2109,#2110,#2111);
#2109 = CARTESIAN_POINT('',(-4.95,-4.95,22.7));
#2110 = DIRECTION('',(0.,0.,1.));
#2111 = DIRECTION('',(1.,0.,-0.));
#2112 = PCURVE('',#72,#2113);
#2113 = DEFINITIONAL_REPRESENTATION('',(#2114),#2118);
#2114 = CIRCLE('',#2115,3.);
#2115 = AXIS2_PLACEMENT_2D('',#2116,#2117);
#2116 = CARTESIAN_POINT('',(11.05,13.65));
#2117 = DIRECTION('',(1.,0.));
#2118 = ( GEOMETRIC_REPRESENTATION_CONTEXT(2) 
PARAMETRIC_REPRESENTATION_CONTEXT() REPRESENTATION_CONTEXT('2D SPACE',''
  ) );
#2119 = PCURVE('',#1238,#2120);
#2120 = DEFINITIONAL_REPRESENTATION('',(#2121),#2125);
#2121 = LINE('',#2122,#2123);
#2122 = CARTESIAN_POINT('',(0.,1.));
#2123 = VECTOR('',#2124,1.);
#2124 = DIRECTION('',(1.,0.));
#2125 = ( GEOMETRIC_REPRESENTATION_CONTEXT(2) 
PARAMETRIC_REPRESENTATION_CONTEXT() REPRESENTATION_CONTEXT('2D SPACE',''
  ) );
#2126 = ORIENTED_EDGE('',*,*,#2127,.F.);
#2127 = EDGE_CURVE('',#2128,#2104,#2130,.T.);
#2128 = VERTEX_POINT('',#2129);
#2129 = CARTESIAN_POINT('',(-7.11007982483,7.031839367089,22.7));
#2130 = SURFACE_CURVE('',#2131,(#2136,#2143),.PCURVE_S1.);
#2131 = CIRCLE('',#2132,10.);
#2132 = AXIS2_PLACEMENT_3D('',#2133,#2134,#2135);
#2133 = CARTESIAN_POINT('',(0.,0.,22.7));
#2134 = DIRECTION('',(0.,0.,1.));
#2135 = DIRECTION('',(1.,0.,0.));
#2136 = PCURVE('',#72,#2137);
#2137 = DEFINITIONAL_REPRESENTATION('',(#2138),#2142);
#2138 = CIRCLE('',#2139,10.);
#2139 = AXIS2_PLACEMENT_2D('',#2140,#2141);
#2140 = CARTESIAN_POINT('',(16.,18.6));
#2141 = DIRECTION('',(1.,0.));
#2142 = ( GEOMETRIC_REPRESENTATION_CONTEXT(2) 
PARAMETRIC_REPRESENTATION_CONTEXT() REPRESENTATION_CONTEXT('2D SPACE',''
  ) );
#2143 = PCURVE('',#2019,#2144);
#2144 = DEFINITIONAL_REPRESENTATION('',(#2145),#2149);
#2145 = LINE('',#2146,#2147);
#2146 = CARTESIAN_POINT('',(0.,4.));
#2147 = VECTOR('',#2148,1.);
#2148 = DIRECTION('',(1.,0.));
#2149 = ( GEOMETRIC_REPRESENTATION_CONTEXT(2) 
PARAMETRIC_REPRESENTATION_CONTEXT() REPRESENTATION_CONTEXT('2D SPACE',''
  ) );
#2150 = ORIENTED_EDGE('',*,*,#2151,.F.);
#2151 = EDGE_CURVE('',#2152,#2128,#2154,.T.);
#2152 = VERTEX_POINT('',#2153);
#2153 = CARTESIAN_POINT('',(-7.031839367089,7.11007982483,22.7));
#2154 = SURFACE_CURVE('',#2155,(#2160,#2167),.PCURVE_S1.);
#2155 = CIRCLE('',#2156,3.);
#2156 = AXIS2_PLACEMENT_3D('',#2157,#2158,#2159);
#2157 = CARTESIAN_POINT('',(-4.95,4.95,22.7));
#2158 = DIRECTION('',(0.,0.,1.));
#2159 = DIRECTION('',(1.,0.,-0.));
#2160 = PCURVE('',#72,#2161);
#2161 = DEFINITIONAL_REPRESENTATION('',(#2162),#2166);
#2162 = CIRCLE('',#2163,3.);
#2163 = AXIS2_PLACEMENT_2D('',#2164,#2165);
#2164 = CARTESIAN_POINT('',(11.05,23.55));
#2165 = DIRECTION('',(1.,0.));
#2166 = ( GEOMETRIC_REPRESENTATION_CONTEXT(2) 
PARAMETRIC_REPRESENTATION_CONTEXT() REPRESENTATION_CONTEXT('2D SPACE',''
  ) );
#2167 = PCURVE('',#1300,#2168);
#2168 = DEFINITIONAL_REPRESENTATION('',(#2169),#2173);
#2169 = LINE('',#2170,#2171);
#2170 = CARTESIAN_POINT('',(0.,1.));
#2171 = VECTOR('',#2172,1.);
#2172 = DIRECTION('',(1.,0.));
#2173 = ( GEOMETRIC_REPRESENTATION_CONTEXT(2) 
PARAMETRIC_REPRESENTATION_CONTEXT() REPRESENTATION_CONTEXT('2D SPACE',''
  ) );
#2174 = ORIENTED_EDGE('',*,*,#2175,.F.);
#2175 = EDGE_CURVE('',#2176,#2152,#2178,.T.);
#2176 = VERTEX_POINT('',#2177);
#2177 = CARTESIAN_POINT('',(7.031839367089,7.11007982483,22.7));
#2178 = SURFACE_CURVE('',#2179,(#2184,#2191),.PCURVE_S1.);
#2179 = CIRCLE('',#2180,10.);
#2180 = AXIS2_PLACEMENT_3D('',#2181,#2182,#2183);
#2181 = CARTESIAN_POINT('',(0.,0.,22.7));
#2182 = DIRECTION('',(0.,0.,1.));
#2183 = DIRECTION('',(1.,0.,0.));
#2184 = PCURVE('',#72,#2185);
#2185 = DEFINITIONAL_REPRESENTATION('',(#2186),#2190);
#2186 = CIRCLE('',#2187,10.);
#2187 = AXIS2_PLACEMENT_2D('',#2188,#2189);
#2188 = CARTESIAN_POINT('',(16.,18.6));
#2189 = DIRECTION('',(1.,0.));
#2190 = ( GEOMETRIC_REPRESENTATION_CONTEXT(2) 
PARAMETRIC_REPRESENTATION_CONTEXT() REPRESENTATION_CONTEXT('2D SPACE',''
  ) );
#2191 = PCURVE('',#2019,#2192);
#2192 = DEFINITIONAL_REPRESENTATION('',(#2193),#2197);
#2193 = LINE('',#2194,#2195);
#2194 = CARTESIAN_POINT('',(0.,4.));
#2195 = VECTOR('',#2196,1.);
#2196 = DIRECTION('',(1.,0.));
#2197 = ( GEOMETRIC_REPRESENTATION_CONTEXT(2) 
PARAMETRIC_REPRESENTATION_CONTEXT() REPRESENTATION_CONTEXT('2D SPACE',''
  ) );
#2198 = ORIENTED_EDGE('',*,*,#2199,.F.);
#2199 = EDGE_CURVE('',#2003,#2176,#2200,.T.);
#2200 = SURFACE_CURVE('',#2201,(#2206,#2213),.PCURVE_S1.);
#2201 = CIRCLE('',#2202,3.);
#2202 = AXIS2_PLACEMENT_3D('',#2203,#2204,#2205);
#2203 = CARTESIAN_POINT('',(4.95,4.95,22.7));
#2204 = DIRECTION('',(0.,0.,1.));
#2205 = DIRECTION('',(1.,0.,-0.));
#2206 = PCURVE('',#72,#2207);
#2207 = DEFINITIONAL_REPRESENTATION('',(#2208),#2212);
#2208 = CIRCLE('',#2209,3.);
#2209 = AXIS2_PLACEMENT_2D('',#2210,#2211);
#2210 = CARTESIAN_POINT('',(20.95,23.55));
#2211 = DIRECTION('',(1.,0.));
#2212 = ( GEOMETRIC_REPRESENTATION_CONTEXT(2) 
PARAMETRIC_REPRESENTATION_CONTEXT() REPRESENTATION_CONTEXT('2D SPACE',''
  ) );
#2213 = PCURVE('',#1331,#2214);
#2214 = DEFINITIONAL_REPRESENTATION('',(#2215),#2219);
#2215 = LINE('',#2216,#2217);
#2216 = CARTESIAN_POINT('',(0.,1.));
#2217 = VECTOR('',#2218,1.);
#2218 = DIRECTION('',(1.,0.));
#2219 = ( GEOMETRIC_REPRESENTATION_CONTEXT(2) 
PARAMETRIC_REPRESENTATION_CONTEXT() REPRESENTATION_CONTEXT('2D SPACE',''
  ) );
#2220 = ADVANCED_FACE('',(#2221),#271,.T.);
#2221 = FACE_BOUND('',#2222,.T.);
#2222 = EDGE_LOOP('',(#2223,#2224,#2225,#2226,#2227,#2228,#2229,#2230));
#2223 = ORIENTED_EDGE('',*,*,#253,.F.);
#2224 = ORIENTED_EDGE('',*,*,#1976,.T.);
#2225 = ORIENTED_EDGE('',*,*,#1720,.F.);
#2226 = ORIENTED_EDGE('',*,*,#1643,.F.);
#2227 = ORIENTED_EDGE('',*,*,#1346,.F.);
#2228 = ORIENTED_EDGE('',*,*,#1078,.F.);
#2229 = ORIENTED_EDGE('',*,*,#682,.T.);
#2230 = ORIENTED_EDGE('',*,*,#630,.F.);
#2231 = ADVANCED_FACE('',(#2232),#500,.F.);
#2232 = FACE_BOUND('',#2233,.F.);
#2233 = EDGE_LOOP('',(#2234,#2235,#2263,#2291,#2323,#2397,#2421));
#2234 = ORIENTED_EDGE('',*,*,#483,.T.);
#2235 = ORIENTED_EDGE('',*,*,#2236,.F.);
#2236 = EDGE_CURVE('',#2237,#457,#2239,.T.);
#2237 = VERTEX_POINT('',#2238);
#2238 = CARTESIAN_POINT('',(9.7,-18.18439363278,53.95));
#2239 = SURFACE_CURVE('',#2240,(#2245,#2256),.PCURVE_S1.);
#2240 = HYPERBOLA('',#2241,0.55,0.55);
#2241 = AXIS2_PLACEMENT_3D('',#2242,#2243,#2244);
#2242 = CARTESIAN_POINT('',(9.7,-16.35,55.7));
#2243 = DIRECTION('',(1.,0.,0.));
#2244 = DIRECTION('',(0.,-1.,2.22044604925E-16));
#2245 = PCURVE('',#500,#2246);
#2246 = DEFINITIONAL_REPRESENTATION('',(#2247),#2255);
#2247 = B_SPLINE_CURVE_WITH_KNOTS('',6,(#2248,#2249,#2250,#2251,#2252,
    #2253,#2254),.UNSPECIFIED.,.F.,.F.,(7,7),(1.874426320413,
    2.086629830941),.PIECEWISE_BEZIER_KNOTS.);
#2248 = CARTESIAN_POINT('',(4.407878077446,0.634393642563));
#2249 = CARTESIAN_POINT('',(4.418482123679,0.69628633173));
#2250 = CARTESIAN_POINT('',(4.428656839779,0.760932461849));
#2251 = CARTESIAN_POINT('',(4.438421806241,0.82847138609));
#2252 = CARTESIAN_POINT('',(4.447795852475,0.899052794519));
#2253 = CARTESIAN_POINT('',(4.456796948922,0.97283776065));
#2254 = CARTESIAN_POINT('',(4.465442268979,1.049999998369));
#2255 = ( GEOMETRIC_REPRESENTATION_CONTEXT(2) 
PARAMETRIC_REPRESENTATION_CONTEXT() REPRESENTATION_CONTEXT('2D SPACE',''
  ) );
#2256 = PCURVE('',#472,#2257);
#2257 = DEFINITIONAL_REPRESENTATION('',(#2258),#2262);
#2258 = ( BOUNDED_CURVE() B_SPLINE_CURVE(2,(#2259,#2260,#2261),
.UNSPECIFIED.,.F.,.F.) B_SPLINE_CURVE_WITH_KNOTS((3,3),(1.41608987426,
2.109280786371),.PIECEWISE_BEZIER_KNOTS.) CURVE() 
GEOMETRIC_REPRESENTATION_ITEM() RATIONAL_B_SPLINE_CURVE((1.,
1.060667902752,1.)) REPRESENTATION_ITEM('') );
#2259 = CARTESIAN_POINT('',(22.033463549615,-2.05));
#2260 = CARTESIAN_POINT('',(21.633440226291,-1.694467120559));
#2261 = CARTESIAN_POINT('',(20.866728856587,-0.95));
#2262 = ( GEOMETRIC_REPRESENTATION_CONTEXT(2) 
PARAMETRIC_REPRESENTATION_CONTEXT() REPRESENTATION_CONTEXT('2D SPACE',''
  ) );
#2263 = ORIENTED_EDGE('',*,*,#2264,.F.);
#2264 = EDGE_CURVE('',#2265,#2237,#2267,.T.);
#2265 = VERTEX_POINT('',#2266);
#2266 = CARTESIAN_POINT('',(8.835786437627,-18.6,53.95));
#2267 = SURFACE_CURVE('',#2268,(#2273,#2284),.PCURVE_S1.);
#2268 = HYPERBOLA('',#2269,1.75,1.75);
#2269 = AXIS2_PLACEMENT_3D('',#2270,#2271,#2272);
#2270 = CARTESIAN_POINT('',(10.25,-16.35,53.95));
#2271 = DIRECTION('',(0.,0.,1.));
#2272 = DIRECTION('',(0.,-1.,0.));
#2273 = PCURVE('',#500,#2274);
#2274 = DEFINITIONAL_REPRESENTATION('',(#2275),#2283);
#2275 = B_SPLINE_CURVE_WITH_KNOTS('',6,(#2276,#2277,#2278,#2279,#2280,
    #2281,#2282),.UNSPECIFIED.,.F.,.F.,(7,7),(-0.738997943852,
    -0.309329062061),.PIECEWISE_BEZIER_KNOTS.);
#2276 = CARTESIAN_POINT('',(4.032715183651,1.049999998931));
#2277 = CARTESIAN_POINT('',(4.088413062952,0.948726069251));
#2278 = CARTESIAN_POINT('',(4.147119291526,0.861298292256));
#2279 = CARTESIAN_POINT('',(4.208725146219,0.786781870852));
#2280 = CARTESIAN_POINT('',(4.273004612009,0.724454829698));
#2281 = CARTESIAN_POINT('',(4.339561275566,0.673779942216));
#2282 = CARTESIAN_POINT('',(4.407878116447,0.634393631315));
#2283 = ( GEOMETRIC_REPRESENTATION_CONTEXT(2) 
PARAMETRIC_REPRESENTATION_CONTEXT() REPRESENTATION_CONTEXT('2D SPACE',''
  ) );
#2284 = PCURVE('',#780,#2285);
#2285 = DEFINITIONAL_REPRESENTATION('',(#2286),#2290);
#2286 = ( BOUNDED_CURVE() B_SPLINE_CURVE(2,(#2287,#2288,#2289),
.UNSPECIFIED.,.F.,.F.) B_SPLINE_CURVE_WITH_KNOTS((3,3),(-0.773404675449,
-0.134295836501),.PIECEWISE_BEZIER_KNOTS.) CURVE() 
GEOMETRIC_REPRESENTATION_ITEM() RATIONAL_B_SPLINE_CURVE((1.,
1.051493473375,1.)) REPRESENTATION_ITEM('') );
#2287 = CARTESIAN_POINT('',(18.45751884434,0.95));
#2288 = CARTESIAN_POINT('',(19.168457973779,1.411331849352));
#2289 = CARTESIAN_POINT('',(19.714275210168,1.484195317556));
#2290 = ( GEOMETRIC_REPRESENTATION_CONTEXT(2) 
PARAMETRIC_REPRESENTATION_CONTEXT() REPRESENTATION_CONTEXT('2D SPACE',''
  ) );
#2291 = ORIENTED_EDGE('',*,*,#2292,.F.);
#2292 = EDGE_CURVE('',#2293,#2265,#2295,.T.);
#2293 = VERTEX_POINT('',#2294);
#2294 = CARTESIAN_POINT('',(8.07511393603,-18.6,55.123484077627));
#2295 = SURFACE_CURVE('',#2296,(#2301,#2307),.PCURVE_S1.);
#2296 = CIRCLE('',#2297,2.25);
#2297 = AXIS2_PLACEMENT_3D('',#2298,#2299,#2300);
#2298 = CARTESIAN_POINT('',(10.25,-18.6,55.7));
#2299 = DIRECTION('',(0.,-1.,2.22044604925E-16));
#2300 = DIRECTION('',(1.,0.,0.));
#2301 = PCURVE('',#500,#2302);
#2302 = DEFINITIONAL_REPRESENTATION('',(#2303),#2306);
#2303 = B_SPLINE_CURVE_WITH_KNOTS('',1,(#2304,#2305),.UNSPECIFIED.,.F.,
  .F.,(2,2),(3.400711897915,4.032715161476),.PIECEWISE_BEZIER_KNOTS.);
#2304 = CARTESIAN_POINT('',(3.400711897915,1.05));
#2305 = CARTESIAN_POINT('',(4.032715161476,1.05));
#2306 = ( GEOMETRIC_REPRESENTATION_CONTEXT(2) 
PARAMETRIC_REPRESENTATION_CONTEXT() REPRESENTATION_CONTEXT('2D SPACE',''
  ) );
#2307 = PCURVE('',#2308,#2313);
#2308 = PLANE('',#2309);
#2309 = AXIS2_PLACEMENT_3D('',#2310,#2311,#2312);
#2310 = CARTESIAN_POINT('',(-16.,-18.6,22.8));
#2311 = DIRECTION('',(0.,1.,0.));
#2312 = DIRECTION('',(0.,0.,1.));
#2313 = DEFINITIONAL_REPRESENTATION('',(#2314),#2322);
#2314 = ( BOUNDED_CURVE() B_SPLINE_CURVE(2,(#2315,#2316,#2317,#2318,
#2319,#2320,#2321),.UNSPECIFIED.,.T.,.F.) B_SPLINE_CURVE_WITH_KNOTS((1,2
    ,2,2,2,1),(-2.094395102393,0.,2.094395102393,4.188790204786,
6.28318530718,8.377580409573),.UNSPECIFIED.) CURVE() 
GEOMETRIC_REPRESENTATION_ITEM() RATIONAL_B_SPLINE_CURVE((1.,0.5,1.,0.5,
1.,0.5,1.)) REPRESENTATION_ITEM('') );
#2315 = CARTESIAN_POINT('',(32.9,28.5));
#2316 = CARTESIAN_POINT('',(36.79711431703,28.5));
#2317 = CARTESIAN_POINT('',(34.848557158515,25.125));
#2318 = CARTESIAN_POINT('',(32.9,21.75));
#2319 = CARTESIAN_POINT('',(30.951442841485,25.125));
#2320 = CARTESIAN_POINT('',(29.00288568297,28.5));
#2321 = CARTESIAN_POINT('',(32.9,28.5));
#2322 = ( GEOMETRIC_REPRESENTATION_CONTEXT(2) 
PARAMETRIC_REPRESENTATION_CONTEXT() REPRESENTATION_CONTEXT('2D SPACE',''
  ) );
#2323 = ORIENTED_EDGE('',*,*,#2324,.T.);
#2324 = EDGE_CURVE('',#2293,#2325,#2327,.T.);
#2325 = VERTEX_POINT('',#2326);
#2326 = CARTESIAN_POINT('',(9.228270707642,-17.55,56.329340331727));
#2327 = SURFACE_CURVE('',#2328,(#2349,#2373),.PCURVE_S1.);
#2328 = B_SPLINE_CURVE_WITH_KNOTS('',7,(#2329,#2330,#2331,#2332,#2333,
    #2334,#2335,#2336,#2337,#2338,#2339,#2340,#2341,#2342,#2343,#2344,
    #2345,#2346,#2347,#2348),.UNSPECIFIED.,.F.,.F.,(8,6,6,8),(0.,
    0.481128548858,0.812691740129,1.),.UNSPECIFIED.);
#2329 = CARTESIAN_POINT('',(8.07511343591,-18.6000006,55.12348362266));
#2330 = CARTESIAN_POINT('',(8.146826690493,-18.51396533813,
    55.188722353824));
#2331 = CARTESIAN_POINT('',(8.218719741495,-18.42843263852,
    55.255359842138));
#2332 = CARTESIAN_POINT('',(8.290973497121,-18.34345227987,
    55.323610880441));
#2333 = CARTESIAN_POINT('',(8.363756385903,-18.25916546245,
    55.393697303585));
#2334 = CARTESIAN_POINT('',(8.4372870055,-18.17584807063,55.465921875606
    ));
#2335 = CARTESIAN_POINT('',(8.511816117743,-18.09389680889,
    55.540634322867));
#2336 = CARTESIAN_POINT('',(8.640412718147,-17.95901174076,
    55.672400670825));
#2337 = CARTESIAN_POINT('',(8.69351762559,-17.90510385654,
    55.727599874163));
#2338 = CARTESIAN_POINT('',(8.747576227322,-17.85242667249,
    55.784617983877));
#2339 = CARTESIAN_POINT('',(8.802812470545,-17.80134834372,
    55.843770071051));
#2340 = CARTESIAN_POINT('',(8.859424462224,-17.75255111376,
    55.905378373109));
#2341 = CARTESIAN_POINT('',(8.91759995698,-17.70701615241,
    55.969766806227));
#2342 = CARTESIAN_POINT('',(9.011824117207,-17.64319920637,
    56.076007702953));
#2343 = CARTESIAN_POINT('',(9.046449246925,-17.62170501643,
    56.115433639993));
#2344 = CARTESIAN_POINT('',(9.081724788396,-17.60205009359,
    56.156011088186));
#2345 = CARTESIAN_POINT('',(9.117632168092,-17.58461516044,
    56.197755597161));
#2346 = CARTESIAN_POINT('',(9.154114957972,-17.56985007133,
    56.240641820969));
#2347 = CARTESIAN_POINT('',(9.191064455477,-17.55820380955,
    56.284578944591));
#2348 = CARTESIAN_POINT('',(9.228270707642,-17.55,56.329340331727));
#2349 = PCURVE('',#500,#2350);
#2350 = DEFINITIONAL_REPRESENTATION('',(#2351),#2372);
#2351 = B_SPLINE_CURVE_WITH_KNOTS('',7,(#2352,#2353,#2354,#2355,#2356,
    #2357,#2358,#2359,#2360,#2361,#2362,#2363,#2364,#2365,#2366,#2367,
    #2368,#2369,#2370,#2371),.UNSPECIFIED.,.F.,.F.,(8,6,6,8),(
    4.793335991648E-07,0.481128548858,0.812691740129,1.),.UNSPECIFIED.);
#2352 = CARTESIAN_POINT('',(3.400711897915,1.05));
#2353 = CARTESIAN_POINT('',(3.380851573665,0.963964826855));
#2354 = CARTESIAN_POINT('',(3.358639132354,0.87843221521));
#2355 = CARTESIAN_POINT('',(3.333628839382,0.793451943989));
#2356 = CARTESIAN_POINT('',(3.305260615111,0.709165213439));
#2357 = CARTESIAN_POINT('',(3.272751990164,0.62584790734));
#2358 = CARTESIAN_POINT('',(3.235089415903,0.543896729337));
#2359 = CARTESIAN_POINT('',(3.159777985022,0.409011740764));
#2360 = CARTESIAN_POINT('',(3.125835264751,0.355103856547));
#2361 = CARTESIAN_POINT('',(3.088050718965,0.30242667249));
#2362 = CARTESIAN_POINT('',(3.045697616225,0.251348343723));
#2363 = CARTESIAN_POINT('',(2.997915472705,0.202551113764));
#2364 = CARTESIAN_POINT('',(2.943747915348,0.157016152419));
#2365 = CARTESIAN_POINT('',(2.847369287397,9.31992063753E-02));
#2366 = CARTESIAN_POINT('',(2.810248170277,7.170501643354E-02));
#2367 = CARTESIAN_POINT('',(2.770668390776,5.205009359548E-02));
#2368 = CARTESIAN_POINT('',(2.728584721696,3.461516044542E-02));
#2369 = CARTESIAN_POINT('',(2.684102007287,1.985007133195E-02));
#2370 = CARTESIAN_POINT('',(2.637543735383,8.203809556322E-03));
#2371 = CARTESIAN_POINT('',(2.589523307964,0.));
#2372 = ( GEOMETRIC_REPRESENTATION_CONTEXT(2) 
PARAMETRIC_REPRESENTATION_CONTEXT() REPRESENTATION_CONTEXT('2D SPACE',''
  ) );
#2373 = PCURVE('',#812,#2374);
#2374 = DEFINITIONAL_REPRESENTATION('',(#2375),#2396);
#2375 = B_SPLINE_CURVE_WITH_KNOTS('',7,(#2376,#2377,#2378,#2379,#2380,
    #2381,#2382,#2383,#2384,#2385,#2386,#2387,#2388,#2389,#2390,#2391,
    #2392,#2393,#2394,#2395),.UNSPECIFIED.,.F.,.F.,(8,6,6,8),(0.,
    0.481128548858,0.812691740129,1.),.UNSPECIFIED.);
#2376 = CARTESIAN_POINT('',(5.450546453508,3.5000006));
#2377 = CARTESIAN_POINT('',(5.45862543985,3.413965338137));
#2378 = CARTESIAN_POINT('',(5.466793946934,3.328432638527));
#2379 = CARTESIAN_POINT('',(5.475076037648,3.243452279879));
#2380 = CARTESIAN_POINT('',(5.483495464492,3.159165462459));
#2381 = CARTESIAN_POINT('',(5.4920838197,3.075848070631));
#2382 = CARTESIAN_POINT('',(5.500877443249,2.993896808894));
#2383 = CARTESIAN_POINT('',(5.516220614027,2.859011740764));
#2384 = CARTESIAN_POINT('',(5.522603523895,2.805103856547));
#2385 = CARTESIAN_POINT('',(5.529150822808,2.75242667249));
#2386 = CARTESIAN_POINT('',(5.535894796215,2.701348343723));
#2387 = CARTESIAN_POINT('',(5.542866832557,2.652551113764));
#2388 = CARTESIAN_POINT('',(5.550097947042,2.607016152419));
#2389 = CARTESIAN_POINT('',(5.561931667842,2.543199206375));
#2390 = CARTESIAN_POINT('',(5.566304277166,2.521705016434));
#2391 = CARTESIAN_POINT('',(5.570784770759,2.502050093595));
#2392 = CARTESIAN_POINT('',(5.57537324276,2.484615160445));
#2393 = CARTESIAN_POINT('',(5.580065184926,2.469850071332));
#2394 = CARTESIAN_POINT('',(5.584849147913,2.458203809556));
#2395 = CARTESIAN_POINT('',(5.589699611077,2.45));
#2396 = ( GEOMETRIC_REPRESENTATION_CONTEXT(2) 
PARAMETRIC_REPRESENTATION_CONTEXT() REPRESENTATION_CONTEXT('2D SPACE',''
  ) );
#2397 = ORIENTED_EDGE('',*,*,#2398,.F.);
#2398 = EDGE_CURVE('',#2399,#2325,#2401,.T.);
#2399 = VERTEX_POINT('',#2400);
#2400 = CARTESIAN_POINT('',(9.421953491493,-17.55,56.568526902145));
#2401 = SURFACE_CURVE('',#2402,(#2407,#2414),.PCURVE_S1.);
#2402 = CIRCLE('',#2403,1.2);
#2403 = AXIS2_PLACEMENT_3D('',#2404,#2405,#2406);
#2404 = CARTESIAN_POINT('',(10.25,-17.55,55.7));
#2405 = DIRECTION('',(0.,1.,-0.));
#2406 = DIRECTION('',(-0.690038757089,0.,0.723772418454));
#2407 = PCURVE('',#500,#2408);
#2408 = DEFINITIONAL_REPRESENTATION('',(#2409),#2413);
#2409 = LINE('',#2410,#2411);
#2410 = CARTESIAN_POINT('',(8.615524234079,0.));
#2411 = VECTOR('',#2412,1.);
#2412 = DIRECTION('',(-1.,-0.));
#2413 = ( GEOMETRIC_REPRESENTATION_CONTEXT(2) 
PARAMETRIC_REPRESENTATION_CONTEXT() REPRESENTATION_CONTEXT('2D SPACE',''
  ) );
#2414 = PCURVE('',#845,#2415);
#2415 = DEFINITIONAL_REPRESENTATION('',(#2416),#2420);
#2416 = LINE('',#2417,#2418);
#2417 = CARTESIAN_POINT('',(8.615524234079,10.95));
#2418 = VECTOR('',#2419,1.);
#2419 = DIRECTION('',(-1.,-0.));
#2420 = ( GEOMETRIC_REPRESENTATION_CONTEXT(2) 
PARAMETRIC_REPRESENTATION_CONTEXT() REPRESENTATION_CONTEXT('2D SPACE',''
  ) );
#2421 = ORIENTED_EDGE('',*,*,#2422,.T.);
#2422 = EDGE_CURVE('',#2399,#484,#2423,.T.);
#2423 = SURFACE_CURVE('',#2424,(#2445,#2469),.PCURVE_S1.);
#2424 = B_SPLINE_CURVE_WITH_KNOTS('',7,(#2425,#2426,#2427,#2428,#2429,
    #2430,#2431,#2432,#2433,#2434,#2435,#2436,#2437,#2438,#2439,#2440,
    #2441,#2442,#2443,#2444),.UNSPECIFIED.,.F.,.F.,(8,6,6,8),(0.,
    0.209627254024,0.54540602686,1.),.UNSPECIFIED.);
#2425 = CARTESIAN_POINT('',(9.421953491493,-17.55,56.568526902145));
#2426 = CARTESIAN_POINT('',(9.462303274399,-17.55918329745,
    56.61968415898));
#2427 = CARTESIAN_POINT('',(9.501693785402,-17.5726759976,
    56.670291688191));
#2428 = CARTESIAN_POINT('',(9.539887318958,-17.5900234505,
    56.720010112867));
#2429 = CARTESIAN_POINT('',(9.576827096103,-17.6105741982,
    56.768706197073));
#2430 = CARTESIAN_POINT('',(9.61249874544,-17.63371783372,
    56.816302907687));
#2431 = CARTESIAN_POINT('',(9.64695298732,-17.65894432765,
    56.862809949951));
#2432 = CARTESIAN_POINT('',(9.733710902798,-17.72906358609,
    56.981236525966));
#2433 = CARTESIAN_POINT('',(9.784184496559,-17.77657839746,
    57.051477876788));
#2434 = CARTESIAN_POINT('',(9.832334636537,-17.82705886197,
    57.119684155741));
#2435 = CARTESIAN_POINT('',(9.87843954784,-17.87962023393,57.18611530709
    ));
#2436 = CARTESIAN_POINT('',(9.922769766775,-17.93364707695,
    57.251035329346));
#2437 = CARTESIAN_POINT('',(9.965573379139,-17.98880882588,
    57.31471630002));
#2438 = CARTESIAN_POINT('',(10.063397360302,-18.12108721403,
    57.462536588558));
#2439 = CARTESIAN_POINT('',(10.117227099248,-18.19885812263,
    57.545708905046));
#2440 = CARTESIAN_POINT('',(10.169125978165,-18.27777209494,
    57.627608736814));
#2441 = CARTESIAN_POINT('',(10.219337710868,-18.35751581474,
    57.708505598456));
#2442 = CARTESIAN_POINT('',(10.268064556282,-18.43787092575,
    57.7886240535));
#2443 = CARTESIAN_POINT('',(10.315458062804,-18.51871640341,
    57.868139397911));
#2444 = CARTESIAN_POINT('',(10.361657937453,-18.6000006,57.947228338421)
  );
#2445 = PCURVE('',#500,#2446);
#2446 = DEFINITIONAL_REPRESENTATION('',(#2447),#2468);
#2447 = B_SPLINE_CURVE_WITH_KNOTS('',7,(#2448,#2449,#2450,#2451,#2452,
    #2453,#2454,#2455,#2456,#2457,#2458,#2459,#2460,#2461,#2462,#2463,
    #2464,#2465,#2466,#2467),.UNSPECIFIED.,.F.,.F.,(8,6,6,8),(0.,
    0.209627254024,0.54540602686,0.99999952063),.UNSPECIFIED.);
#2448 = CARTESIAN_POINT('',(8.615524234079,7.305267502034E-14));
#2449 = CARTESIAN_POINT('',(8.561770442512,9.183297456001E-03));
#2450 = CARTESIAN_POINT('',(8.509871031274,2.267599760708E-02));
#2451 = CARTESIAN_POINT('',(8.460663159472,4.002345050905E-02));
#2452 = CARTESIAN_POINT('',(8.414544922622,6.057419820853E-02));
#2453 = CARTESIAN_POINT('',(8.371583002518,8.371783372744E-02));
#2454 = CARTESIAN_POINT('',(8.331661671585,0.108944327654));
#2455 = CARTESIAN_POINT('',(8.235114355574,0.179063586093));
#2456 = CARTESIAN_POINT('',(8.182998433175,0.226578397461));
#2457 = CARTESIAN_POINT('',(8.137061705111,0.277058861975));
#2458 = CARTESIAN_POINT('',(8.096341925673,0.329620233939));
#2459 = CARTESIAN_POINT('',(8.059998132035,0.383647076954));
#2460 = CARTESIAN_POINT('',(8.027334913595,0.438808825886));
#2461 = CARTESIAN_POINT('',(7.957721667553,0.571087133802));
#2462 = CARTESIAN_POINT('',(7.923453985021,0.648857958614));
#2463 = CARTESIAN_POINT('',(7.893590504226,0.727771845304));
#2464 = CARTESIAN_POINT('',(7.867305975757,0.807515478382));
#2465 = CARTESIAN_POINT('',(7.843964764979,0.887870502082));
#2466 = CARTESIAN_POINT('',(7.823099234463,0.968715891906));
#2467 = CARTESIAN_POINT('',(7.804335644129,1.05));
#2468 = ( GEOMETRIC_REPRESENTATION_CONTEXT(2) 
PARAMETRIC_REPRESENTATION_CONTEXT() REPRESENTATION_CONTEXT('2D SPACE',''
  ) );
#2469 = PCURVE('',#529,#2470);
#2470 = DEFINITIONAL_REPRESENTATION('',(#2471),#2492);
#2471 = B_SPLINE_CURVE_WITH_KNOTS('',7,(#2472,#2473,#2474,#2475,#2476,
    #2477,#2478,#2479,#2480,#2481,#2482,#2483,#2484,#2485,#2486,#2487,
    #2488,#2489,#2490,#2491),.UNSPECIFIED.,.F.,.F.,(8,6,6,8),(0.,
    0.209627254024,0.54540602686,1.),.UNSPECIFIED.);
#2472 = CARTESIAN_POINT('',(5.615347930967,2.45));
#2473 = CARTESIAN_POINT('',(5.620777511667,2.459183297456));
#2474 = CARTESIAN_POINT('',(5.626121617923,2.472675997607));
#2475 = CARTESIAN_POINT('',(5.631346038756,2.490023450509));
#2476 = CARTESIAN_POINT('',(5.636439348781,2.510574198209));
#2477 = CARTESIAN_POINT('',(5.641395921048,2.533717833727));
#2478 = CARTESIAN_POINT('',(5.646219117368,2.558944327654));
#2479 = CARTESIAN_POINT('',(5.658452890579,2.629063586093));
#2480 = CARTESIAN_POINT('',(5.665660525943,2.676578397461));
#2481 = CARTESIAN_POINT('',(5.672617625871,2.727058861975));
#2482 = CARTESIAN_POINT('',(5.679355804919,2.779620233939));
#2483 = CARTESIAN_POINT('',(5.685906484894,2.833647076954));
#2484 = CARTESIAN_POINT('',(5.6923004439,2.888808825886));
#2485 = CARTESIAN_POINT('',(5.707071936949,3.02108721403));
#2486 = CARTESIAN_POINT('',(5.715327513571,3.098858122633));
#2487 = CARTESIAN_POINT('',(5.723406860783,3.177772094948));
#2488 = CARTESIAN_POINT('',(5.731340671615,3.257515814741));
#2489 = CARTESIAN_POINT('',(5.73915454232,3.337870925755));
#2490 = CARTESIAN_POINT('',(5.746868242423,3.418716403416));
#2491 = CARTESIAN_POINT('',(5.754501088536,3.5000006));
#2492 = ( GEOMETRIC_REPRESENTATION_CONTEXT(2) 
PARAMETRIC_REPRESENTATION_CONTEXT() REPRESENTATION_CONTEXT('2D SPACE',''
  ) );
#2493 = ADVANCED_FACE('',(#2494),#529,.F.);
#2494 = FACE_BOUND('',#2495,.F.);
#2495 = EDGE_LOOP('',(#2496,#2515,#2516,#2537,#2609,#2610));
#2496 = ORIENTED_EDGE('',*,*,#2497,.F.);
#2497 = EDGE_CURVE('',#825,#2399,#2498,.T.);
#2498 = SURFACE_CURVE('',#2499,(#2503,#2509),.PCURVE_S1.);
#2499 = LINE('',#2500,#2501);
#2500 = CARTESIAN_POINT('',(9.421953491493,-15.1,56.568526902144));
#2501 = VECTOR('',#2502,1.);
#2502 = DIRECTION('',(0.,-1.,2.22044604925E-16));
#2503 = PCURVE('',#529,#2504);
#2504 = DEFINITIONAL_REPRESENTATION('',(#2505),#2508);
#2505 = B_SPLINE_CURVE_WITH_KNOTS('',1,(#2506,#2507),.UNSPECIFIED.,.F.,
  .F.,(2,2),(0.9999994,2.4500006),.PIECEWISE_BEZIER_KNOTS.);
#2506 = CARTESIAN_POINT('',(5.615347930967,0.9999994));
#2507 = CARTESIAN_POINT('',(5.615347930967,2.4500006));
#2508 = ( GEOMETRIC_REPRESENTATION_CONTEXT(2) 
PARAMETRIC_REPRESENTATION_CONTEXT() REPRESENTATION_CONTEXT('2D SPACE',''
  ) );
#2509 = PCURVE('',#845,#2510);
#2510 = DEFINITIONAL_REPRESENTATION('',(#2511),#2514);
#2511 = B_SPLINE_CURVE_WITH_KNOTS('',1,(#2512,#2513),.UNSPECIFIED.,.F.,
  .F.,(2,2),(1.,2.45),.PIECEWISE_BEZIER_KNOTS.);
#2512 = CARTESIAN_POINT('',(8.615524234079,9.5));
#2513 = CARTESIAN_POINT('',(8.615524234079,10.95));
#2514 = ( GEOMETRIC_REPRESENTATION_CONTEXT(2) 
PARAMETRIC_REPRESENTATION_CONTEXT() REPRESENTATION_CONTEXT('2D SPACE',''
  ) );
#2515 = ORIENTED_EDGE('',*,*,#857,.T.);
#2516 = ORIENTED_EDGE('',*,*,#2517,.T.);
#2517 = EDGE_CURVE('',#858,#2518,#2520,.T.);
#2518 = VERTEX_POINT('',#2519);
#2519 = CARTESIAN_POINT('',(-9.421953491493,-17.55,56.568526902145));
#2520 = SURFACE_CURVE('',#2521,(#2525,#2531),.PCURVE_S1.);
#2521 = LINE('',#2522,#2523);
#2522 = CARTESIAN_POINT('',(-9.421953491493,-15.1,56.568526902144));
#2523 = VECTOR('',#2524,1.);
#2524 = DIRECTION('',(0.,-1.,2.22044604925E-16));
#2525 = PCURVE('',#529,#2526);
#2526 = DEFINITIONAL_REPRESENTATION('',(#2527),#2530);
#2527 = B_SPLINE_CURVE_WITH_KNOTS('',1,(#2528,#2529),.UNSPECIFIED.,.F.,
  .F.,(2,2),(0.9999994,2.4500006),.PIECEWISE_BEZIER_KNOTS.);
#2528 = CARTESIAN_POINT('',(10.092615336982,0.9999994));
#2529 = CARTESIAN_POINT('',(10.092615336982,2.4500006));
#2530 = ( GEOMETRIC_REPRESENTATION_CONTEXT(2) 
PARAMETRIC_REPRESENTATION_CONTEXT() REPRESENTATION_CONTEXT('2D SPACE',''
  ) );
#2531 = PCURVE('',#906,#2532);
#2532 = DEFINITIONAL_REPRESENTATION('',(#2533),#2536);
#2533 = B_SPLINE_CURVE_WITH_KNOTS('',1,(#2534,#2535),.UNSPECIFIED.,.F.,
  .F.,(2,2),(1.,2.45),.PIECEWISE_BEZIER_KNOTS.);
#2534 = CARTESIAN_POINT('',(0.80925372669,9.5));
#2535 = CARTESIAN_POINT('',(0.80925372669,10.95));
#2536 = ( GEOMETRIC_REPRESENTATION_CONTEXT(2) 
PARAMETRIC_REPRESENTATION_CONTEXT() REPRESENTATION_CONTEXT('2D SPACE',''
  ) );
#2537 = ORIENTED_EDGE('',*,*,#2538,.F.);
#2538 = EDGE_CURVE('',#513,#2518,#2539,.T.);
#2539 = SURFACE_CURVE('',#2540,(#2561,#2585),.PCURVE_S1.);
#2540 = B_SPLINE_CURVE_WITH_KNOTS('',7,(#2541,#2542,#2543,#2544,#2545,
    #2546,#2547,#2548,#2549,#2550,#2551,#2552,#2553,#2554,#2555,#2556,
    #2557,#2558,#2559,#2560),.UNSPECIFIED.,.F.,.F.,(8,6,6,8),(0.,
    0.488554301312,0.824340953504,1.),.UNSPECIFIED.);
#2541 = CARTESIAN_POINT('',(-10.36165793745,-18.6000006,57.947228338421)
  );
#2542 = CARTESIAN_POINT('',(-10.31200053409,-18.51263321713,
    57.862220501271));
#2543 = CARTESIAN_POINT('',(-10.26097298406,-18.42578779981,
    57.776735069038));
#2544 = CARTESIAN_POINT('',(-10.20839241093,-18.33951271614,
    57.690535964874));
#2545 = CARTESIAN_POINT('',(-10.15406766514,-18.25395486355,
    57.6034015197));
#2546 = CARTESIAN_POINT('',(-10.09773268709,-18.16940855812,
    57.515038473906));
#2547 = CARTESIAN_POINT('',(-10.03908431495,-18.08629674801,
    57.425115204555));
#2548 = CARTESIAN_POINT('',(-9.935013132813,-17.94981816382,
    57.269373300289));
#2549 = CARTESIAN_POINT('',(-9.891298309394,-17.89541960341,
    57.204972906738));
#2550 = CARTESIAN_POINT('',(-9.845928533968,-17.84232273437,
    57.1391892009));
#2551 = CARTESIAN_POINT('',(-9.798622968757,-17.7909269963,
    57.071717439159));
#2552 = CARTESIAN_POINT('',(-9.749093018283,-17.74198296247,
    57.002287081087));
#2553 = CARTESIAN_POINT('',(-9.6970511597,-17.69657353062,
    56.930643989808));
#2554 = CARTESIAN_POINT('',(-9.612984255149,-17.63529125216,
    56.81718119429));
#2555 = CARTESIAN_POINT('',(-9.583283143746,-17.61568472219,
    56.777478498671));
#2556 = CARTESIAN_POINT('',(-9.552704704066,-17.59777927272,
    56.737007026697));
#2557 = CARTESIAN_POINT('',(-9.521238288281,-17.58189855608,
    56.695786174056));
#2558 = CARTESIAN_POINT('',(-9.488901265994,-17.56841459017,
    56.653874057969));
#2559 = CARTESIAN_POINT('',(-9.455755838152,-17.55769315177,
    56.61138302689));
#2560 = CARTESIAN_POINT('',(-9.421953491493,-17.55,56.568526902145));
#2561 = PCURVE('',#529,#2562);
#2562 = DEFINITIONAL_REPRESENTATION('',(#2563),#2584);
#2563 = B_SPLINE_CURVE_WITH_KNOTS('',7,(#2564,#2565,#2566,#2567,#2568,
    #2569,#2570,#2571,#2572,#2573,#2574,#2575,#2576,#2577,#2578,#2579,
    #2580,#2581,#2582,#2583),.UNSPECIFIED.,.F.,.F.,(8,6,6,8),(0.,
    0.488554301312,0.824340953504,1.),.UNSPECIFIED.);
#2564 = CARTESIAN_POINT('',(9.953462179413,3.5000006));
#2565 = CARTESIAN_POINT('',(9.96166625618,3.412633217133));
#2566 = CARTESIAN_POINT('',(9.969962289495,3.325787799814));
#2567 = CARTESIAN_POINT('',(9.978375861107,3.239512716144));
#2568 = CARTESIAN_POINT('',(9.98693192927,3.153954863552));
#2569 = CARTESIAN_POINT('',(9.995663981564,3.069408558121));
#2570 = CARTESIAN_POINT('',(10.004609958282,2.986296748011));
#2571 = CARTESIAN_POINT('',(10.020219417597,2.84981816382));
#2572 = CARTESIAN_POINT('',(10.026705554109,2.795419603417));
#2573 = CARTESIAN_POINT('',(10.033364584102,2.742322734377));
#2574 = CARTESIAN_POINT('',(10.040231108543,2.690926996305));
#2575 = CARTESIAN_POINT('',(10.047337916103,2.641982962471));
#2576 = CARTESIAN_POINT('',(10.054716747542,2.596573530628));
#2577 = CARTESIAN_POINT('',(10.066484479554,2.535291252165));
#2578 = CARTESIAN_POINT('',(10.070616340496,2.515684722196));
#2579 = CARTESIAN_POINT('',(10.07484330952,2.497779272729));
#2580 = CARTESIAN_POINT('',(10.079164743821,2.481898556085));
#2581 = CARTESIAN_POINT('',(10.083576048767,2.468414590171));
#2582 = CARTESIAN_POINT('',(10.088066797788,2.457693151777));
#2583 = CARTESIAN_POINT('',(10.092615336982,2.45));
#2584 = ( GEOMETRIC_REPRESENTATION_CONTEXT(2) 
PARAMETRIC_REPRESENTATION_CONTEXT() REPRESENTATION_CONTEXT('2D SPACE',''
  ) );
#2585 = PCURVE('',#562,#2586);
#2586 = DEFINITIONAL_REPRESENTATION('',(#2587),#2608);
#2587 = B_SPLINE_CURVE_WITH_KNOTS('',7,(#2588,#2589,#2590,#2591,#2592,
    #2593,#2594,#2595,#2596,#2597,#2598,#2599,#2600,#2601,#2602,#2603,
    #2604,#2605,#2606,#2607),.UNSPECIFIED.,.F.,.F.,(8,6,6,8),(
    4.793102641142E-07,0.488554301312,0.824340953504,1.),.UNSPECIFIED.);
#2588 = CARTESIAN_POINT('',(1.620442316641,1.05));
#2589 = CARTESIAN_POINT('',(1.600274486138,0.962632705919));
#2590 = CARTESIAN_POINT('',(1.577682057346,0.875787376601));
#2591 = CARTESIAN_POINT('',(1.552197415815,0.789512380388));
#2592 = CARTESIAN_POINT('',(1.523232565902,0.703954614712));
#2593 = CARTESIAN_POINT('',(1.489959156481,0.619408395043));
#2594 = CARTESIAN_POINT('',(1.451305967284,0.536296668656));
#2595 = CARTESIAN_POINT('',(1.373804832408,0.39981816382));
#2596 = CARTESIAN_POINT('',(1.338878241245,0.345419603417));
#2597 = CARTESIAN_POINT('',(1.299924951727,0.292322734377));
#2598 = CARTESIAN_POINT('',(1.2561683389,0.240926996305));
#2599 = CARTESIAN_POINT('',(1.206694325742,0.191982962471));
#2600 = CARTESIAN_POINT('',(1.150500659164,0.146573530628));
#2601 = CARTESIAN_POINT('',(1.053112175799,8.529125216504E-02));
#2602 = CARTESIAN_POINT('',(1.017583377258,6.568472219595E-02));
#2603 = CARTESIAN_POINT('',(0.979884101219,4.777927272868E-02));
#2604 = CARTESIAN_POINT('',(0.939998773627,3.189855608483E-02));
#2605 = CARTESIAN_POINT('',(0.89803722409,1.841459017066E-02));
#2606 = CARTESIAN_POINT('',(0.854285054393,7.693151777262E-03));
#2607 = CARTESIAN_POINT('',(0.80925372669,0.));
#2608 = ( GEOMETRIC_REPRESENTATION_CONTEXT(2) 
PARAMETRIC_REPRESENTATION_CONTEXT() REPRESENTATION_CONTEXT('2D SPACE',''
  ) );
#2609 = ORIENTED_EDGE('',*,*,#512,.T.);
#2610 = ORIENTED_EDGE('',*,*,#2422,.F.);
#2611 = ADVANCED_FACE('',(#2612),#472,.F.);
#2612 = FACE_BOUND('',#2613,.F.);
#2613 = EDGE_LOOP('',(#2614,#2635,#2636,#2637,#2665,#2686));
#2614 = ORIENTED_EDGE('',*,*,#2615,.F.);
#2615 = EDGE_CURVE('',#2237,#766,#2616,.T.);
#2616 = SURFACE_CURVE('',#2617,(#2621,#2628),.PCURVE_S1.);
#2617 = LINE('',#2618,#2619);
#2618 = CARTESIAN_POINT('',(9.7,-19.6,53.95));
#2619 = VECTOR('',#2620,1.);
#2620 = DIRECTION('',(0.,1.,0.));
#2621 = PCURVE('',#472,#2622);
#2622 = DEFINITIONAL_REPRESENTATION('',(#2623),#2627);
#2623 = LINE('',#2624,#2625);
#2624 = CARTESIAN_POINT('',(21.35,0.));
#2625 = VECTOR('',#2626,1.);
#2626 = DIRECTION('',(0.,-1.));
#2627 = ( GEOMETRIC_REPRESENTATION_CONTEXT(2) 
PARAMETRIC_REPRESENTATION_CONTEXT() REPRESENTATION_CONTEXT('2D SPACE',''
  ) );
#2628 = PCURVE('',#780,#2629);
#2629 = DEFINITIONAL_REPRESENTATION('',(#2630),#2634);
#2630 = LINE('',#2631,#2632);
#2631 = CARTESIAN_POINT('',(19.4,0.));
#2632 = VECTOR('',#2633,1.);
#2633 = DIRECTION('',(0.,1.));
#2634 = ( GEOMETRIC_REPRESENTATION_CONTEXT(2) 
PARAMETRIC_REPRESENTATION_CONTEXT() REPRESENTATION_CONTEXT('2D SPACE',''
  ) );
#2635 = ORIENTED_EDGE('',*,*,#2236,.T.);
#2636 = ORIENTED_EDGE('',*,*,#456,.T.);
#2637 = ORIENTED_EDGE('',*,*,#2638,.T.);
#2638 = EDGE_CURVE('',#429,#2639,#2641,.T.);
#2639 = VERTEX_POINT('',#2640);
#2640 = CARTESIAN_POINT('',(9.7,-17.85416089564,32.6));
#2641 = SURFACE_CURVE('',#2642,(#2647,#2654),.PCURVE_S1.);
#2642 = HYPERBOLA('',#2643,0.55,0.55);
#2643 = AXIS2_PLACEMENT_3D('',#2644,#2645,#2646);
#2644 = CARTESIAN_POINT('',(9.7,-16.35,31.2));
#2645 = DIRECTION('',(1.,0.,0.));
#2646 = DIRECTION('',(0.,-1.,2.22044604925E-16));
#2647 = PCURVE('',#472,#2648);
#2648 = DEFINITIONAL_REPRESENTATION('',(#2649),#2653);
#2649 = ( BOUNDED_CURVE() B_SPLINE_CURVE(2,(#2650,#2651,#2652),
.UNSPECIFIED.,.F.,.F.) B_SPLINE_CURVE_WITH_KNOTS((3,3),(-2.109280786371,
-1.41608987426),.PIECEWISE_BEZIER_KNOTS.) CURVE() 
GEOMETRIC_REPRESENTATION_ITEM() RATIONAL_B_SPLINE_CURVE((1.,
1.060667902752,1.)) REPRESENTATION_ITEM('') );
#2650 = CARTESIAN_POINT('',(0.833271143413,-0.95));
#2651 = CARTESIAN_POINT('',(6.655977370884E-02,-1.694467120559));
#2652 = CARTESIAN_POINT('',(-0.333463549615,-2.05));
#2653 = ( GEOMETRIC_REPRESENTATION_CONTEXT(2) 
PARAMETRIC_REPRESENTATION_CONTEXT() REPRESENTATION_CONTEXT('2D SPACE',''
  ) );
#2654 = PCURVE('',#416,#2655);
#2655 = DEFINITIONAL_REPRESENTATION('',(#2656),#2664);
#2656 = B_SPLINE_CURVE_WITH_KNOTS('',6,(#2657,#2658,#2659,#2660,#2661,
    #2662,#2663),.UNSPECIFIED.,.F.,.F.,(7,7),(-2.109280786371,
    -1.41608987426),.PIECEWISE_BEZIER_KNOTS.);
#2657 = CARTESIAN_POINT('',(1.81226653161,1.1));
#2658 = CARTESIAN_POINT('',(1.839893705643,0.841986123185));
#2659 = CARTESIAN_POINT('',(1.871239663992,0.62081148254));
#2660 = CARTESIAN_POINT('',(1.906894218889,0.430278178518));
#2661 = CARTESIAN_POINT('',(1.947536214227,0.265658470946));
#2662 = CARTESIAN_POINT('',(1.993963304143,0.123218895807));
#2663 = CARTESIAN_POINT('',(2.046915387707,1.443289932013E-15));
#2664 = ( GEOMETRIC_REPRESENTATION_CONTEXT(2) 
PARAMETRIC_REPRESENTATION_CONTEXT() REPRESENTATION_CONTEXT('2D SPACE',''
  ) );
#2665 = ORIENTED_EDGE('',*,*,#2666,.T.);
#2666 = EDGE_CURVE('',#2639,#999,#2667,.T.);
#2667 = SURFACE_CURVE('',#2668,(#2672,#2679),.PCURVE_S1.);
#2668 = LINE('',#2669,#2670);
#2669 = CARTESIAN_POINT('',(9.7,-19.6,32.6));
#2670 = VECTOR('',#2671,1.);
#2671 = DIRECTION('',(0.,1.,0.));
#2672 = PCURVE('',#472,#2673);
#2673 = DEFINITIONAL_REPRESENTATION('',(#2674),#2678);
#2674 = LINE('',#2675,#2676);
#2675 = CARTESIAN_POINT('',(0.,0.));
#2676 = VECTOR('',#2677,1.);
#2677 = DIRECTION('',(0.,-1.));
#2678 = ( GEOMETRIC_REPRESENTATION_CONTEXT(2) 
PARAMETRIC_REPRESENTATION_CONTEXT() REPRESENTATION_CONTEXT('2D SPACE',''
  ) );
#2679 = PCURVE('',#384,#2680);
#2680 = DEFINITIONAL_REPRESENTATION('',(#2681),#2685);
#2681 = LINE('',#2682,#2683);
#2682 = CARTESIAN_POINT('',(19.4,0.));
#2683 = VECTOR('',#2684,1.);
#2684 = DIRECTION('',(0.,1.));
#2685 = ( GEOMETRIC_REPRESENTATION_CONTEXT(2) 
PARAMETRIC_REPRESENTATION_CONTEXT() REPRESENTATION_CONTEXT('2D SPACE',''
  ) );
#2686 = ORIENTED_EDGE('',*,*,#1019,.F.);
#2687 = ADVANCED_FACE('',(#2688),#562,.F.);
#2688 = FACE_BOUND('',#2689,.F.);
#2689 = EDGE_LOOP('',(#2690,#2714,#2845,#2877,#2905,#2931,#2932));
#2690 = ORIENTED_EDGE('',*,*,#2691,.F.);
#2691 = EDGE_CURVE('',#2692,#2518,#2694,.T.);
#2692 = VERTEX_POINT('',#2693);
#2693 = CARTESIAN_POINT('',(-9.228270707642,-17.55,56.329340331727));
#2694 = SURFACE_CURVE('',#2695,(#2700,#2707),.PCURVE_S1.);
#2695 = CIRCLE('',#2696,1.2);
#2696 = AXIS2_PLACEMENT_3D('',#2697,#2698,#2699);
#2697 = CARTESIAN_POINT('',(-10.25,-17.55,55.7));
#2698 = DIRECTION('',(0.,1.,0.));
#2699 = DIRECTION('',(0.851441076965,-0.,0.524450276439));
#2700 = PCURVE('',#562,#2701);
#2701 = DEFINITIONAL_REPRESENTATION('',(#2702),#2706);
#2702 = LINE('',#2703,#2704);
#2703 = CARTESIAN_POINT('',(6.835254652805,0.));
#2704 = VECTOR('',#2705,1.);
#2705 = DIRECTION('',(-1.,-0.));
#2706 = ( GEOMETRIC_REPRESENTATION_CONTEXT(2) 
PARAMETRIC_REPRESENTATION_CONTEXT() REPRESENTATION_CONTEXT('2D SPACE',''
  ) );
#2707 = PCURVE('',#906,#2708);
#2708 = DEFINITIONAL_REPRESENTATION('',(#2709),#2713);
#2709 = LINE('',#2710,#2711);
#2710 = CARTESIAN_POINT('',(6.835254652805,10.95));
#2711 = VECTOR('',#2712,1.);
#2712 = DIRECTION('',(-1.,-0.));
#2713 = ( GEOMETRIC_REPRESENTATION_CONTEXT(2) 
PARAMETRIC_REPRESENTATION_CONTEXT() REPRESENTATION_CONTEXT('2D SPACE',''
  ) );
#2714 = ORIENTED_EDGE('',*,*,#2715,.F.);
#2715 = EDGE_CURVE('',#2716,#2692,#2718,.T.);
#2716 = VERTEX_POINT('',#2717);
#2717 = CARTESIAN_POINT('',(-8.07511393603,-18.6,55.123484077627));
#2718 = SURFACE_CURVE('',#2719,(#2743,#2794),.PCURVE_S1.);
#2719 = B_SPLINE_CURVE_WITH_KNOTS('',8,(#2720,#2721,#2722,#2723,#2724,
    #2725,#2726,#2727,#2728,#2729,#2730,#2731,#2732,#2733,#2734,#2735,
    #2736,#2737,#2738,#2739,#2740,#2741,#2742),.UNSPECIFIED.,.F.,.F.,(9,
    7,7,9),(0.,0.999999131052,1.501835179816,1.813041424777),
  .UNSPECIFIED.);
#2720 = CARTESIAN_POINT('',(-8.07511393603,-18.6,55.123484077627));
#2721 = CARTESIAN_POINT('',(-8.147057196415,-18.51368880169,
    55.188932056274));
#2722 = CARTESIAN_POINT('',(-8.219139741824,-18.42791961853,
    55.255724719756));
#2723 = CARTESIAN_POINT('',(-8.291563045321,-18.34269372219,
    55.324088842401));
#2724 = CARTESIAN_POINT('',(-8.364517839111,-18.25812231222,
    55.39426701886));
#2725 = CARTESIAN_POINT('',(-8.438179836921,-18.17441999137,
    55.4665024826));
#2726 = CARTESIAN_POINT('',(-8.512804178409,-18.09197234506,
    55.541155587476));
#2727 = CARTESIAN_POINT('',(-8.588689756244,-18.01131024375,
    55.618645862857));
#2728 = CARTESIAN_POINT('',(-8.705702053366,-17.89429794663,
    55.74082647421));
#2729 = CARTESIAN_POINT('',(-8.745250340643,-17.85595318717,
    55.782561704511));
#2730 = CARTESIAN_POINT('',(-8.785372615386,-17.81844843483,
    55.825362185283));
#2731 = CARTESIAN_POINT('',(-8.826170548335,-17.78195888198,
    55.869370711748));
#2732 = CARTESIAN_POINT('',(-8.867725998187,-17.74675003573,
    55.914716387772));
#2733 = CARTESIAN_POINT('',(-8.91011434156,-17.71318388383,
    55.961528812874));
#2734 = CARTESIAN_POINT('',(-8.953427426001,-17.68173082739,
    56.009966448427));
#2735 = CARTESIAN_POINT('',(-9.025326956623,-17.63516255381,
    56.091447450365));
#2736 = CARTESIAN_POINT('',(-9.05323962555,-17.61839134137,
    56.123328806279));
#2737 = CARTESIAN_POINT('',(-9.081556699989,-17.60282838843,
    56.155933968119));
#2738 = CARTESIAN_POINT('',(-9.110269784633,-17.58865706194,
    56.18927092037));
#2739 = CARTESIAN_POINT('',(-9.139353958186,-17.57608377833,
    56.223329371226));
#2740 = CARTESIAN_POINT('',(-9.168766548838,-17.56532365374,
    56.258077717387));
#2741 = CARTESIAN_POINT('',(-9.198440268762,-17.55657747623,
    56.293452497144));
#2742 = CARTESIAN_POINT('',(-9.228270707642,-17.55,56.329340331727));
#2743 = PCURVE('',#562,#2744);
#2744 = DEFINITIONAL_REPRESENTATION('',(#2745),#2793);
#2745 = B_SPLINE_CURVE_WITH_KNOTS('',3,(#2746,#2747,#2748,#2749,#2750,
    #2751,#2752,#2753,#2754,#2755,#2756,#2757,#2758,#2759,#2760,#2761,
    #2762,#2763,#2764,#2765,#2766,#2767,#2768,#2769,#2770,#2771,#2772,
    #2773,#2774,#2775,#2776,#2777,#2778,#2779,#2780,#2781,#2782,#2783,
    #2784,#2785,#2786,#2787,#2788,#2789,#2790,#2791,#2792),
  .UNSPECIFIED.,.F.,.F.,(4,1,1,1,1,1,1,1,1,1,1,1,1,1,1,1,1,1,1,1,1,1,1,1
    ,1,1,1,1,1,1,1,1,1,1,1,1,1,1,1,1,1,1,1,1,4),(0.,4.120548692675E-02,
    8.24109738535E-02,0.12361646078,0.164821947707,0.206027434634,
    0.24723292156,0.288438408487,0.329643895414,0.370849382341,
    0.412054869267,0.453260356194,0.494465843121,0.535671330048,
    0.576876816974,0.618082303901,0.659287790828,0.700493277755,
    0.741698764681,0.782904251608,0.824109738535,0.865315225462,
    0.906520712388,0.947726199315,0.988931686242,1.030137173169,
    1.071342660095,1.112548147022,1.153753633949,1.194959120876,
    1.236164607802,1.277370094729,1.318575581656,1.359781068583,
    1.400986555509,1.442192042436,1.483397529363,1.52460301629,
    1.565808503216,1.607013990143,1.64821947707,1.689424963997,
    1.730630450923,1.77183593785,1.813041424777),.QUASI_UNIFORM_KNOTS.);
#2746 = CARTESIAN_POINT('',(6.024066062854,1.05));
#2747 = CARTESIAN_POINT('',(6.026255393306,1.040516048149));
#2748 = CARTESIAN_POINT('',(6.030707043952,1.021565153772));
#2749 = CARTESIAN_POINT('',(6.037614323936,0.993190723597));
#2750 = CARTESIAN_POINT('',(6.044762004269,0.96486888247));
#2751 = CARTESIAN_POINT('',(6.052161515859,0.936601028206));
#2752 = CARTESIAN_POINT('',(6.059824885908,0.908389050546));
#2753 = CARTESIAN_POINT('',(6.067764857661,0.880235412729));
#2754 = CARTESIAN_POINT('',(6.075994920902,0.852143151341));
#2755 = CARTESIAN_POINT('',(6.084529373197,0.824115900024));
#2756 = CARTESIAN_POINT('',(6.093383380033,0.796157909373));
#2757 = CARTESIAN_POINT('',(6.102573042856,0.76827407099));
#2758 = CARTESIAN_POINT('',(6.112115473285,0.740469944098));
#2759 = CARTESIAN_POINT('',(6.122028874891,0.71275178569));
#2760 = CARTESIAN_POINT('',(6.132332633353,0.685126584523));
#2761 = CARTESIAN_POINT('',(6.143047416323,0.657602099502));
#2762 = CARTESIAN_POINT('',(6.15419528451,0.630186903088));
#2763 = CARTESIAN_POINT('',(6.165799815945,0.602890430407));
#2764 = CARTESIAN_POINT('',(6.177886245556,0.57572303528));
#2765 = CARTESIAN_POINT('',(6.190481623369,0.548696053382));
#2766 = CARTESIAN_POINT('',(6.203614992347,0.521821877785));
#2767 = CARTESIAN_POINT('',(6.217317597832,0.495114034969));
#2768 = CARTESIAN_POINT('',(6.231623102204,0.468587315603));
#2769 = CARTESIAN_POINT('',(6.24656792409,0.442257769961));
#2770 = CARTESIAN_POINT('',(6.262191280463,0.416143293331));
#2771 = CARTESIAN_POINT('',(6.278536531497,0.390262114289));
#2772 = CARTESIAN_POINT('',(6.295647885849,0.364639239326));
#2773 = CARTESIAN_POINT('',(6.313560539935,0.339318676033));
#2774 = CARTESIAN_POINT('',(6.332331999849,0.314319095486));
#2775 = CARTESIAN_POINT('',(6.352017130365,0.289673263775));
#2776 = CARTESIAN_POINT('',(6.372673726953,0.265419042339));
#2777 = CARTESIAN_POINT('',(6.394360781002,0.241601981941));
#2778 = CARTESIAN_POINT('',(6.417138670054,0.218274827029));
#2779 = CARTESIAN_POINT('',(6.441068776376,0.195497879633));
#2780 = CARTESIAN_POINT('',(6.466213233838,0.173339151436));
#2781 = CARTESIAN_POINT('',(6.492634433668,0.151874688353));
#2782 = CARTESIAN_POINT('',(6.520394986574,0.131188656092));
#2783 = CARTESIAN_POINT('',(6.549555623702,0.111374509365));
#2784 = CARTESIAN_POINT('',(6.58018029194,9.253243283271E-02));
#2785 = CARTESIAN_POINT('',(6.612293272995,7.479313522392E-02));
#2786 = CARTESIAN_POINT('',(6.645912134519,5.829100449907E-02));
#2787 = CARTESIAN_POINT('',(6.681027024731,4.317289469371E-02));
#2788 = CARTESIAN_POINT('',(6.717598718085,2.959316835543E-02));
#2789 = CARTESIAN_POINT('',(6.755551710595,1.770925124655E-02));
#2790 = CARTESIAN_POINT('',(6.794775466336,7.678009522038E-03));
#2791 = CARTESIAN_POINT('',(6.821656772368,2.321198954081E-03));
#2792 = CARTESIAN_POINT('',(6.835254652805,7.738254481637E-14));
#2793 = ( GEOMETRIC_REPRESENTATION_CONTEXT(2) 
PARAMETRIC_REPRESENTATION_CONTEXT() REPRESENTATION_CONTEXT('2D SPACE',''
  ) );
#2794 = PCURVE('',#939,#2795);
#2795 = DEFINITIONAL_REPRESENTATION('',(#2796),#2844);
#2796 = B_SPLINE_CURVE_WITH_KNOTS('',3,(#2797,#2798,#2799,#2800,#2801,
    #2802,#2803,#2804,#2805,#2806,#2807,#2808,#2809,#2810,#2811,#2812,
    #2813,#2814,#2815,#2816,#2817,#2818,#2819,#2820,#2821,#2822,#2823,
    #2824,#2825,#2826,#2827,#2828,#2829,#2830,#2831,#2832,#2833,#2834,
    #2835,#2836,#2837,#2838,#2839,#2840,#2841,#2842,#2843),
  .UNSPECIFIED.,.F.,.F.,(4,1,1,1,1,1,1,1,1,1,1,1,1,1,1,1,1,1,1,1,1,1,1,1
    ,1,1,1,1,1,1,1,1,1,1,1,1,1,1,1,1,1,1,1,1,4),(0.,4.120548692675E-02,
    8.24109738535E-02,0.12361646078,0.164821947707,0.206027434634,
    0.24723292156,0.288438408487,0.329643895414,0.370849382341,
    0.412054869267,0.453260356194,0.494465843121,0.535671330048,
    0.576876816974,0.618082303901,0.659287790828,0.700493277755,
    0.741698764681,0.782904251608,0.824109738535,0.865315225462,
    0.906520712388,0.947726199315,0.988931686242,1.030137173169,
    1.071342660095,1.112548147022,1.153753633949,1.194959120876,
    1.236164607802,1.277370094729,1.318575581656,1.359781068583,
    1.400986555509,1.442192042436,1.483397529363,1.52460301629,
    1.565808503216,1.607013990143,1.64821947707,1.689424963997,
    1.730630450923,1.77183593785,1.813041424777),.QUASI_UNIFORM_KNOTS.);
#2797 = CARTESIAN_POINT('',(10.257416758099,3.5));
#2798 = CARTESIAN_POINT('',(10.256526180438,3.490516049525));
#2799 = CARTESIAN_POINT('',(10.254742363514,3.471565158988));
#2800 = CARTESIAN_POINT('',(10.252058041172,3.443190733807));
#2801 = CARTESIAN_POINT('',(10.249364510475,3.414868889136));
#2802 = CARTESIAN_POINT('',(10.246661157404,3.386601028101));
#2803 = CARTESIAN_POINT('',(10.243947364216,3.358389044892));
#2804 = CARTESIAN_POINT('',(10.241222506745,3.33023540554));
#2805 = CARTESIAN_POINT('',(10.23848595132,3.302143146674));
#2806 = CARTESIAN_POINT('',(10.235737051093,3.274115900105));
#2807 = CARTESIAN_POINT('',(10.232975141897,3.246157913893));
#2808 = CARTESIAN_POINT('',(10.230199537627,3.218274077576));
#2809 = CARTESIAN_POINT('',(10.227409525131,3.190469949545));
#2810 = CARTESIAN_POINT('',(10.22460435853,3.162751787411));
#2811 = CARTESIAN_POINT('',(10.221783252884,3.135126581672));
#2812 = CARTESIAN_POINT('',(10.218945377048,3.107602093369));
#2813 = CARTESIAN_POINT('',(10.216089845552,3.080186896611));
#2814 = CARTESIAN_POINT('',(10.213215709281,3.052890426914));
#2815 = CARTESIAN_POINT('',(10.210321944732,3.025723036878));
#2816 = CARTESIAN_POINT('',(10.207407441439,2.998696059625));
#2817 = CARTESIAN_POINT('',(10.204470987668,2.971821885347));
#2818 = CARTESIAN_POINT('',(10.201511252414,2.945114038829));
#2819 = CARTESIAN_POINT('',(10.198526769266,2.918587312033));
#2820 = CARTESIAN_POINT('',(10.195515899402,2.892257759579));
#2821 = CARTESIAN_POINT('',(10.192476856453,2.866143284827));
#2822 = CARTESIAN_POINT('',(10.189407482069,2.840262112288));
#2823 = CARTESIAN_POINT('',(10.18630593107,2.814639251218));
#2824 = CARTESIAN_POINT('',(10.183172238284,2.789318710854));
#2825 = CARTESIAN_POINT('',(10.180002806456,2.764319110015));
#2826 = CARTESIAN_POINT('',(10.176795029784,2.739673250099));
#2827 = CARTESIAN_POINT('',(10.173546191465,2.715419017425));
#2828 = CARTESIAN_POINT('',(10.170253718609,2.691601970347));
#2829 = CARTESIAN_POINT('',(10.166915062118,2.668274839283));
#2830 = CARTESIAN_POINT('',(10.16352766704,2.645497904099));
#2831 = CARTESIAN_POINT('',(10.160088903606,2.623339162885));
#2832 = CARTESIAN_POINT('',(10.156596012498,2.60187467159));
#2833 = CARTESIAN_POINT('',(10.153045979847,2.581188622564));
#2834 = CARTESIAN_POINT('',(10.149435626337,2.561374510382));
#2835 = CARTESIAN_POINT('',(10.145760857326,2.542532423398));
#2836 = CARTESIAN_POINT('',(10.142021428885,2.524793121964));
#2837 = CARTESIAN_POINT('',(10.1382164258,2.508291018501));
#2838 = CARTESIAN_POINT('',(10.134346346208,2.49317290014));
#2839 = CARTESIAN_POINT('',(10.130412853736,2.479593155165));
#2840 = CARTESIAN_POINT('',(10.126419035291,2.467709249547));
#2841 = CARTESIAN_POINT('',(10.122369313867,2.45767802328));
#2842 = CARTESIAN_POINT('',(10.119636935944,2.452321208759));
#2843 = CARTESIAN_POINT('',(10.118263656872,2.45));
#2844 = ( GEOMETRIC_REPRESENTATION_CONTEXT(2) 
PARAMETRIC_REPRESENTATION_CONTEXT() REPRESENTATION_CONTEXT('2D SPACE',''
  ) );
#2845 = ORIENTED_EDGE('',*,*,#2846,.F.);
#2846 = EDGE_CURVE('',#2847,#2716,#2849,.T.);
#2847 = VERTEX_POINT('',#2848);
#2848 = CARTESIAN_POINT('',(-8.835786437627,-18.6,53.95));
#2849 = SURFACE_CURVE('',#2850,(#2855,#2861),.PCURVE_S1.);
#2850 = CIRCLE('',#2851,2.25);
#2851 = AXIS2_PLACEMENT_3D('',#2852,#2853,#2854);
#2852 = CARTESIAN_POINT('',(-10.25,-18.6,55.7));
#2853 = DIRECTION('',(0.,-1.,2.22044604925E-16));
#2854 = DIRECTION('',(1.,0.,0.));
#2855 = PCURVE('',#562,#2856);
#2856 = DEFINITIONAL_REPRESENTATION('',(#2857),#2860);
#2857 = B_SPLINE_CURVE_WITH_KNOTS('',1,(#2858,#2859),.UNSPECIFIED.,.F.,
  .F.,(2,2),(5.392062799293,6.024066062854),.PIECEWISE_BEZIER_KNOTS.);
#2858 = CARTESIAN_POINT('',(5.392062799293,1.05));
#2859 = CARTESIAN_POINT('',(6.024066062854,1.05));
#2860 = ( GEOMETRIC_REPRESENTATION_CONTEXT(2) 
PARAMETRIC_REPRESENTATION_CONTEXT() REPRESENTATION_CONTEXT('2D SPACE',''
  ) );
#2861 = PCURVE('',#2862,#2867);
#2862 = PLANE('',#2863);
#2863 = AXIS2_PLACEMENT_3D('',#2864,#2865,#2866);
#2864 = CARTESIAN_POINT('',(-16.,-18.6,22.8));
#2865 = DIRECTION('',(0.,1.,0.));
#2866 = DIRECTION('',(0.,0.,1.));
#2867 = DEFINITIONAL_REPRESENTATION('',(#2868),#2876);
#2868 = ( BOUNDED_CURVE() B_SPLINE_CURVE(2,(#2869,#2870,#2871,#2872,
#2873,#2874,#2875),.UNSPECIFIED.,.T.,.F.) B_SPLINE_CURVE_WITH_KNOTS((1,2
    ,2,2,2,1),(-2.094395102393,0.,2.094395102393,4.188790204786,
6.28318530718,8.377580409573),.UNSPECIFIED.) CURVE() 
GEOMETRIC_REPRESENTATION_ITEM() RATIONAL_B_SPLINE_CURVE((1.,0.5,1.,0.5,
1.,0.5,1.)) REPRESENTATION_ITEM('') );
#2869 = CARTESIAN_POINT('',(32.9,8.));
#2870 = CARTESIAN_POINT('',(36.79711431703,8.));
#2871 = CARTESIAN_POINT('',(34.848557158515,4.625));
#2872 = CARTESIAN_POINT('',(32.9,1.25));
#2873 = CARTESIAN_POINT('',(30.951442841485,4.625));
#2874 = CARTESIAN_POINT('',(29.00288568297,8.));
#2875 = CARTESIAN_POINT('',(32.9,8.));
#2876 = ( GEOMETRIC_REPRESENTATION_CONTEXT(2) 
PARAMETRIC_REPRESENTATION_CONTEXT() REPRESENTATION_CONTEXT('2D SPACE',''
  ) );
#2877 = ORIENTED_EDGE('',*,*,#2878,.F.);
#2878 = EDGE_CURVE('',#2879,#2847,#2881,.T.);
#2879 = VERTEX_POINT('',#2880);
#2880 = CARTESIAN_POINT('',(-9.7,-18.18439363278,53.95));
#2881 = SURFACE_CURVE('',#2882,(#2887,#2898),.PCURVE_S1.);
#2882 = HYPERBOLA('',#2883,1.75,1.75);
#2883 = AXIS2_PLACEMENT_3D('',#2884,#2885,#2886);
#2884 = CARTESIAN_POINT('',(-10.25,-16.35,53.95));
#2885 = DIRECTION('',(0.,0.,1.));
#2886 = DIRECTION('',(0.,-1.,0.));
#2887 = PCURVE('',#562,#2888);
#2888 = DEFINITIONAL_REPRESENTATION('',(#2889),#2897);
#2889 = B_SPLINE_CURVE_WITH_KNOTS('',6,(#2890,#2891,#2892,#2893,#2894,
    #2895,#2896),.UNSPECIFIED.,.F.,.F.,(7,7),(0.309329062061,
    0.738997943852),.PIECEWISE_BEZIER_KNOTS.);
#2890 = CARTESIAN_POINT('',(5.016899844322,0.634393631315));
#2891 = CARTESIAN_POINT('',(5.085216685204,0.673779942216));
#2892 = CARTESIAN_POINT('',(5.15177334876,0.724454829698));
#2893 = CARTESIAN_POINT('',(5.216052814551,0.786781870852));
#2894 = CARTESIAN_POINT('',(5.277658669243,0.861298292256));
#2895 = CARTESIAN_POINT('',(5.336364897817,0.948726069251));
#2896 = CARTESIAN_POINT('',(5.392062777119,1.049999998932));
#2897 = ( GEOMETRIC_REPRESENTATION_CONTEXT(2) 
PARAMETRIC_REPRESENTATION_CONTEXT() REPRESENTATION_CONTEXT('2D SPACE',''
  ) );
#2898 = PCURVE('',#966,#2899);
#2899 = DEFINITIONAL_REPRESENTATION('',(#2900),#2904);
#2900 = ( BOUNDED_CURVE() B_SPLINE_CURVE(2,(#2901,#2902,#2903),
.UNSPECIFIED.,.F.,.F.) B_SPLINE_CURVE_WITH_KNOTS((3,3),(0.134295836501,
0.773404675449),.PIECEWISE_BEZIER_KNOTS.) CURVE() 
GEOMETRIC_REPRESENTATION_ITEM() RATIONAL_B_SPLINE_CURVE((1.,
1.051493473375,1.)) REPRESENTATION_ITEM('') );
#2901 = CARTESIAN_POINT('',(-0.314275210168,1.484195317556));
#2902 = CARTESIAN_POINT('',(0.231542026221,1.411331849352));
#2903 = CARTESIAN_POINT('',(0.94248115566,0.95));
#2904 = ( GEOMETRIC_REPRESENTATION_CONTEXT(2) 
PARAMETRIC_REPRESENTATION_CONTEXT() REPRESENTATION_CONTEXT('2D SPACE',''
  ) );
#2905 = ORIENTED_EDGE('',*,*,#2906,.T.);
#2906 = EDGE_CURVE('',#2879,#542,#2907,.T.);
#2907 = SURFACE_CURVE('',#2908,(#2913,#2924),.PCURVE_S1.);
#2908 = HYPERBOLA('',#2909,0.55,0.55);
#2909 = AXIS2_PLACEMENT_3D('',#2910,#2911,#2912);
#2910 = CARTESIAN_POINT('',(-9.7,-16.35,55.7));
#2911 = DIRECTION('',(1.,0.,0.));
#2912 = DIRECTION('',(0.,-1.,2.22044604925E-16));
#2913 = PCURVE('',#562,#2914);
#2914 = DEFINITIONAL_REPRESENTATION('',(#2915),#2923);
#2915 = B_SPLINE_CURVE_WITH_KNOTS('',6,(#2916,#2917,#2918,#2919,#2920,
    #2921,#2922),.UNSPECIFIED.,.F.,.F.,(7,7),(1.874426320413,
    2.086629830941),.PIECEWISE_BEZIER_KNOTS.);
#2916 = CARTESIAN_POINT('',(5.016899883323,0.634393642563));
#2917 = CARTESIAN_POINT('',(5.00629583709,0.69628633173));
#2918 = CARTESIAN_POINT('',(4.99612112099,0.760932461849));
#2919 = CARTESIAN_POINT('',(4.986356154529,0.82847138609));
#2920 = CARTESIAN_POINT('',(4.976982108294,0.899052794519));
#2921 = CARTESIAN_POINT('',(4.967981011847,0.97283776065));
#2922 = CARTESIAN_POINT('',(4.95933569179,1.049999998369));
#2923 = ( GEOMETRIC_REPRESENTATION_CONTEXT(2) 
PARAMETRIC_REPRESENTATION_CONTEXT() REPRESENTATION_CONTEXT('2D SPACE',''
  ) );
#2924 = PCURVE('',#589,#2925);
#2925 = DEFINITIONAL_REPRESENTATION('',(#2926),#2930);
#2926 = ( BOUNDED_CURVE() B_SPLINE_CURVE(2,(#2927,#2928,#2929),
.UNSPECIFIED.,.F.,.F.) B_SPLINE_CURVE_WITH_KNOTS((3,3),(1.41608987426,
2.109280786371),.PIECEWISE_BEZIER_KNOTS.) CURVE() 
GEOMETRIC_REPRESENTATION_ITEM() RATIONAL_B_SPLINE_CURVE((1.,
1.060667902752,1.)) REPRESENTATION_ITEM('') );
#2927 = CARTESIAN_POINT('',(22.033463549615,-2.05));
#2928 = CARTESIAN_POINT('',(21.633440226291,-1.694467120559));
#2929 = CARTESIAN_POINT('',(20.866728856587,-0.95));
#2930 = ( GEOMETRIC_REPRESENTATION_CONTEXT(2) 
PARAMETRIC_REPRESENTATION_CONTEXT() REPRESENTATION_CONTEXT('2D SPACE',''
  ) );
#2931 = ORIENTED_EDGE('',*,*,#541,.F.);
#2932 = ORIENTED_EDGE('',*,*,#2538,.T.);
#2933 = ADVANCED_FACE('',(#2934),#416,.F.);
#2934 = FACE_BOUND('',#2935,.F.);
#2935 = EDGE_LOOP('',(#2936,#2937,#2960,#2982,#2983,#2984,#3019));
#2936 = ORIENTED_EDGE('',*,*,#428,.F.);
#2937 = ORIENTED_EDGE('',*,*,#2938,.F.);
#2938 = EDGE_CURVE('',#2939,#396,#2941,.T.);
#2939 = VERTEX_POINT('',#2940);
#2940 = CARTESIAN_POINT('',(11.45,-17.55,31.2));
#2941 = SEAM_CURVE('',#2942,(#2946,#2953),.PCURVE_S1.);
#2942 = LINE('',#2943,#2944);
#2943 = CARTESIAN_POINT('',(11.45,-17.55,31.2));
#2944 = VECTOR('',#2945,1.);
#2945 = DIRECTION('',(0.707106781187,-0.707106781187,-1.618196537872E-17
    ));
#2946 = PCURVE('',#416,#2947);
#2947 = DEFINITIONAL_REPRESENTATION('',(#2948),#2952);
#2948 = LINE('',#2949,#2950);
#2949 = CARTESIAN_POINT('',(6.28318530718,-0.));
#2950 = VECTOR('',#2951,1.);
#2951 = DIRECTION('',(0.,1.));
#2952 = ( GEOMETRIC_REPRESENTATION_CONTEXT(2) 
PARAMETRIC_REPRESENTATION_CONTEXT() REPRESENTATION_CONTEXT('2D SPACE',''
  ) );
#2953 = PCURVE('',#416,#2954);
#2954 = DEFINITIONAL_REPRESENTATION('',(#2955),#2959);
#2955 = LINE('',#2956,#2957);
#2956 = CARTESIAN_POINT('',(0.,-0.));
#2957 = VECTOR('',#2958,1.);
#2958 = DIRECTION('',(0.,1.));
#2959 = ( GEOMETRIC_REPRESENTATION_CONTEXT(2) 
PARAMETRIC_REPRESENTATION_CONTEXT() REPRESENTATION_CONTEXT('2D SPACE',''
  ) );
#2960 = ORIENTED_EDGE('',*,*,#2961,.T.);
#2961 = EDGE_CURVE('',#2939,#2939,#2962,.T.);
#2962 = SURFACE_CURVE('',#2963,(#2968,#2975),.PCURVE_S1.);
#2963 = CIRCLE('',#2964,1.2);
#2964 = AXIS2_PLACEMENT_3D('',#2965,#2966,#2967);
#2965 = CARTESIAN_POINT('',(10.25,-17.55,31.2));
#2966 = DIRECTION('',(0.,-1.,2.22044604925E-16));
#2967 = DIRECTION('',(1.,0.,0.));
#2968 = PCURVE('',#416,#2969);
#2969 = DEFINITIONAL_REPRESENTATION('',(#2970),#2974);
#2970 = LINE('',#2971,#2972);
#2971 = CARTESIAN_POINT('',(0.,0.));
#2972 = VECTOR('',#2973,1.);
#2973 = DIRECTION('',(1.,0.));
#2974 = ( GEOMETRIC_REPRESENTATION_CONTEXT(2) 
PARAMETRIC_REPRESENTATION_CONTEXT() REPRESENTATION_CONTEXT('2D SPACE',''
  ) );
#2975 = PCURVE('',#1061,#2976);
#2976 = DEFINITIONAL_REPRESENTATION('',(#2977),#2981);
#2977 = LINE('',#2978,#2979);
#2978 = CARTESIAN_POINT('',(0.,10.95));
#2979 = VECTOR('',#2980,1.);
#2980 = DIRECTION('',(1.,0.));
#2981 = ( GEOMETRIC_REPRESENTATION_CONTEXT(2) 
PARAMETRIC_REPRESENTATION_CONTEXT() REPRESENTATION_CONTEXT('2D SPACE',''
  ) );
#2982 = ORIENTED_EDGE('',*,*,#2938,.T.);
#2983 = ORIENTED_EDGE('',*,*,#395,.F.);
#2984 = ORIENTED_EDGE('',*,*,#2985,.T.);
#2985 = EDGE_CURVE('',#369,#2639,#2986,.T.);
#2986 = SURFACE_CURVE('',#2987,(#2992,#3012),.PCURVE_S1.);
#2987 = HYPERBOLA('',#2988,1.4,1.4);
#2988 = AXIS2_PLACEMENT_3D('',#2989,#2990,#2991);
#2989 = CARTESIAN_POINT('',(10.25,-16.35,32.6));
#2990 = DIRECTION('',(0.,0.,1.));
#2991 = DIRECTION('',(0.,-1.,0.));
#2992 = PCURVE('',#416,#2993);
#2993 = DEFINITIONAL_REPRESENTATION('',(#2994),#3011);
#2994 = B_SPLINE_CURVE_WITH_KNOTS('',8,(#2995,#2996,#2997,#2998,#2999,
    #3000,#3001,#3002,#3003,#3004,#3005,#3006,#3007,#3008,#3009,#3010),
  .UNSPECIFIED.,.F.,.F.,(9,7,9),(-1.080552269356,-0.102119237493,
    0.876313794369),.UNSPECIFIED.);
#2995 = CARTESIAN_POINT('',(2.487177091341,1.1));
#2996 = CARTESIAN_POINT('',(2.412731099786,0.876815908077));
#2997 = CARTESIAN_POINT('',(2.330029669844,0.692950775218));
#2998 = CARTESIAN_POINT('',(2.23862856259,0.543317440323));
#2999 = CARTESIAN_POINT('',(2.138430162388,0.424083408763));
#3000 = CARTESIAN_POINT('',(2.029841806139,0.332427527853));
#3001 = CARTESIAN_POINT('',(1.914345613491,0.266396069781));
#3002 = CARTESIAN_POINT('',(1.794407710423,0.22482203573));
#3003 = CARTESIAN_POINT('',(1.551069362819,0.189790330342));
#3004 = CARTESIAN_POINT('',(1.427669769677,0.196332658716));
#3005 = CARTESIAN_POINT('',(1.305253653109,0.22653391475));
#3006 = CARTESIAN_POINT('',(1.186815285996,0.280762587408));
#3007 = CARTESIAN_POINT('',(1.074987727794,0.36013571602));
#3008 = CARTESIAN_POINT('',(0.971112289993,0.466561216918));
#3009 = CARTESIAN_POINT('',(0.875773870529,0.602837852348));
#3010 = CARTESIAN_POINT('',(0.78898237744,0.772840591634));
#3011 = ( GEOMETRIC_REPRESENTATION_CONTEXT(2) 
PARAMETRIC_REPRESENTATION_CONTEXT() REPRESENTATION_CONTEXT('2D SPACE',''
  ) );
#3012 = PCURVE('',#384,#3013);
#3013 = DEFINITIONAL_REPRESENTATION('',(#3014),#3018);
#3014 = ( BOUNDED_CURVE() B_SPLINE_CURVE(2,(#3015,#3016,#3017),
.UNSPECIFIED.,.F.,.F.) B_SPLINE_CURVE_WITH_KNOTS((3,3),(-1.080552269356,
0.876313794369),.PIECEWISE_BEZIER_KNOTS.) CURVE() 
GEOMETRIC_REPRESENTATION_ITEM() RATIONAL_B_SPLINE_CURVE((1.,
1.518092026859,1.)) REPRESENTATION_ITEM('') );
#3015 = CARTESIAN_POINT('',(18.125171240911,0.95));
#3016 = CARTESIAN_POINT('',(19.855660826781,2.322977027652));
#3017 = CARTESIAN_POINT('',(21.34,1.277159408366));
#3018 = ( GEOMETRIC_REPRESENTATION_CONTEXT(2) 
PARAMETRIC_REPRESENTATION_CONTEXT() REPRESENTATION_CONTEXT('2D SPACE',''
  ) );
#3019 = ORIENTED_EDGE('',*,*,#2638,.F.);
#3020 = ADVANCED_FACE('',(#3021),#589,.T.);
#3021 = FACE_BOUND('',#3022,.T.);
#3022 = EDGE_LOOP('',(#3023,#3044,#3045,#3046,#3074,#3095));
#3023 = ORIENTED_EDGE('',*,*,#3024,.F.);
#3024 = EDGE_CURVE('',#2879,#952,#3025,.T.);
#3025 = SURFACE_CURVE('',#3026,(#3030,#3037),.PCURVE_S1.);
#3026 = LINE('',#3027,#3028);
#3027 = CARTESIAN_POINT('',(-9.7,-19.6,53.95));
#3028 = VECTOR('',#3029,1.);
#3029 = DIRECTION('',(0.,1.,0.));
#3030 = PCURVE('',#589,#3031);
#3031 = DEFINITIONAL_REPRESENTATION('',(#3032),#3036);
#3032 = LINE('',#3033,#3034);
#3033 = CARTESIAN_POINT('',(21.35,0.));
#3034 = VECTOR('',#3035,1.);
#3035 = DIRECTION('',(0.,-1.));
#3036 = ( GEOMETRIC_REPRESENTATION_CONTEXT(2) 
PARAMETRIC_REPRESENTATION_CONTEXT() REPRESENTATION_CONTEXT('2D SPACE',''
  ) );
#3037 = PCURVE('',#966,#3038);
#3038 = DEFINITIONAL_REPRESENTATION('',(#3039),#3043);
#3039 = LINE('',#3040,#3041);
#3040 = CARTESIAN_POINT('',(0.,0.));
#3041 = VECTOR('',#3042,1.);
#3042 = DIRECTION('',(0.,1.));
#3043 = ( GEOMETRIC_REPRESENTATION_CONTEXT(2) 
PARAMETRIC_REPRESENTATION_CONTEXT() REPRESENTATION_CONTEXT('2D SPACE',''
  ) );
#3044 = ORIENTED_EDGE('',*,*,#2906,.T.);
#3045 = ORIENTED_EDGE('',*,*,#573,.T.);
#3046 = ORIENTED_EDGE('',*,*,#3047,.T.);
#3047 = EDGE_CURVE('',#574,#3048,#3050,.T.);
#3048 = VERTEX_POINT('',#3049);
#3049 = CARTESIAN_POINT('',(-9.7,-17.85416089564,32.6));
#3050 = SURFACE_CURVE('',#3051,(#3056,#3063),.PCURVE_S1.);
#3051 = HYPERBOLA('',#3052,0.55,0.55);
#3052 = AXIS2_PLACEMENT_3D('',#3053,#3054,#3055);
#3053 = CARTESIAN_POINT('',(-9.7,-16.35,31.2));
#3054 = DIRECTION('',(1.,0.,0.));
#3055 = DIRECTION('',(0.,-1.,2.22044604925E-16));
#3056 = PCURVE('',#589,#3057);
#3057 = DEFINITIONAL_REPRESENTATION('',(#3058),#3062);
#3058 = ( BOUNDED_CURVE() B_SPLINE_CURVE(2,(#3059,#3060,#3061),
.UNSPECIFIED.,.F.,.F.) B_SPLINE_CURVE_WITH_KNOTS((3,3),(-2.109280786371,
-1.41608987426),.PIECEWISE_BEZIER_KNOTS.) CURVE() 
GEOMETRIC_REPRESENTATION_ITEM() RATIONAL_B_SPLINE_CURVE((1.,
1.060667902752,1.)) REPRESENTATION_ITEM('') );
#3059 = CARTESIAN_POINT('',(0.833271143413,-0.95));
#3060 = CARTESIAN_POINT('',(6.655977370884E-02,-1.694467120559));
#3061 = CARTESIAN_POINT('',(-0.333463549615,-2.05));
#3062 = ( GEOMETRIC_REPRESENTATION_CONTEXT(2) 
PARAMETRIC_REPRESENTATION_CONTEXT() REPRESENTATION_CONTEXT('2D SPACE',''
  ) );
#3063 = PCURVE('',#356,#3064);
#3064 = DEFINITIONAL_REPRESENTATION('',(#3065),#3073);
#3065 = B_SPLINE_CURVE_WITH_KNOTS('',6,(#3066,#3067,#3068,#3069,#3070,
    #3071,#3072),.UNSPECIFIED.,.F.,.F.,(7,7),(-2.109280786371,
    -1.41608987426),.PIECEWISE_BEZIER_KNOTS.);
#3066 = CARTESIAN_POINT('',(1.32932612198,1.1));
#3067 = CARTESIAN_POINT('',(1.301698947947,0.841986123185));
#3068 = CARTESIAN_POINT('',(1.270352989598,0.62081148254));
#3069 = CARTESIAN_POINT('',(1.2346984347,0.430278178518));
#3070 = CARTESIAN_POINT('',(1.194056439363,0.265658470946));
#3071 = CARTESIAN_POINT('',(1.147629349447,0.123218895807));
#3072 = CARTESIAN_POINT('',(1.094677265883,1.443289932013E-15));
#3073 = ( GEOMETRIC_REPRESENTATION_CONTEXT(2) 
PARAMETRIC_REPRESENTATION_CONTEXT() REPRESENTATION_CONTEXT('2D SPACE',''
  ) );
#3074 = ORIENTED_EDGE('',*,*,#3075,.T.);
#3075 = EDGE_CURVE('',#3048,#978,#3076,.T.);
#3076 = SURFACE_CURVE('',#3077,(#3081,#3088),.PCURVE_S1.);
#3077 = LINE('',#3078,#3079);
#3078 = CARTESIAN_POINT('',(-9.7,-19.6,32.6));
#3079 = VECTOR('',#3080,1.);
#3080 = DIRECTION('',(0.,1.,0.));
#3081 = PCURVE('',#589,#3082);
#3082 = DEFINITIONAL_REPRESENTATION('',(#3083),#3087);
#3083 = LINE('',#3084,#3085);
#3084 = CARTESIAN_POINT('',(0.,0.));
#3085 = VECTOR('',#3086,1.);
#3086 = DIRECTION('',(0.,-1.));
#3087 = ( GEOMETRIC_REPRESENTATION_CONTEXT(2) 
PARAMETRIC_REPRESENTATION_CONTEXT() REPRESENTATION_CONTEXT('2D SPACE',''
  ) );
#3088 = PCURVE('',#384,#3089);
#3089 = DEFINITIONAL_REPRESENTATION('',(#3090),#3094);
#3090 = LINE('',#3091,#3092);
#3091 = CARTESIAN_POINT('',(0.,0.));
#3092 = VECTOR('',#3093,1.);
#3093 = DIRECTION('',(0.,1.));
#3094 = ( GEOMETRIC_REPRESENTATION_CONTEXT(2) 
PARAMETRIC_REPRESENTATION_CONTEXT() REPRESENTATION_CONTEXT('2D SPACE',''
  ) );
#3095 = ORIENTED_EDGE('',*,*,#977,.F.);
#3096 = ADVANCED_FACE('',(#3097),#356,.F.);
#3097 = FACE_BOUND('',#3098,.F.);
#3098 = EDGE_LOOP('',(#3099,#3100,#3123,#3145,#3146,#3147,#3148));
#3099 = ORIENTED_EDGE('',*,*,#333,.F.);
#3100 = ORIENTED_EDGE('',*,*,#3101,.F.);
#3101 = EDGE_CURVE('',#3102,#334,#3104,.T.);
#3102 = VERTEX_POINT('',#3103);
#3103 = CARTESIAN_POINT('',(-9.05,-17.55,31.2));
#3104 = SEAM_CURVE('',#3105,(#3109,#3116),.PCURVE_S1.);
#3105 = LINE('',#3106,#3107);
#3106 = CARTESIAN_POINT('',(-9.05,-17.55,31.2));
#3107 = VECTOR('',#3108,1.);
#3108 = DIRECTION('',(0.707106781187,-0.707106781187,-1.618196537872E-17
    ));
#3109 = PCURVE('',#356,#3110);
#3110 = DEFINITIONAL_REPRESENTATION('',(#3111),#3115);
#3111 = LINE('',#3112,#3113);
#3112 = CARTESIAN_POINT('',(6.28318530718,-0.));
#3113 = VECTOR('',#3114,1.);
#3114 = DIRECTION('',(0.,1.));
#3115 = ( GEOMETRIC_REPRESENTATION_CONTEXT(2) 
PARAMETRIC_REPRESENTATION_CONTEXT() REPRESENTATION_CONTEXT('2D SPACE',''
  ) );
#3116 = PCURVE('',#356,#3117);
#3117 = DEFINITIONAL_REPRESENTATION('',(#3118),#3122);
#3118 = LINE('',#3119,#3120);
#3119 = CARTESIAN_POINT('',(0.,-0.));
#3120 = VECTOR('',#3121,1.);
#3121 = DIRECTION('',(0.,1.));
#3122 = ( GEOMETRIC_REPRESENTATION_CONTEXT(2) 
PARAMETRIC_REPRESENTATION_CONTEXT() REPRESENTATION_CONTEXT('2D SPACE',''
  ) );
#3123 = ORIENTED_EDGE('',*,*,#3124,.T.);
#3124 = EDGE_CURVE('',#3102,#3102,#3125,.T.);
#3125 = SURFACE_CURVE('',#3126,(#3131,#3138),.PCURVE_S1.);
#3126 = CIRCLE('',#3127,1.2);
#3127 = AXIS2_PLACEMENT_3D('',#3128,#3129,#3130);
#3128 = CARTESIAN_POINT('',(-10.25,-17.55,31.2));
#3129 = DIRECTION('',(0.,-1.,2.22044604925E-16));
#3130 = DIRECTION('',(1.,0.,0.));
#3131 = PCURVE('',#356,#3132);
#3132 = DEFINITIONAL_REPRESENTATION('',(#3133),#3137);
#3133 = LINE('',#3134,#3135);
#3134 = CARTESIAN_POINT('',(0.,0.));
#3135 = VECTOR('',#3136,1.);
#3136 = DIRECTION('',(1.,0.));
#3137 = ( GEOMETRIC_REPRESENTATION_CONTEXT(2) 
PARAMETRIC_REPRESENTATION_CONTEXT() REPRESENTATION_CONTEXT('2D SPACE',''
  ) );
#3138 = PCURVE('',#749,#3139);
#3139 = DEFINITIONAL_REPRESENTATION('',(#3140),#3144);
#3140 = LINE('',#3141,#3142);
#3141 = CARTESIAN_POINT('',(0.,10.95));
#3142 = VECTOR('',#3143,1.);
#3143 = DIRECTION('',(1.,0.));
#3144 = ( GEOMETRIC_REPRESENTATION_CONTEXT(2) 
PARAMETRIC_REPRESENTATION_CONTEXT() REPRESENTATION_CONTEXT('2D SPACE',''
  ) );
#3145 = ORIENTED_EDGE('',*,*,#3101,.T.);
#3146 = ORIENTED_EDGE('',*,*,#600,.F.);
#3147 = ORIENTED_EDGE('',*,*,#3047,.T.);
#3148 = ORIENTED_EDGE('',*,*,#3149,.T.);
#3149 = EDGE_CURVE('',#3048,#336,#3150,.T.);
#3150 = SURFACE_CURVE('',#3151,(#3156,#3176),.PCURVE_S1.);
#3151 = HYPERBOLA('',#3152,1.4,1.4);
#3152 = AXIS2_PLACEMENT_3D('',#3153,#3154,#3155);
#3153 = CARTESIAN_POINT('',(-10.25,-16.35,32.6));
#3154 = DIRECTION('',(0.,0.,1.));
#3155 = DIRECTION('',(0.,-1.,0.));
#3156 = PCURVE('',#356,#3157);
#3157 = DEFINITIONAL_REPRESENTATION('',(#3158),#3175);
#3158 = B_SPLINE_CURVE_WITH_KNOTS('',8,(#3159,#3160,#3161,#3162,#3163,
    #3164,#3165,#3166,#3167,#3168,#3169,#3170,#3171,#3172,#3173,#3174),
  .UNSPECIFIED.,.F.,.F.,(9,7,9),(-0.876313794369,0.102119237493,
    1.080552269356),.UNSPECIFIED.);
#3159 = CARTESIAN_POINT('',(2.35261027615,0.772840591634));
#3160 = CARTESIAN_POINT('',(2.26581878306,0.602837852348));
#3161 = CARTESIAN_POINT('',(2.170480363593,0.466561216918));
#3162 = CARTESIAN_POINT('',(2.066604925806,0.360135716019));
#3163 = CARTESIAN_POINT('',(1.954777367575,0.280762587409));
#3164 = CARTESIAN_POINT('',(1.836339000484,0.226533914748));
#3165 = CARTESIAN_POINT('',(1.713922883909,0.196332658716));
#3166 = CARTESIAN_POINT('',(1.59052329077,0.189790330342));
#3167 = CARTESIAN_POINT('',(1.347184943167,0.22482203573));
#3168 = CARTESIAN_POINT('',(1.227247040096,0.266396069781));
#3169 = CARTESIAN_POINT('',(1.111750847444,0.332427527852));
#3170 = CARTESIAN_POINT('',(1.003162491193,0.424083408761));
#3171 = CARTESIAN_POINT('',(0.902964090995,0.543317440323));
#3172 = CARTESIAN_POINT('',(0.811562983744,0.692950775218));
#3173 = CARTESIAN_POINT('',(0.728861553804,0.876815908077));
#3174 = CARTESIAN_POINT('',(0.654415562249,1.1));
#3175 = ( GEOMETRIC_REPRESENTATION_CONTEXT(2) 
PARAMETRIC_REPRESENTATION_CONTEXT() REPRESENTATION_CONTEXT('2D SPACE',''
  ) );
#3176 = PCURVE('',#384,#3177);
#3177 = DEFINITIONAL_REPRESENTATION('',(#3178),#3182);
#3178 = ( BOUNDED_CURVE() B_SPLINE_CURVE(2,(#3179,#3180,#3181),
.UNSPECIFIED.,.F.,.F.) B_SPLINE_CURVE_WITH_KNOTS((3,3),(-0.876313794369,
1.080552269356),.PIECEWISE_BEZIER_KNOTS.) CURVE() 
GEOMETRIC_REPRESENTATION_ITEM() RATIONAL_B_SPLINE_CURVE((1.,
1.518092026859,1.)) REPRESENTATION_ITEM('') );
#3179 = CARTESIAN_POINT('',(-1.94,1.277159408366));
#3180 = CARTESIAN_POINT('',(-0.455660826781,2.322977027652));
#3181 = CARTESIAN_POINT('',(1.274828759089,0.95));
#3182 = ( GEOMETRIC_REPRESENTATION_CONTEXT(2) 
PARAMETRIC_REPRESENTATION_CONTEXT() REPRESENTATION_CONTEXT('2D SPACE',''
  ) );
#3183 = ADVANCED_FACE('',(#3184),#384,.T.);
#3184 = FACE_BOUND('',#3185,.T.);
#3185 = EDGE_LOOP('',(#3186,#3187,#3188,#3189,#3190,#3191));
#3186 = ORIENTED_EDGE('',*,*,#3075,.F.);
#3187 = ORIENTED_EDGE('',*,*,#3149,.T.);
#3188 = ORIENTED_EDGE('',*,*,#368,.T.);
#3189 = ORIENTED_EDGE('',*,*,#2985,.T.);
#3190 = ORIENTED_EDGE('',*,*,#2666,.T.);
#3191 = ORIENTED_EDGE('',*,*,#998,.F.);
#3192 = ADVANCED_FACE('',(#3193),#749,.F.);
#3193 = FACE_BOUND('',#3194,.F.);
#3194 = EDGE_LOOP('',(#3195,#3216,#3217,#3218));
#3195 = ORIENTED_EDGE('',*,*,#3196,.T.);
#3196 = EDGE_CURVE('',#729,#3102,#3197,.T.);
#3197 = SEAM_CURVE('',#3198,(#3202,#3209),.PCURVE_S1.);
#3198 = LINE('',#3199,#3200);
#3199 = CARTESIAN_POINT('',(-9.05,-6.6,31.2));
#3200 = VECTOR('',#3201,1.);
#3201 = DIRECTION('',(0.,-1.,2.22044604925E-16));
#3202 = PCURVE('',#749,#3203);
#3203 = DEFINITIONAL_REPRESENTATION('',(#3204),#3208);
#3204 = LINE('',#3205,#3206);
#3205 = CARTESIAN_POINT('',(6.28318530718,-0.));
#3206 = VECTOR('',#3207,1.);
#3207 = DIRECTION('',(0.,1.));
#3208 = ( GEOMETRIC_REPRESENTATION_CONTEXT(2) 
PARAMETRIC_REPRESENTATION_CONTEXT() REPRESENTATION_CONTEXT('2D SPACE',''
  ) );
#3209 = PCURVE('',#749,#3210);
#3210 = DEFINITIONAL_REPRESENTATION('',(#3211),#3215);
#3211 = LINE('',#3212,#3213);
#3212 = CARTESIAN_POINT('',(0.,-0.));
#3213 = VECTOR('',#3214,1.);
#3214 = DIRECTION('',(0.,1.));
#3215 = ( GEOMETRIC_REPRESENTATION_CONTEXT(2) 
PARAMETRIC_REPRESENTATION_CONTEXT() REPRESENTATION_CONTEXT('2D SPACE',''
  ) );
#3216 = ORIENTED_EDGE('',*,*,#3124,.F.);
#3217 = ORIENTED_EDGE('',*,*,#3196,.F.);
#3218 = ORIENTED_EDGE('',*,*,#728,.T.);
#3219 = ADVANCED_FACE('',(#3220),#780,.F.);
#3220 = FACE_BOUND('',#3221,.F.);
#3221 = EDGE_LOOP('',(#3222,#3243,#3262,#3263,#3264));
#3222 = ORIENTED_EDGE('',*,*,#3223,.T.);
#3223 = EDGE_CURVE('',#764,#3224,#3226,.T.);
#3224 = VERTEX_POINT('',#3225);
#3225 = CARTESIAN_POINT('',(6.557247898318,-18.6,53.95));
#3226 = SURFACE_CURVE('',#3227,(#3231,#3237),.PCURVE_S1.);
#3227 = LINE('',#3228,#3229);
#3228 = CARTESIAN_POINT('',(6.557247898318,-15.1,53.95));
#3229 = VECTOR('',#3230,1.);
#3230 = DIRECTION('',(0.,-1.,2.22044604925E-16));
#3231 = PCURVE('',#780,#3232);
#3232 = DEFINITIONAL_REPRESENTATION('',(#3233),#3236);
#3233 = B_SPLINE_CURVE_WITH_KNOTS('',1,(#3234,#3235),.UNSPECIFIED.,.F.,
  .F.,(2,2),(0.9999994,3.5000006),.PIECEWISE_BEZIER_KNOTS.);
#3234 = CARTESIAN_POINT('',(16.257247898318,3.5000006));
#3235 = CARTESIAN_POINT('',(16.257247898318,0.9999994));
#3236 = ( GEOMETRIC_REPRESENTATION_CONTEXT(2) 
PARAMETRIC_REPRESENTATION_CONTEXT() REPRESENTATION_CONTEXT('2D SPACE',''
  ) );
#3237 = PCURVE('',#812,#3238);
#3238 = DEFINITIONAL_REPRESENTATION('',(#3239),#3242);
#3239 = B_SPLINE_CURVE_WITH_KNOTS('',1,(#3240,#3241),.UNSPECIFIED.,.F.,
  .F.,(2,2),(1.,3.5),.PIECEWISE_BEZIER_KNOTS.);
#3240 = CARTESIAN_POINT('',(5.290493344951,1.));
#3241 = CARTESIAN_POINT('',(5.290493344951,3.5));
#3242 = ( GEOMETRIC_REPRESENTATION_CONTEXT(2) 
PARAMETRIC_REPRESENTATION_CONTEXT() REPRESENTATION_CONTEXT('2D SPACE',''
  ) );
#3243 = ORIENTED_EDGE('',*,*,#3244,.T.);
#3244 = EDGE_CURVE('',#3224,#2265,#3245,.T.);
#3245 = SURFACE_CURVE('',#3246,(#3250,#3256),.PCURVE_S1.);
#3246 = LINE('',#3247,#3248);
#3247 = CARTESIAN_POINT('',(-12.85,-18.6,53.95));
#3248 = VECTOR('',#3249,1.);
#3249 = DIRECTION('',(1.,0.,0.));
#3250 = PCURVE('',#780,#3251);
#3251 = DEFINITIONAL_REPRESENTATION('',(#3252),#3255);
#3252 = B_SPLINE_CURVE_WITH_KNOTS('',1,(#3253,#3254),.UNSPECIFIED.,.F.,
  .F.,(2,2),(3.15,22.55),.PIECEWISE_BEZIER_KNOTS.);
#3253 = CARTESIAN_POINT('',(0.,1.));
#3254 = CARTESIAN_POINT('',(19.4,1.));
#3255 = ( GEOMETRIC_REPRESENTATION_CONTEXT(2) 
PARAMETRIC_REPRESENTATION_CONTEXT() REPRESENTATION_CONTEXT('2D SPACE',''
  ) );
#3256 = PCURVE('',#2308,#3257);
#3257 = DEFINITIONAL_REPRESENTATION('',(#3258),#3261);
#3258 = B_SPLINE_CURVE_WITH_KNOTS('',1,(#3259,#3260),.UNSPECIFIED.,.F.,
  .F.,(2,2),(3.15,22.55),.PIECEWISE_BEZIER_KNOTS.);
#3259 = CARTESIAN_POINT('',(31.15,6.3));
#3260 = CARTESIAN_POINT('',(31.15,25.7));
#3261 = ( GEOMETRIC_REPRESENTATION_CONTEXT(2) 
PARAMETRIC_REPRESENTATION_CONTEXT() REPRESENTATION_CONTEXT('2D SPACE',''
  ) );
#3262 = ORIENTED_EDGE('',*,*,#2264,.T.);
#3263 = ORIENTED_EDGE('',*,*,#2615,.T.);
#3264 = ORIENTED_EDGE('',*,*,#763,.F.);
#3265 = ADVANCED_FACE('',(#3266),#812,.F.);
#3266 = FACE_BOUND('',#3267,.F.);
#3267 = EDGE_LOOP('',(#3268,#3269,#3270,#3289,#3290));
#3268 = ORIENTED_EDGE('',*,*,#3223,.F.);
#3269 = ORIENTED_EDGE('',*,*,#791,.T.);
#3270 = ORIENTED_EDGE('',*,*,#3271,.T.);
#3271 = EDGE_CURVE('',#792,#2325,#3272,.T.);
#3272 = SURFACE_CURVE('',#3273,(#3277,#3283),.PCURVE_S1.);
#3273 = LINE('',#3274,#3275);
#3274 = CARTESIAN_POINT('',(9.228270707642,-15.1,56.329340331727));
#3275 = VECTOR('',#3276,1.);
#3276 = DIRECTION('',(0.,-1.,2.22044604925E-16));
#3277 = PCURVE('',#812,#3278);
#3278 = DEFINITIONAL_REPRESENTATION('',(#3279),#3282);
#3279 = B_SPLINE_CURVE_WITH_KNOTS('',1,(#3280,#3281),.UNSPECIFIED.,.F.,
  .F.,(2,2),(0.9999994,2.4500006),.PIECEWISE_BEZIER_KNOTS.);
#3280 = CARTESIAN_POINT('',(5.589699611077,0.9999994));
#3281 = CARTESIAN_POINT('',(5.589699611077,2.4500006));
#3282 = ( GEOMETRIC_REPRESENTATION_CONTEXT(2) 
PARAMETRIC_REPRESENTATION_CONTEXT() REPRESENTATION_CONTEXT('2D SPACE',''
  ) );
#3283 = PCURVE('',#845,#3284);
#3284 = DEFINITIONAL_REPRESENTATION('',(#3285),#3288);
#3285 = B_SPLINE_CURVE_WITH_KNOTS('',1,(#3286,#3287),.UNSPECIFIED.,.F.,
  .F.,(2,2),(1.,2.45),.PIECEWISE_BEZIER_KNOTS.);
#3286 = CARTESIAN_POINT('',(2.589523307964,9.5));
#3287 = CARTESIAN_POINT('',(2.589523307964,10.95));
#3288 = ( GEOMETRIC_REPRESENTATION_CONTEXT(2) 
PARAMETRIC_REPRESENTATION_CONTEXT() REPRESENTATION_CONTEXT('2D SPACE',''
  ) );
#3289 = ORIENTED_EDGE('',*,*,#2324,.F.);
#3290 = ORIENTED_EDGE('',*,*,#3291,.T.);
#3291 = EDGE_CURVE('',#2293,#3224,#3292,.T.);
#3292 = SURFACE_CURVE('',#3293,(#3298,#3305),.PCURVE_S1.);
#3293 = CIRCLE('',#3294,12.);
#3294 = AXIS2_PLACEMENT_3D('',#3295,#3296,#3297);
#3295 = CARTESIAN_POINT('',(0.,-18.6,64.));
#3296 = DIRECTION('',(-1.408316907309E-17,1.,-3.443151092532E-16));
#3297 = DIRECTION('',(-0.54643732486,-2.960594732334E-16,-0.8375));
#3298 = PCURVE('',#812,#3299);
#3299 = DEFINITIONAL_REPRESENTATION('',(#3300),#3304);
#3300 = LINE('',#3301,#3302);
#3301 = CARTESIAN_POINT('',(10.417469922998,3.5));
#3302 = VECTOR('',#3303,1.);
#3303 = DIRECTION('',(-1.,-0.));
#3304 = ( GEOMETRIC_REPRESENTATION_CONTEXT(2) 
PARAMETRIC_REPRESENTATION_CONTEXT() REPRESENTATION_CONTEXT('2D SPACE',''
  ) );
#3305 = PCURVE('',#2308,#3306);
#3306 = DEFINITIONAL_REPRESENTATION('',(#3307),#3311);
#3307 = CIRCLE('',#3308,12.);
#3308 = AXIS2_PLACEMENT_2D('',#3309,#3310);
#3309 = CARTESIAN_POINT('',(41.2,16.));
#3310 = DIRECTION('',(-0.8375,-0.54643732486));
#3311 = ( GEOMETRIC_REPRESENTATION_CONTEXT(2) 
PARAMETRIC_REPRESENTATION_CONTEXT() REPRESENTATION_CONTEXT('2D SPACE',''
  ) );
#3312 = ADVANCED_FACE('',(#3313),#845,.F.);
#3313 = FACE_BOUND('',#3314,.F.);
#3314 = EDGE_LOOP('',(#3315,#3316,#3317,#3318));
#3315 = ORIENTED_EDGE('',*,*,#2398,.T.);
#3316 = ORIENTED_EDGE('',*,*,#3271,.F.);
#3317 = ORIENTED_EDGE('',*,*,#824,.T.);
#3318 = ORIENTED_EDGE('',*,*,#2497,.T.);
#3319 = ADVANCED_FACE('',(#3320),#906,.F.);
#3320 = FACE_BOUND('',#3321,.F.);
#3321 = EDGE_LOOP('',(#3322,#3323,#3324,#3325));
#3322 = ORIENTED_EDGE('',*,*,#2691,.T.);
#3323 = ORIENTED_EDGE('',*,*,#2517,.F.);
#3324 = ORIENTED_EDGE('',*,*,#885,.T.);
#3325 = ORIENTED_EDGE('',*,*,#3326,.T.);
#3326 = EDGE_CURVE('',#886,#2692,#3327,.T.);
#3327 = SURFACE_CURVE('',#3328,(#3332,#3338),.PCURVE_S1.);
#3328 = LINE('',#3329,#3330);
#3329 = CARTESIAN_POINT('',(-9.228270707642,-15.1,56.329340331727));
#3330 = VECTOR('',#3331,1.);
#3331 = DIRECTION('',(0.,-1.,2.22044604925E-16));
#3332 = PCURVE('',#906,#3333);
#3333 = DEFINITIONAL_REPRESENTATION('',(#3334),#3337);
#3334 = B_SPLINE_CURVE_WITH_KNOTS('',1,(#3335,#3336),.UNSPECIFIED.,.F.,
  .F.,(2,2),(1.,2.45),.PIECEWISE_BEZIER_KNOTS.);
#3335 = CARTESIAN_POINT('',(6.835254652805,9.5));
#3336 = CARTESIAN_POINT('',(6.835254652805,10.95));
#3337 = ( GEOMETRIC_REPRESENTATION_CONTEXT(2) 
PARAMETRIC_REPRESENTATION_CONTEXT() REPRESENTATION_CONTEXT('2D SPACE',''
  ) );
#3338 = PCURVE('',#939,#3339);
#3339 = DEFINITIONAL_REPRESENTATION('',(#3340),#3343);
#3340 = B_SPLINE_CURVE_WITH_KNOTS('',1,(#3341,#3342),.UNSPECIFIED.,.F.,
  .F.,(2,2),(0.9999994,2.4500006),.PIECEWISE_BEZIER_KNOTS.);
#3341 = CARTESIAN_POINT('',(10.118263656872,0.9999994));
#3342 = CARTESIAN_POINT('',(10.118263656872,2.4500006));
#3343 = ( GEOMETRIC_REPRESENTATION_CONTEXT(2) 
PARAMETRIC_REPRESENTATION_CONTEXT() REPRESENTATION_CONTEXT('2D SPACE',''
  ) );
#3344 = ADVANCED_FACE('',(#3345),#966,.F.);
#3345 = FACE_BOUND('',#3346,.F.);
#3346 = EDGE_LOOP('',(#3347,#3348,#3349,#3370,#3389));
#3347 = ORIENTED_EDGE('',*,*,#3024,.F.);
#3348 = ORIENTED_EDGE('',*,*,#2878,.T.);
#3349 = ORIENTED_EDGE('',*,*,#3350,.T.);
#3350 = EDGE_CURVE('',#2847,#3351,#3353,.T.);
#3351 = VERTEX_POINT('',#3352);
#3352 = CARTESIAN_POINT('',(-6.557247898318,-18.6,53.95));
#3353 = SURFACE_CURVE('',#3354,(#3358,#3364),.PCURVE_S1.);
#3354 = LINE('',#3355,#3356);
#3355 = CARTESIAN_POINT('',(-12.85,-18.6,53.95));
#3356 = VECTOR('',#3357,1.);
#3357 = DIRECTION('',(1.,0.,0.));
#3358 = PCURVE('',#966,#3359);
#3359 = DEFINITIONAL_REPRESENTATION('',(#3360),#3363);
#3360 = B_SPLINE_CURVE_WITH_KNOTS('',1,(#3361,#3362),.UNSPECIFIED.,.F.,
  .F.,(2,2),(3.15,22.55),.PIECEWISE_BEZIER_KNOTS.);
#3361 = CARTESIAN_POINT('',(0.,1.));
#3362 = CARTESIAN_POINT('',(19.4,1.));
#3363 = ( GEOMETRIC_REPRESENTATION_CONTEXT(2) 
PARAMETRIC_REPRESENTATION_CONTEXT() REPRESENTATION_CONTEXT('2D SPACE',''
  ) );
#3364 = PCURVE('',#2862,#3365);
#3365 = DEFINITIONAL_REPRESENTATION('',(#3366),#3369);
#3366 = B_SPLINE_CURVE_WITH_KNOTS('',1,(#3367,#3368),.UNSPECIFIED.,.F.,
  .F.,(2,2),(3.15,22.55),.PIECEWISE_BEZIER_KNOTS.);
#3367 = CARTESIAN_POINT('',(31.15,6.3));
#3368 = CARTESIAN_POINT('',(31.15,25.7));
#3369 = ( GEOMETRIC_REPRESENTATION_CONTEXT(2) 
PARAMETRIC_REPRESENTATION_CONTEXT() REPRESENTATION_CONTEXT('2D SPACE',''
  ) );
#3370 = ORIENTED_EDGE('',*,*,#3371,.F.);
#3371 = EDGE_CURVE('',#919,#3351,#3372,.T.);
#3372 = SURFACE_CURVE('',#3373,(#3377,#3383),.PCURVE_S1.);
#3373 = LINE('',#3374,#3375);
#3374 = CARTESIAN_POINT('',(-6.557247898318,-15.1,53.95));
#3375 = VECTOR('',#3376,1.);
#3376 = DIRECTION('',(0.,-1.,2.22044604925E-16));
#3377 = PCURVE('',#966,#3378);
#3378 = DEFINITIONAL_REPRESENTATION('',(#3379),#3382);
#3379 = B_SPLINE_CURVE_WITH_KNOTS('',1,(#3380,#3381),.UNSPECIFIED.,.F.,
  .F.,(2,2),(0.9999994,3.5000006),.PIECEWISE_BEZIER_KNOTS.);
#3380 = CARTESIAN_POINT('',(3.142752101682,3.5000006));
#3381 = CARTESIAN_POINT('',(3.142752101682,0.9999994));
#3382 = ( GEOMETRIC_REPRESENTATION_CONTEXT(2) 
PARAMETRIC_REPRESENTATION_CONTEXT() REPRESENTATION_CONTEXT('2D SPACE',''
  ) );
#3383 = PCURVE('',#939,#3384);
#3384 = DEFINITIONAL_REPRESENTATION('',(#3385),#3388);
#3385 = B_SPLINE_CURVE_WITH_KNOTS('',1,(#3386,#3387),.UNSPECIFIED.,.F.,
  .F.,(2,2),(1.,3.5),.PIECEWISE_BEZIER_KNOTS.);
#3386 = CARTESIAN_POINT('',(10.417469922998,1.));
#3387 = CARTESIAN_POINT('',(10.417469922998,3.5));
#3388 = ( GEOMETRIC_REPRESENTATION_CONTEXT(2) 
PARAMETRIC_REPRESENTATION_CONTEXT() REPRESENTATION_CONTEXT('2D SPACE',''
  ) );
#3389 = ORIENTED_EDGE('',*,*,#951,.F.);
#3390 = ADVANCED_FACE('',(#3391),#939,.F.);
#3391 = FACE_BOUND('',#3392,.F.);
#3392 = EDGE_LOOP('',(#3393,#3394,#3395,#3396,#3418));
#3393 = ORIENTED_EDGE('',*,*,#3326,.F.);
#3394 = ORIENTED_EDGE('',*,*,#918,.T.);
#3395 = ORIENTED_EDGE('',*,*,#3371,.T.);
#3396 = ORIENTED_EDGE('',*,*,#3397,.T.);
#3397 = EDGE_CURVE('',#3351,#2716,#3398,.T.);
#3398 = SURFACE_CURVE('',#3399,(#3404,#3411),.PCURVE_S1.);
#3399 = CIRCLE('',#3400,12.);
#3400 = AXIS2_PLACEMENT_3D('',#3401,#3402,#3403);
#3401 = CARTESIAN_POINT('',(0.,-18.6,64.));
#3402 = DIRECTION('',(-1.408316907309E-17,1.,-3.443151092532E-16));
#3403 = DIRECTION('',(-0.54643732486,-2.960594732334E-16,-0.8375));
#3404 = PCURVE('',#939,#3405);
#3405 = DEFINITIONAL_REPRESENTATION('',(#3406),#3410);
#3406 = LINE('',#3407,#3408);
#3407 = CARTESIAN_POINT('',(10.417469922998,3.5));
#3408 = VECTOR('',#3409,1.);
#3409 = DIRECTION('',(-1.,-0.));
#3410 = ( GEOMETRIC_REPRESENTATION_CONTEXT(2) 
PARAMETRIC_REPRESENTATION_CONTEXT() REPRESENTATION_CONTEXT('2D SPACE',''
  ) );
#3411 = PCURVE('',#2862,#3412);
#3412 = DEFINITIONAL_REPRESENTATION('',(#3413),#3417);
#3413 = CIRCLE('',#3414,12.);
#3414 = AXIS2_PLACEMENT_2D('',#3415,#3416);
#3415 = CARTESIAN_POINT('',(41.2,16.));
#3416 = DIRECTION('',(-0.8375,-0.54643732486));
#3417 = ( GEOMETRIC_REPRESENTATION_CONTEXT(2) 
PARAMETRIC_REPRESENTATION_CONTEXT() REPRESENTATION_CONTEXT('2D SPACE',''
  ) );
#3418 = ORIENTED_EDGE('',*,*,#2715,.T.);
#3419 = ADVANCED_FACE('',(#3420),#1061,.F.);
#3420 = FACE_BOUND('',#3421,.F.);
#3421 = EDGE_LOOP('',(#3422,#3443,#3444,#3445));
#3422 = ORIENTED_EDGE('',*,*,#3423,.T.);
#3423 = EDGE_CURVE('',#1041,#2939,#3424,.T.);
#3424 = SEAM_CURVE('',#3425,(#3429,#3436),.PCURVE_S1.);
#3425 = LINE('',#3426,#3427);
#3426 = CARTESIAN_POINT('',(11.45,-6.6,31.2));
#3427 = VECTOR('',#3428,1.);
#3428 = DIRECTION('',(0.,-1.,2.22044604925E-16));
#3429 = PCURVE('',#1061,#3430);
#3430 = DEFINITIONAL_REPRESENTATION('',(#3431),#3435);
#3431 = LINE('',#3432,#3433);
#3432 = CARTESIAN_POINT('',(6.28318530718,-0.));
#3433 = VECTOR('',#3434,1.);
#3434 = DIRECTION('',(0.,1.));
#3435 = ( GEOMETRIC_REPRESENTATION_CONTEXT(2) 
PARAMETRIC_REPRESENTATION_CONTEXT() REPRESENTATION_CONTEXT('2D SPACE',''
  ) );
#3436 = PCURVE('',#1061,#3437);
#3437 = DEFINITIONAL_REPRESENTATION('',(#3438),#3442);
#3438 = LINE('',#3439,#3440);
#3439 = CARTESIAN_POINT('',(0.,-0.));
#3440 = VECTOR('',#3441,1.);
#3441 = DIRECTION('',(0.,1.));
#3442 = ( GEOMETRIC_REPRESENTATION_CONTEXT(2) 
PARAMETRIC_REPRESENTATION_CONTEXT() REPRESENTATION_CONTEXT('2D SPACE',''
  ) );
#3443 = ORIENTED_EDGE('',*,*,#2961,.F.);
#3444 = ORIENTED_EDGE('',*,*,#3423,.F.);
#3445 = ORIENTED_EDGE('',*,*,#1040,.T.);
#3446 = ADVANCED_FACE('',(#3447),#1189,.T.);
#3447 = FACE_BOUND('',#3448,.T.);
#3448 = EDGE_LOOP('',(#3449,#3470,#3471,#3472));
#3449 = ORIENTED_EDGE('',*,*,#3450,.T.);
#3450 = EDGE_CURVE('',#3451,#1425,#3453,.T.);
#3451 = VERTEX_POINT('',#3452);
#3452 = CARTESIAN_POINT('',(-7.5,17.35,54.890115258687));
#3453 = SURFACE_CURVE('',#3454,(#3458,#3464),.PCURVE_S1.);
#3454 = LINE('',#3455,#3456);
#3455 = CARTESIAN_POINT('',(-7.5,19.6,54.890115258687));
#3456 = VECTOR('',#3457,1.);
#3457 = DIRECTION('',(0.,-1.,2.22044604925E-16));
#3458 = PCURVE('',#1189,#3459);
#3459 = DEFINITIONAL_REPRESENTATION('',(#3460),#3463);
#3460 = B_SPLINE_CURVE_WITH_KNOTS('',1,(#3461,#3462),.UNSPECIFIED.,.F.,
  .F.,(2,2),(2.025,3.5000006),.PIECEWISE_BEZIER_KNOTS.);
#3461 = CARTESIAN_POINT('',(27.170115258687,-2.475));
#3462 = CARTESIAN_POINT('',(27.170115258687,-0.9999994));
#3463 = ( GEOMETRIC_REPRESENTATION_CONTEXT(2) 
PARAMETRIC_REPRESENTATION_CONTEXT() REPRESENTATION_CONTEXT('2D SPACE',''
  ) );
#3464 = PCURVE('',#1412,#3465);
#3465 = DEFINITIONAL_REPRESENTATION('',(#3466),#3469);
#3466 = B_SPLINE_CURVE_WITH_KNOTS('',1,(#3467,#3468),.UNSPECIFIED.,.F.,
  .F.,(2,2),(2.025,3.5000006),.PIECEWISE_BEZIER_KNOTS.);
#3467 = CARTESIAN_POINT('',(4.023612307056,2.025));
#3468 = CARTESIAN_POINT('',(4.023612307056,3.5000006));
#3469 = ( GEOMETRIC_REPRESENTATION_CONTEXT(2) 
PARAMETRIC_REPRESENTATION_CONTEXT() REPRESENTATION_CONTEXT('2D SPACE',''
  ) );
#3470 = ORIENTED_EDGE('',*,*,#1452,.T.);
#3471 = ORIENTED_EDGE('',*,*,#1174,.T.);
#3472 = ORIENTED_EDGE('',*,*,#3473,.T.);
#3473 = EDGE_CURVE('',#1149,#3451,#3474,.T.);
#3474 = SURFACE_CURVE('',#3475,(#3479,#3486),.PCURVE_S1.);
#3475 = LINE('',#3476,#3477);
#3476 = CARTESIAN_POINT('',(-7.5,17.35,27.72));
#3477 = VECTOR('',#3478,1.);
#3478 = DIRECTION('',(0.,0.,1.));
#3479 = PCURVE('',#1189,#3480);
#3480 = DEFINITIONAL_REPRESENTATION('',(#3481),#3485);
#3481 = LINE('',#3482,#3483);
#3482 = CARTESIAN_POINT('',(0.,-2.25));
#3483 = VECTOR('',#3484,1.);
#3484 = DIRECTION('',(1.,0.));
#3485 = ( GEOMETRIC_REPRESENTATION_CONTEXT(2) 
PARAMETRIC_REPRESENTATION_CONTEXT() REPRESENTATION_CONTEXT('2D SPACE',''
  ) );
#3486 = PCURVE('',#1163,#3487);
#3487 = DEFINITIONAL_REPRESENTATION('',(#3488),#3492);
#3488 = LINE('',#3489,#3490);
#3489 = CARTESIAN_POINT('',(0.,0.));
#3490 = VECTOR('',#3491,1.);
#3491 = DIRECTION('',(1.,0.));
#3492 = ( GEOMETRIC_REPRESENTATION_CONTEXT(2) 
PARAMETRIC_REPRESENTATION_CONTEXT() REPRESENTATION_CONTEXT('2D SPACE',''
  ) );
#3493 = ADVANCED_FACE('',(#3494),#1163,.F.);
#3494 = FACE_BOUND('',#3495,.F.);
#3495 = EDGE_LOOP('',(#3496,#3519,#3520,#3521));
#3496 = ORIENTED_EDGE('',*,*,#3497,.F.);
#3497 = EDGE_CURVE('',#1123,#3498,#3500,.T.);
#3498 = VERTEX_POINT('',#3499);
#3499 = CARTESIAN_POINT('',(7.5,17.35,54.890115258687));
#3500 = SURFACE_CURVE('',#3501,(#3505,#3512),.PCURVE_S1.);
#3501 = LINE('',#3502,#3503);
#3502 = CARTESIAN_POINT('',(7.5,17.35,27.72));
#3503 = VECTOR('',#3504,1.);
#3504 = DIRECTION('',(0.,0.,1.));
#3505 = PCURVE('',#1163,#3506);
#3506 = DEFINITIONAL_REPRESENTATION('',(#3507),#3511);
#3507 = LINE('',#3508,#3509);
#3508 = CARTESIAN_POINT('',(0.,15.));
#3509 = VECTOR('',#3510,1.);
#3510 = DIRECTION('',(1.,0.));
#3511 = ( GEOMETRIC_REPRESENTATION_CONTEXT(2) 
PARAMETRIC_REPRESENTATION_CONTEXT() REPRESENTATION_CONTEXT('2D SPACE',''
  ) );
#3512 = PCURVE('',#1137,#3513);
#3513 = DEFINITIONAL_REPRESENTATION('',(#3514),#3518);
#3514 = LINE('',#3515,#3516);
#3515 = CARTESIAN_POINT('',(0.,-2.25));
#3516 = VECTOR('',#3517,1.);
#3517 = DIRECTION('',(1.,0.));
#3518 = ( GEOMETRIC_REPRESENTATION_CONTEXT(2) 
PARAMETRIC_REPRESENTATION_CONTEXT() REPRESENTATION_CONTEXT('2D SPACE',''
  ) );
#3519 = ORIENTED_EDGE('',*,*,#1148,.T.);
#3520 = ORIENTED_EDGE('',*,*,#3473,.T.);
#3521 = ORIENTED_EDGE('',*,*,#3522,.T.);
#3522 = EDGE_CURVE('',#3451,#3498,#3523,.T.);
#3523 = SURFACE_CURVE('',#3524,(#3529,#3540),.PCURVE_S1.);
#3524 = CIRCLE('',#3525,11.8);
#3525 = AXIS2_PLACEMENT_3D('',#3526,#3527,#3528);
#3526 = CARTESIAN_POINT('',(0.,17.35,64.));
#3527 = DIRECTION('',(0.,-1.,2.22044604925E-16));
#3528 = DIRECTION('',(1.,0.,0.));
#3529 = PCURVE('',#1163,#3530);
#3530 = DEFINITIONAL_REPRESENTATION('',(#3531),#3539);
#3531 = ( BOUNDED_CURVE() B_SPLINE_CURVE(2,(#3532,#3533,#3534,#3535,
#3536,#3537,#3538),.UNSPECIFIED.,.T.,.F.) B_SPLINE_CURVE_WITH_KNOTS((1,2
    ,2,2,2,1),(-2.094395102393,0.,2.094395102393,4.188790204786,
6.28318530718,8.377580409573),.UNSPECIFIED.) CURVE() 
GEOMETRIC_REPRESENTATION_ITEM() RATIONAL_B_SPLINE_CURVE((1.,0.5,1.,0.5,
1.,0.5,1.)) REPRESENTATION_ITEM('') );
#3532 = CARTESIAN_POINT('',(36.28,19.3));
#3533 = CARTESIAN_POINT('',(56.718199529313,19.3));
#3534 = CARTESIAN_POINT('',(46.499099764656,1.6));
#3535 = CARTESIAN_POINT('',(36.28,-16.1));
#3536 = CARTESIAN_POINT('',(26.060900235344,1.6));
#3537 = CARTESIAN_POINT('',(15.841800470687,19.3));
#3538 = CARTESIAN_POINT('',(36.28,19.3));
#3539 = ( GEOMETRIC_REPRESENTATION_CONTEXT(2) 
PARAMETRIC_REPRESENTATION_CONTEXT() REPRESENTATION_CONTEXT('2D SPACE',''
  ) );
#3540 = PCURVE('',#1412,#3541);
#3541 = DEFINITIONAL_REPRESENTATION('',(#3542),#3546);
#3542 = LINE('',#3543,#3544);
#3543 = CARTESIAN_POINT('',(0.,2.25));
#3544 = VECTOR('',#3545,1.);
#3545 = DIRECTION('',(1.,0.));
#3546 = ( GEOMETRIC_REPRESENTATION_CONTEXT(2) 
PARAMETRIC_REPRESENTATION_CONTEXT() REPRESENTATION_CONTEXT('2D SPACE',''
  ) );
#3547 = ADVANCED_FACE('',(#3548),#1137,.F.);
#3548 = FACE_BOUND('',#3549,.F.);
#3549 = EDGE_LOOP('',(#3550,#3569,#3570,#3571));
#3550 = ORIENTED_EDGE('',*,*,#3551,.T.);
#3551 = EDGE_CURVE('',#3498,#1371,#3552,.T.);
#3552 = SURFACE_CURVE('',#3553,(#3557,#3563),.PCURVE_S1.);
#3553 = LINE('',#3554,#3555);
#3554 = CARTESIAN_POINT('',(7.5,19.6,54.890115258687));
#3555 = VECTOR('',#3556,1.);
#3556 = DIRECTION('',(0.,-1.,2.22044604925E-16));
#3557 = PCURVE('',#1137,#3558);
#3558 = DEFINITIONAL_REPRESENTATION('',(#3559),#3562);
#3559 = B_SPLINE_CURVE_WITH_KNOTS('',1,(#3560,#3561),.UNSPECIFIED.,.F.,
  .F.,(2,2),(2.025,3.5000006),.PIECEWISE_BEZIER_KNOTS.);
#3560 = CARTESIAN_POINT('',(27.170115258687,-2.475));
#3561 = CARTESIAN_POINT('',(27.170115258687,-0.9999994));
#3562 = ( GEOMETRIC_REPRESENTATION_CONTEXT(2) 
PARAMETRIC_REPRESENTATION_CONTEXT() REPRESENTATION_CONTEXT('2D SPACE',''
  ) );
#3563 = PCURVE('',#1412,#3564);
#3564 = DEFINITIONAL_REPRESENTATION('',(#3565),#3568);
#3565 = B_SPLINE_CURVE_WITH_KNOTS('',1,(#3566,#3567),.UNSPECIFIED.,.F.,
  .F.,(2,2),(2.025,3.5000006),.PIECEWISE_BEZIER_KNOTS.);
#3566 = CARTESIAN_POINT('',(5.401165653713,2.025));
#3567 = CARTESIAN_POINT('',(5.401165653713,3.5000006));
#3568 = ( GEOMETRIC_REPRESENTATION_CONTEXT(2) 
PARAMETRIC_REPRESENTATION_CONTEXT() REPRESENTATION_CONTEXT('2D SPACE',''
  ) );
#3569 = ORIENTED_EDGE('',*,*,#1370,.T.);
#3570 = ORIENTED_EDGE('',*,*,#1122,.T.);
#3571 = ORIENTED_EDGE('',*,*,#3497,.T.);
#3572 = ADVANCED_FACE('',(#3573),#1238,.F.);
#3573 = FACE_BOUND('',#3574,.F.);
#3574 = EDGE_LOOP('',(#3575,#3576,#3599,#3628,#3647,#3648,#3669,#3691));
#3575 = ORIENTED_EDGE('',*,*,#1221,.F.);
#3576 = ORIENTED_EDGE('',*,*,#3577,.F.);
#3577 = EDGE_CURVE('',#3578,#1222,#3580,.T.);
#3578 = VERTEX_POINT('',#3579);
#3579 = CARTESIAN_POINT('',(-1.95,-4.95,21.7));
#3580 = SEAM_CURVE('',#3581,(#3585,#3592),.PCURVE_S1.);
#3581 = LINE('',#3582,#3583);
#3582 = CARTESIAN_POINT('',(-1.95,-4.95,21.7));
#3583 = VECTOR('',#3584,1.);
#3584 = DIRECTION('',(0.,0.,1.));
#3585 = PCURVE('',#1238,#3586);
#3586 = DEFINITIONAL_REPRESENTATION('',(#3587),#3591);
#3587 = LINE('',#3588,#3589);
#3588 = CARTESIAN_POINT('',(6.28318530718,-0.));
#3589 = VECTOR('',#3590,1.);
#3590 = DIRECTION('',(0.,1.));
#3591 = ( GEOMETRIC_REPRESENTATION_CONTEXT(2) 
PARAMETRIC_REPRESENTATION_CONTEXT() REPRESENTATION_CONTEXT('2D SPACE',''
  ) );
#3592 = PCURVE('',#1238,#3593);
#3593 = DEFINITIONAL_REPRESENTATION('',(#3594),#3598);
#3594 = LINE('',#3595,#3596);
#3595 = CARTESIAN_POINT('',(0.,-0.));
#3596 = VECTOR('',#3597,1.);
#3597 = DIRECTION('',(0.,1.));
#3598 = ( GEOMETRIC_REPRESENTATION_CONTEXT(2) 
PARAMETRIC_REPRESENTATION_CONTEXT() REPRESENTATION_CONTEXT('2D SPACE',''
  ) );
#3599 = ORIENTED_EDGE('',*,*,#3600,.T.);
#3600 = EDGE_CURVE('',#3578,#3601,#3603,.T.);
#3601 = VERTEX_POINT('',#3602);
#3602 = CARTESIAN_POINT('',(-7.11007982483,-7.031839367089,21.7));
#3603 = SURFACE_CURVE('',#3604,(#3609,#3616),.PCURVE_S1.);
#3604 = CIRCLE('',#3605,3.);
#3605 = AXIS2_PLACEMENT_3D('',#3606,#3607,#3608);
#3606 = CARTESIAN_POINT('',(-4.95,-4.95,21.7));
#3607 = DIRECTION('',(0.,0.,1.));
#3608 = DIRECTION('',(1.,0.,0.));
#3609 = PCURVE('',#1238,#3610);
#3610 = DEFINITIONAL_REPRESENTATION('',(#3611),#3615);
#3611 = LINE('',#3612,#3613);
#3612 = CARTESIAN_POINT('',(0.,0.));
#3613 = VECTOR('',#3614,1.);
#3614 = DIRECTION('',(1.,0.));
#3615 = ( GEOMETRIC_REPRESENTATION_CONTEXT(2) 
PARAMETRIC_REPRESENTATION_CONTEXT() REPRESENTATION_CONTEXT('2D SPACE',''
  ) );
#3616 = PCURVE('',#3617,#3622);
#3617 = PLANE('',#3618);
#3618 = AXIS2_PLACEMENT_3D('',#3619,#3620,#3621);
#3619 = CARTESIAN_POINT('',(-4.95,-4.95,21.7));
#3620 = DIRECTION('',(0.,0.,1.));
#3621 = DIRECTION('',(1.,0.,0.));
#3622 = DEFINITIONAL_REPRESENTATION('',(#3623),#3627);
#3623 = CIRCLE('',#3624,3.);
#3624 = AXIS2_PLACEMENT_2D('',#3625,#3626);
#3625 = CARTESIAN_POINT('',(0.,0.));
#3626 = DIRECTION('',(1.,0.));
#3627 = ( GEOMETRIC_REPRESENTATION_CONTEXT(2) 
PARAMETRIC_REPRESENTATION_CONTEXT() REPRESENTATION_CONTEXT('2D SPACE',''
  ) );
#3628 = ORIENTED_EDGE('',*,*,#3629,.T.);
#3629 = EDGE_CURVE('',#3601,#2104,#3630,.T.);
#3630 = SURFACE_CURVE('',#3631,(#3635,#3641),.PCURVE_S1.);
#3631 = LINE('',#3632,#3633);
#3632 = CARTESIAN_POINT('',(-7.11007982483,-7.031839367089,18.7));
#3633 = VECTOR('',#3634,1.);
#3634 = DIRECTION('',(0.,0.,1.));
#3635 = PCURVE('',#1238,#3636);
#3636 = DEFINITIONAL_REPRESENTATION('',(#3637),#3640);
#3637 = B_SPLINE_CURVE_WITH_KNOTS('',1,(#3638,#3639),.UNSPECIFIED.,.F.,
  .F.,(2,2),(2.9999994,4.0000006),.PIECEWISE_BEZIER_KNOTS.);
#3638 = CARTESIAN_POINT('',(3.9085483188,-5.999999999062E-07));
#3639 = CARTESIAN_POINT('',(3.9085483188,1.0000006));
#3640 = ( GEOMETRIC_REPRESENTATION_CONTEXT(2) 
PARAMETRIC_REPRESENTATION_CONTEXT() REPRESENTATION_CONTEXT('2D SPACE',''
  ) );
#3641 = PCURVE('',#2019,#3642);
#3642 = DEFINITIONAL_REPRESENTATION('',(#3643),#3646);
#3643 = B_SPLINE_CURVE_WITH_KNOTS('',1,(#3644,#3645),.UNSPECIFIED.,.F.,
  .F.,(2,2),(2.9999994,4.0000006),.PIECEWISE_BEZIER_KNOTS.);
#3644 = CARTESIAN_POINT('',(3.921458352941,2.9999994));
#3645 = CARTESIAN_POINT('',(3.921458352941,4.0000006));
#3646 = ( GEOMETRIC_REPRESENTATION_CONTEXT(2) 
PARAMETRIC_REPRESENTATION_CONTEXT() REPRESENTATION_CONTEXT('2D SPACE',''
  ) );
#3647 = ORIENTED_EDGE('',*,*,#2103,.T.);
#3648 = ORIENTED_EDGE('',*,*,#3649,.F.);
#3649 = EDGE_CURVE('',#3650,#2080,#3652,.T.);
#3650 = VERTEX_POINT('',#3651);
#3651 = CARTESIAN_POINT('',(-7.031839367089,-7.11007982483,21.7));
#3652 = SURFACE_CURVE('',#3653,(#3657,#3663),.PCURVE_S1.);
#3653 = LINE('',#3654,#3655);
#3654 = CARTESIAN_POINT('',(-7.031839367089,-7.11007982483,18.7));
#3655 = VECTOR('',#3656,1.);
#3656 = DIRECTION('',(0.,0.,1.));
#3657 = PCURVE('',#1238,#3658);
#3658 = DEFINITIONAL_REPRESENTATION('',(#3659),#3662);
#3659 = B_SPLINE_CURVE_WITH_KNOTS('',1,(#3660,#3661),.UNSPECIFIED.,.F.,
  .F.,(2,2),(2.9999994,4.0000006),.PIECEWISE_BEZIER_KNOTS.);
#3660 = CARTESIAN_POINT('',(3.945433315175,-5.999999999062E-07));
#3661 = CARTESIAN_POINT('',(3.945433315175,1.0000006));
#3662 = ( GEOMETRIC_REPRESENTATION_CONTEXT(2) 
PARAMETRIC_REPRESENTATION_CONTEXT() REPRESENTATION_CONTEXT('2D SPACE',''
  ) );
#3663 = PCURVE('',#2019,#3664);
#3664 = DEFINITIONAL_REPRESENTATION('',(#3665),#3668);
#3665 = B_SPLINE_CURVE_WITH_KNOTS('',1,(#3666,#3667),.UNSPECIFIED.,.F.,
  .F.,(2,2),(2.9999994,4.0000006),.PIECEWISE_BEZIER_KNOTS.);
#3666 = CARTESIAN_POINT('',(3.932523281034,2.9999994));
#3667 = CARTESIAN_POINT('',(3.932523281034,4.0000006));
#3668 = ( GEOMETRIC_REPRESENTATION_CONTEXT(2) 
PARAMETRIC_REPRESENTATION_CONTEXT() REPRESENTATION_CONTEXT('2D SPACE',''
  ) );
#3669 = ORIENTED_EDGE('',*,*,#3670,.T.);
#3670 = EDGE_CURVE('',#3650,#3578,#3671,.T.);
#3671 = SURFACE_CURVE('',#3672,(#3677,#3684),.PCURVE_S1.);
#3672 = CIRCLE('',#3673,3.);
#3673 = AXIS2_PLACEMENT_3D('',#3674,#3675,#3676);
#3674 = CARTESIAN_POINT('',(-4.95,-4.95,21.7));
#3675 = DIRECTION('',(0.,0.,1.));
#3676 = DIRECTION('',(1.,0.,0.));
#3677 = PCURVE('',#1238,#3678);
#3678 = DEFINITIONAL_REPRESENTATION('',(#3679),#3683);
#3679 = LINE('',#3680,#3681);
#3680 = CARTESIAN_POINT('',(0.,0.));
#3681 = VECTOR('',#3682,1.);
#3682 = DIRECTION('',(1.,0.));
#3683 = ( GEOMETRIC_REPRESENTATION_CONTEXT(2) 
PARAMETRIC_REPRESENTATION_CONTEXT() REPRESENTATION_CONTEXT('2D SPACE',''
  ) );
#3684 = PCURVE('',#3617,#3685);
#3685 = DEFINITIONAL_REPRESENTATION('',(#3686),#3690);
#3686 = CIRCLE('',#3687,3.);
#3687 = AXIS2_PLACEMENT_2D('',#3688,#3689);
#3688 = CARTESIAN_POINT('',(0.,0.));
#3689 = DIRECTION('',(1.,0.));
#3690 = ( GEOMETRIC_REPRESENTATION_CONTEXT(2) 
PARAMETRIC_REPRESENTATION_CONTEXT() REPRESENTATION_CONTEXT('2D SPACE',''
  ) );
#3691 = ORIENTED_EDGE('',*,*,#3577,.T.);
#3692 = ADVANCED_FACE('',(#3693),#1269,.F.);
#3693 = FACE_BOUND('',#3694,.F.);
#3694 = EDGE_LOOP('',(#3695,#3696,#3719,#3748,#3767,#3768,#3789,#3811));
#3695 = ORIENTED_EDGE('',*,*,#1252,.F.);
#3696 = ORIENTED_EDGE('',*,*,#3697,.F.);
#3697 = EDGE_CURVE('',#3698,#1253,#3700,.T.);
#3698 = VERTEX_POINT('',#3699);
#3699 = CARTESIAN_POINT('',(7.95,-4.95,21.7));
#3700 = SEAM_CURVE('',#3701,(#3705,#3712),.PCURVE_S1.);
#3701 = LINE('',#3702,#3703);
#3702 = CARTESIAN_POINT('',(7.95,-4.95,21.7));
#3703 = VECTOR('',#3704,1.);
#3704 = DIRECTION('',(0.,0.,1.));
#3705 = PCURVE('',#1269,#3706);
#3706 = DEFINITIONAL_REPRESENTATION('',(#3707),#3711);
#3707 = LINE('',#3708,#3709);
#3708 = CARTESIAN_POINT('',(6.28318530718,-0.));
#3709 = VECTOR('',#3710,1.);
#3710 = DIRECTION('',(0.,1.));
#3711 = ( GEOMETRIC_REPRESENTATION_CONTEXT(2) 
PARAMETRIC_REPRESENTATION_CONTEXT() REPRESENTATION_CONTEXT('2D SPACE',''
  ) );
#3712 = PCURVE('',#1269,#3713);
#3713 = DEFINITIONAL_REPRESENTATION('',(#3714),#3718);
#3714 = LINE('',#3715,#3716);
#3715 = CARTESIAN_POINT('',(0.,-0.));
#3716 = VECTOR('',#3717,1.);
#3717 = DIRECTION('',(0.,1.));
#3718 = ( GEOMETRIC_REPRESENTATION_CONTEXT(2) 
PARAMETRIC_REPRESENTATION_CONTEXT() REPRESENTATION_CONTEXT('2D SPACE',''
  ) );
#3719 = ORIENTED_EDGE('',*,*,#3720,.T.);
#3720 = EDGE_CURVE('',#3698,#3721,#3723,.T.);
#3721 = VERTEX_POINT('',#3722);
#3722 = CARTESIAN_POINT('',(7.031839367089,-7.11007982483,21.7));
#3723 = SURFACE_CURVE('',#3724,(#3729,#3736),.PCURVE_S1.);
#3724 = CIRCLE('',#3725,3.);
#3725 = AXIS2_PLACEMENT_3D('',#3726,#3727,#3728);
#3726 = CARTESIAN_POINT('',(4.95,-4.95,21.7));
#3727 = DIRECTION('',(0.,0.,1.));
#3728 = DIRECTION('',(1.,0.,0.));
#3729 = PCURVE('',#1269,#3730);
#3730 = DEFINITIONAL_REPRESENTATION('',(#3731),#3735);
#3731 = LINE('',#3732,#3733);
#3732 = CARTESIAN_POINT('',(0.,0.));
#3733 = VECTOR('',#3734,1.);
#3734 = DIRECTION('',(1.,0.));
#3735 = ( GEOMETRIC_REPRESENTATION_CONTEXT(2) 
PARAMETRIC_REPRESENTATION_CONTEXT() REPRESENTATION_CONTEXT('2D SPACE',''
  ) );
#3736 = PCURVE('',#3737,#3742);
#3737 = PLANE('',#3738);
#3738 = AXIS2_PLACEMENT_3D('',#3739,#3740,#3741);
#3739 = CARTESIAN_POINT('',(4.95,-4.95,21.7));
#3740 = DIRECTION('',(0.,0.,1.));
#3741 = DIRECTION('',(1.,0.,0.));
#3742 = DEFINITIONAL_REPRESENTATION('',(#3743),#3747);
#3743 = CIRCLE('',#3744,3.);
#3744 = AXIS2_PLACEMENT_2D('',#3745,#3746);
#3745 = CARTESIAN_POINT('',(0.,0.));
#3746 = DIRECTION('',(1.,0.));
#3747 = ( GEOMETRIC_REPRESENTATION_CONTEXT(2) 
PARAMETRIC_REPRESENTATION_CONTEXT() REPRESENTATION_CONTEXT('2D SPACE',''
  ) );
#3748 = ORIENTED_EDGE('',*,*,#3749,.T.);
#3749 = EDGE_CURVE('',#3721,#2056,#3750,.T.);
#3750 = SURFACE_CURVE('',#3751,(#3755,#3761),.PCURVE_S1.);
#3751 = LINE('',#3752,#3753);
#3752 = CARTESIAN_POINT('',(7.031839367089,-7.11007982483,18.7));
#3753 = VECTOR('',#3754,1.);
#3754 = DIRECTION('',(0.,0.,1.));
#3755 = PCURVE('',#1269,#3756);
#3756 = DEFINITIONAL_REPRESENTATION('',(#3757),#3760);
#3757 = B_SPLINE_CURVE_WITH_KNOTS('',1,(#3758,#3759),.UNSPECIFIED.,.F.,
  .F.,(2,2),(2.9999994,4.0000006),.PIECEWISE_BEZIER_KNOTS.);
#3758 = CARTESIAN_POINT('',(5.479344645594,-5.999999999062E-07));
#3759 = CARTESIAN_POINT('',(5.479344645594,1.0000006));
#3760 = ( GEOMETRIC_REPRESENTATION_CONTEXT(2) 
PARAMETRIC_REPRESENTATION_CONTEXT() REPRESENTATION_CONTEXT('2D SPACE',''
  ) );
#3761 = PCURVE('',#2019,#3762);
#3762 = DEFINITIONAL_REPRESENTATION('',(#3763),#3766);
#3763 = B_SPLINE_CURVE_WITH_KNOTS('',1,(#3764,#3765),.UNSPECIFIED.,.F.,
  .F.,(2,2),(2.9999994,4.0000006),.PIECEWISE_BEZIER_KNOTS.);
#3764 = CARTESIAN_POINT('',(5.492254679736,2.9999994));
#3765 = CARTESIAN_POINT('',(5.492254679736,4.0000006));
#3766 = ( GEOMETRIC_REPRESENTATION_CONTEXT(2) 
PARAMETRIC_REPRESENTATION_CONTEXT() REPRESENTATION_CONTEXT('2D SPACE',''
  ) );
#3767 = ORIENTED_EDGE('',*,*,#2055,.T.);
#3768 = ORIENTED_EDGE('',*,*,#3769,.F.);
#3769 = EDGE_CURVE('',#3770,#2032,#3772,.T.);
#3770 = VERTEX_POINT('',#3771);
#3771 = CARTESIAN_POINT('',(7.11007982483,-7.031839367089,21.7));
#3772 = SURFACE_CURVE('',#3773,(#3777,#3783),.PCURVE_S1.);
#3773 = LINE('',#3774,#3775);
#3774 = CARTESIAN_POINT('',(7.11007982483,-7.031839367089,18.7));
#3775 = VECTOR('',#3776,1.);
#3776 = DIRECTION('',(0.,0.,1.));
#3777 = PCURVE('',#1269,#3778);
#3778 = DEFINITIONAL_REPRESENTATION('',(#3779),#3782);
#3779 = B_SPLINE_CURVE_WITH_KNOTS('',1,(#3780,#3781),.UNSPECIFIED.,.F.,
  .F.,(2,2),(2.9999994,4.0000006),.PIECEWISE_BEZIER_KNOTS.);
#3780 = CARTESIAN_POINT('',(5.51622964197,-5.999999999062E-07));
#3781 = CARTESIAN_POINT('',(5.51622964197,1.0000006));
#3782 = ( GEOMETRIC_REPRESENTATION_CONTEXT(2) 
PARAMETRIC_REPRESENTATION_CONTEXT() REPRESENTATION_CONTEXT('2D SPACE',''
  ) );
#3783 = PCURVE('',#2019,#3784);
#3784 = DEFINITIONAL_REPRESENTATION('',(#3785),#3788);
#3785 = B_SPLINE_CURVE_WITH_KNOTS('',1,(#3786,#3787),.UNSPECIFIED.,.F.,
  .F.,(2,2),(2.9999994,4.0000006),.PIECEWISE_BEZIER_KNOTS.);
#3786 = CARTESIAN_POINT('',(5.503319607828,2.9999994));
#3787 = CARTESIAN_POINT('',(5.503319607828,4.0000006));
#3788 = ( GEOMETRIC_REPRESENTATION_CONTEXT(2) 
PARAMETRIC_REPRESENTATION_CONTEXT() REPRESENTATION_CONTEXT('2D SPACE',''
  ) );
#3789 = ORIENTED_EDGE('',*,*,#3790,.T.);
#3790 = EDGE_CURVE('',#3770,#3698,#3791,.T.);
#3791 = SURFACE_CURVE('',#3792,(#3797,#3804),.PCURVE_S1.);
#3792 = CIRCLE('',#3793,3.);
#3793 = AXIS2_PLACEMENT_3D('',#3794,#3795,#3796);
#3794 = CARTESIAN_POINT('',(4.95,-4.95,21.7));
#3795 = DIRECTION('',(0.,0.,1.));
#3796 = DIRECTION('',(1.,0.,0.));
#3797 = PCURVE('',#1269,#3798);
#3798 = DEFINITIONAL_REPRESENTATION('',(#3799),#3803);
#3799 = LINE('',#3800,#3801);
#3800 = CARTESIAN_POINT('',(0.,0.));
#3801 = VECTOR('',#3802,1.);
#3802 = DIRECTION('',(1.,0.));
#3803 = ( GEOMETRIC_REPRESENTATION_CONTEXT(2) 
PARAMETRIC_REPRESENTATION_CONTEXT() REPRESENTATION_CONTEXT('2D SPACE',''
  ) );
#3804 = PCURVE('',#3737,#3805);
#3805 = DEFINITIONAL_REPRESENTATION('',(#3806),#3810);
#3806 = CIRCLE('',#3807,3.);
#3807 = AXIS2_PLACEMENT_2D('',#3808,#3809);
#3808 = CARTESIAN_POINT('',(0.,0.));
#3809 = DIRECTION('',(1.,0.));
#3810 = ( GEOMETRIC_REPRESENTATION_CONTEXT(2) 
PARAMETRIC_REPRESENTATION_CONTEXT() REPRESENTATION_CONTEXT('2D SPACE',''
  ) );
#3811 = ORIENTED_EDGE('',*,*,#3697,.T.);
#3812 = ADVANCED_FACE('',(#3813),#1300,.F.);
#3813 = FACE_BOUND('',#3814,.F.);
#3814 = EDGE_LOOP('',(#3815,#3816,#3839,#3868,#3887,#3888,#3909,#3931));
#3815 = ORIENTED_EDGE('',*,*,#1283,.F.);
#3816 = ORIENTED_EDGE('',*,*,#3817,.F.);
#3817 = EDGE_CURVE('',#3818,#1284,#3820,.T.);
#3818 = VERTEX_POINT('',#3819);
#3819 = CARTESIAN_POINT('',(-1.95,4.95,21.7));
#3820 = SEAM_CURVE('',#3821,(#3825,#3832),.PCURVE_S1.);
#3821 = LINE('',#3822,#3823);
#3822 = CARTESIAN_POINT('',(-1.95,4.95,21.7));
#3823 = VECTOR('',#3824,1.);
#3824 = DIRECTION('',(0.,0.,1.));
#3825 = PCURVE('',#1300,#3826);
#3826 = DEFINITIONAL_REPRESENTATION('',(#3827),#3831);
#3827 = LINE('',#3828,#3829);
#3828 = CARTESIAN_POINT('',(6.28318530718,-0.));
#3829 = VECTOR('',#3830,1.);
#3830 = DIRECTION('',(0.,1.));
#3831 = ( GEOMETRIC_REPRESENTATION_CONTEXT(2) 
PARAMETRIC_REPRESENTATION_CONTEXT() REPRESENTATION_CONTEXT('2D SPACE',''
  ) );
#3832 = PCURVE('',#1300,#3833);
#3833 = DEFINITIONAL_REPRESENTATION('',(#3834),#3838);
#3834 = LINE('',#3835,#3836);
#3835 = CARTESIAN_POINT('',(0.,-0.));
#3836 = VECTOR('',#3837,1.);
#3837 = DIRECTION('',(0.,1.));
#3838 = ( GEOMETRIC_REPRESENTATION_CONTEXT(2) 
PARAMETRIC_REPRESENTATION_CONTEXT() REPRESENTATION_CONTEXT('2D SPACE',''
  ) );
#3839 = ORIENTED_EDGE('',*,*,#3840,.T.);
#3840 = EDGE_CURVE('',#3818,#3841,#3843,.T.);
#3841 = VERTEX_POINT('',#3842);
#3842 = CARTESIAN_POINT('',(-7.031839367089,7.11007982483,21.7));
#3843 = SURFACE_CURVE('',#3844,(#3849,#3856),.PCURVE_S1.);
#3844 = CIRCLE('',#3845,3.);
#3845 = AXIS2_PLACEMENT_3D('',#3846,#3847,#3848);
#3846 = CARTESIAN_POINT('',(-4.95,4.95,21.7));
#3847 = DIRECTION('',(0.,0.,1.));
#3848 = DIRECTION('',(1.,0.,0.));
#3849 = PCURVE('',#1300,#3850);
#3850 = DEFINITIONAL_REPRESENTATION('',(#3851),#3855);
#3851 = LINE('',#3852,#3853);
#3852 = CARTESIAN_POINT('',(0.,0.));
#3853 = VECTOR('',#3854,1.);
#3854 = DIRECTION('',(1.,0.));
#3855 = ( GEOMETRIC_REPRESENTATION_CONTEXT(2) 
PARAMETRIC_REPRESENTATION_CONTEXT() REPRESENTATION_CONTEXT('2D SPACE',''
  ) );
#3856 = PCURVE('',#3857,#3862);
#3857 = PLANE('',#3858);
#3858 = AXIS2_PLACEMENT_3D('',#3859,#3860,#3861);
#3859 = CARTESIAN_POINT('',(-4.95,4.95,21.7));
#3860 = DIRECTION('',(0.,0.,1.));
#3861 = DIRECTION('',(1.,0.,0.));
#3862 = DEFINITIONAL_REPRESENTATION('',(#3863),#3867);
#3863 = CIRCLE('',#3864,3.);
#3864 = AXIS2_PLACEMENT_2D('',#3865,#3866);
#3865 = CARTESIAN_POINT('',(0.,0.));
#3866 = DIRECTION('',(1.,0.));
#3867 = ( GEOMETRIC_REPRESENTATION_CONTEXT(2) 
PARAMETRIC_REPRESENTATION_CONTEXT() REPRESENTATION_CONTEXT('2D SPACE',''
  ) );
#3868 = ORIENTED_EDGE('',*,*,#3869,.T.);
#3869 = EDGE_CURVE('',#3841,#2152,#3870,.T.);
#3870 = SURFACE_CURVE('',#3871,(#3875,#3881),.PCURVE_S1.);
#3871 = LINE('',#3872,#3873);
#3872 = CARTESIAN_POINT('',(-7.031839367089,7.11007982483,18.7));
#3873 = VECTOR('',#3874,1.);
#3874 = DIRECTION('',(0.,0.,1.));
#3875 = PCURVE('',#1300,#3876);
#3876 = DEFINITIONAL_REPRESENTATION('',(#3877),#3880);
#3877 = B_SPLINE_CURVE_WITH_KNOTS('',1,(#3878,#3879),.UNSPECIFIED.,.F.,
  .F.,(2,2),(2.9999994,4.0000006),.PIECEWISE_BEZIER_KNOTS.);
#3878 = CARTESIAN_POINT('',(2.337751992005,-5.999999999062E-07));
#3879 = CARTESIAN_POINT('',(2.337751992005,1.0000006));
#3880 = ( GEOMETRIC_REPRESENTATION_CONTEXT(2) 
PARAMETRIC_REPRESENTATION_CONTEXT() REPRESENTATION_CONTEXT('2D SPACE',''
  ) );
#3881 = PCURVE('',#2019,#3882);
#3882 = DEFINITIONAL_REPRESENTATION('',(#3883),#3886);
#3883 = B_SPLINE_CURVE_WITH_KNOTS('',1,(#3884,#3885),.UNSPECIFIED.,.F.,
  .F.,(2,2),(2.9999994,4.0000006),.PIECEWISE_BEZIER_KNOTS.);
#3884 = CARTESIAN_POINT('',(2.350662026146,2.9999994));
#3885 = CARTESIAN_POINT('',(2.350662026146,4.0000006));
#3886 = ( GEOMETRIC_REPRESENTATION_CONTEXT(2) 
PARAMETRIC_REPRESENTATION_CONTEXT() REPRESENTATION_CONTEXT('2D SPACE',''
  ) );
#3887 = ORIENTED_EDGE('',*,*,#2151,.T.);
#3888 = ORIENTED_EDGE('',*,*,#3889,.F.);
#3889 = EDGE_CURVE('',#3890,#2128,#3892,.T.);
#3890 = VERTEX_POINT('',#3891);
#3891 = CARTESIAN_POINT('',(-7.11007982483,7.031839367089,21.7));
#3892 = SURFACE_CURVE('',#3893,(#3897,#3903),.PCURVE_S1.);
#3893 = LINE('',#3894,#3895);
#3894 = CARTESIAN_POINT('',(-7.11007982483,7.031839367089,18.7));
#3895 = VECTOR('',#3896,1.);
#3896 = DIRECTION('',(0.,0.,1.));
#3897 = PCURVE('',#1300,#3898);
#3898 = DEFINITIONAL_REPRESENTATION('',(#3899),#3902);
#3899 = B_SPLINE_CURVE_WITH_KNOTS('',1,(#3900,#3901),.UNSPECIFIED.,.F.,
  .F.,(2,2),(2.9999994,4.0000006),.PIECEWISE_BEZIER_KNOTS.);
#3900 = CARTESIAN_POINT('',(2.37463698838,-5.999999999062E-07));
#3901 = CARTESIAN_POINT('',(2.37463698838,1.0000006));
#3902 = ( GEOMETRIC_REPRESENTATION_CONTEXT(2) 
PARAMETRIC_REPRESENTATION_CONTEXT() REPRESENTATION_CONTEXT('2D SPACE',''
  ) );
#3903 = PCURVE('',#2019,#3904);
#3904 = DEFINITIONAL_REPRESENTATION('',(#3905),#3908);
#3905 = B_SPLINE_CURVE_WITH_KNOTS('',1,(#3906,#3907),.UNSPECIFIED.,.F.,
  .F.,(2,2),(2.9999994,4.0000006),.PIECEWISE_BEZIER_KNOTS.);
#3906 = CARTESIAN_POINT('',(2.361726954239,2.9999994));
#3907 = CARTESIAN_POINT('',(2.361726954239,4.0000006));
#3908 = ( GEOMETRIC_REPRESENTATION_CONTEXT(2) 
PARAMETRIC_REPRESENTATION_CONTEXT() REPRESENTATION_CONTEXT('2D SPACE',''
  ) );
#3909 = ORIENTED_EDGE('',*,*,#3910,.T.);
#3910 = EDGE_CURVE('',#3890,#3818,#3911,.T.);
#3911 = SURFACE_CURVE('',#3912,(#3917,#3924),.PCURVE_S1.);
#3912 = CIRCLE('',#3913,3.);
#3913 = AXIS2_PLACEMENT_3D('',#3914,#3915,#3916);
#3914 = CARTESIAN_POINT('',(-4.95,4.95,21.7));
#3915 = DIRECTION('',(0.,0.,1.));
#3916 = DIRECTION('',(1.,0.,0.));
#3917 = PCURVE('',#1300,#3918);
#3918 = DEFINITIONAL_REPRESENTATION('',(#3919),#3923);
#3919 = LINE('',#3920,#3921);
#3920 = CARTESIAN_POINT('',(0.,0.));
#3921 = VECTOR('',#3922,1.);
#3922 = DIRECTION('',(1.,0.));
#3923 = ( GEOMETRIC_REPRESENTATION_CONTEXT(2) 
PARAMETRIC_REPRESENTATION_CONTEXT() REPRESENTATION_CONTEXT('2D SPACE',''
  ) );
#3924 = PCURVE('',#3857,#3925);
#3925 = DEFINITIONAL_REPRESENTATION('',(#3926),#3930);
#3926 = CIRCLE('',#3927,3.);
#3927 = AXIS2_PLACEMENT_2D('',#3928,#3929);
#3928 = CARTESIAN_POINT('',(0.,0.));
#3929 = DIRECTION('',(1.,0.));
#3930 = ( GEOMETRIC_REPRESENTATION_CONTEXT(2) 
PARAMETRIC_REPRESENTATION_CONTEXT() REPRESENTATION_CONTEXT('2D SPACE',''
  ) );
#3931 = ORIENTED_EDGE('',*,*,#3817,.T.);
#3932 = ADVANCED_FACE('',(#3933),#1331,.F.);
#3933 = FACE_BOUND('',#3934,.F.);
#3934 = EDGE_LOOP('',(#3935,#3936,#3959,#3988,#4007,#4008,#4029,#4051));
#3935 = ORIENTED_EDGE('',*,*,#1314,.F.);
#3936 = ORIENTED_EDGE('',*,*,#3937,.F.);
#3937 = EDGE_CURVE('',#3938,#1315,#3940,.T.);
#3938 = VERTEX_POINT('',#3939);
#3939 = CARTESIAN_POINT('',(7.95,4.95,21.7));
#3940 = SEAM_CURVE('',#3941,(#3945,#3952),.PCURVE_S1.);
#3941 = LINE('',#3942,#3943);
#3942 = CARTESIAN_POINT('',(7.95,4.95,21.7));
#3943 = VECTOR('',#3944,1.);
#3944 = DIRECTION('',(0.,0.,1.));
#3945 = PCURVE('',#1331,#3946);
#3946 = DEFINITIONAL_REPRESENTATION('',(#3947),#3951);
#3947 = LINE('',#3948,#3949);
#3948 = CARTESIAN_POINT('',(6.28318530718,-0.));
#3949 = VECTOR('',#3950,1.);
#3950 = DIRECTION('',(0.,1.));
#3951 = ( GEOMETRIC_REPRESENTATION_CONTEXT(2) 
PARAMETRIC_REPRESENTATION_CONTEXT() REPRESENTATION_CONTEXT('2D SPACE',''
  ) );
#3952 = PCURVE('',#1331,#3953);
#3953 = DEFINITIONAL_REPRESENTATION('',(#3954),#3958);
#3954 = LINE('',#3955,#3956);
#3955 = CARTESIAN_POINT('',(0.,-0.));
#3956 = VECTOR('',#3957,1.);
#3957 = DIRECTION('',(0.,1.));
#3958 = ( GEOMETRIC_REPRESENTATION_CONTEXT(2) 
PARAMETRIC_REPRESENTATION_CONTEXT() REPRESENTATION_CONTEXT('2D SPACE',''
  ) );
#3959 = ORIENTED_EDGE('',*,*,#3960,.T.);
#3960 = EDGE_CURVE('',#3938,#3961,#3963,.T.);
#3961 = VERTEX_POINT('',#3962);
#3962 = CARTESIAN_POINT('',(7.11007982483,7.031839367089,21.7));
#3963 = SURFACE_CURVE('',#3964,(#3969,#3976),.PCURVE_S1.);
#3964 = CIRCLE('',#3965,3.);
#3965 = AXIS2_PLACEMENT_3D('',#3966,#3967,#3968);
#3966 = CARTESIAN_POINT('',(4.95,4.95,21.7));
#3967 = DIRECTION('',(0.,0.,1.));
#3968 = DIRECTION('',(1.,0.,0.));
#3969 = PCURVE('',#1331,#3970);
#3970 = DEFINITIONAL_REPRESENTATION('',(#3971),#3975);
#3971 = LINE('',#3972,#3973);
#3972 = CARTESIAN_POINT('',(0.,0.));
#3973 = VECTOR('',#3974,1.);
#3974 = DIRECTION('',(1.,0.));
#3975 = ( GEOMETRIC_REPRESENTATION_CONTEXT(2) 
PARAMETRIC_REPRESENTATION_CONTEXT() REPRESENTATION_CONTEXT('2D SPACE',''
  ) );
#3976 = PCURVE('',#3977,#3982);
#3977 = PLANE('',#3978);
#3978 = AXIS2_PLACEMENT_3D('',#3979,#3980,#3981);
#3979 = CARTESIAN_POINT('',(4.95,4.95,21.7));
#3980 = DIRECTION('',(0.,0.,1.));
#3981 = DIRECTION('',(1.,0.,0.));
#3982 = DEFINITIONAL_REPRESENTATION('',(#3983),#3987);
#3983 = CIRCLE('',#3984,3.);
#3984 = AXIS2_PLACEMENT_2D('',#3985,#3986);
#3985 = CARTESIAN_POINT('',(0.,0.));
#3986 = DIRECTION('',(1.,0.));
#3987 = ( GEOMETRIC_REPRESENTATION_CONTEXT(2) 
PARAMETRIC_REPRESENTATION_CONTEXT() REPRESENTATION_CONTEXT('2D SPACE',''
  ) );
#3988 = ORIENTED_EDGE('',*,*,#3989,.T.);
#3989 = EDGE_CURVE('',#3961,#2003,#3990,.T.);
#3990 = SURFACE_CURVE('',#3991,(#3995,#4001),.PCURVE_S1.);
#3991 = LINE('',#3992,#3993);
#3992 = CARTESIAN_POINT('',(7.11007982483,7.031839367089,18.7));
#3993 = VECTOR('',#3994,1.);
#3994 = DIRECTION('',(0.,0.,1.));
#3995 = PCURVE('',#1331,#3996);
#3996 = DEFINITIONAL_REPRESENTATION('',(#3997),#4000);
#3997 = B_SPLINE_CURVE_WITH_KNOTS('',1,(#3998,#3999),.UNSPECIFIED.,.F.,
  .F.,(2,2),(2.9999994,4.0000006),.PIECEWISE_BEZIER_KNOTS.);
#3998 = CARTESIAN_POINT('',(0.76695566521,-5.999999999062E-07));
#3999 = CARTESIAN_POINT('',(0.76695566521,1.0000006));
#4000 = ( GEOMETRIC_REPRESENTATION_CONTEXT(2) 
PARAMETRIC_REPRESENTATION_CONTEXT() REPRESENTATION_CONTEXT('2D SPACE',''
  ) );
#4001 = PCURVE('',#2019,#4002);
#4002 = DEFINITIONAL_REPRESENTATION('',(#4003),#4006);
#4003 = B_SPLINE_CURVE_WITH_KNOTS('',1,(#4004,#4005),.UNSPECIFIED.,.F.,
  .F.,(2,2),(2.9999994,4.0000006),.PIECEWISE_BEZIER_KNOTS.);
#4004 = CARTESIAN_POINT('',(0.779865699351,2.9999994));
#4005 = CARTESIAN_POINT('',(0.779865699351,4.0000006));
#4006 = ( GEOMETRIC_REPRESENTATION_CONTEXT(2) 
PARAMETRIC_REPRESENTATION_CONTEXT() REPRESENTATION_CONTEXT('2D SPACE',''
  ) );
#4007 = ORIENTED_EDGE('',*,*,#2199,.T.);
#4008 = ORIENTED_EDGE('',*,*,#4009,.F.);
#4009 = EDGE_CURVE('',#4010,#2176,#4012,.T.);
#4010 = VERTEX_POINT('',#4011);
#4011 = CARTESIAN_POINT('',(7.031839367089,7.11007982483,21.7));
#4012 = SURFACE_CURVE('',#4013,(#4017,#4023),.PCURVE_S1.);
#4013 = LINE('',#4014,#4015);
#4014 = CARTESIAN_POINT('',(7.031839367089,7.11007982483,18.7));
#4015 = VECTOR('',#4016,1.);
#4016 = DIRECTION('',(0.,0.,1.));
#4017 = PCURVE('',#1331,#4018);
#4018 = DEFINITIONAL_REPRESENTATION('',(#4019),#4022);
#4019 = B_SPLINE_CURVE_WITH_KNOTS('',1,(#4020,#4021),.UNSPECIFIED.,.F.,
  .F.,(2,2),(2.9999994,4.0000006),.PIECEWISE_BEZIER_KNOTS.);
#4020 = CARTESIAN_POINT('',(0.803840661585,-5.999999999062E-07));
#4021 = CARTESIAN_POINT('',(0.803840661585,1.0000006));
#4022 = ( GEOMETRIC_REPRESENTATION_CONTEXT(2) 
PARAMETRIC_REPRESENTATION_CONTEXT() REPRESENTATION_CONTEXT('2D SPACE',''
  ) );
#4023 = PCURVE('',#2019,#4024);
#4024 = DEFINITIONAL_REPRESENTATION('',(#4025),#4028);
#4025 = B_SPLINE_CURVE_WITH_KNOTS('',1,(#4026,#4027),.UNSPECIFIED.,.F.,
  .F.,(2,2),(2.9999994,4.0000006),.PIECEWISE_BEZIER_KNOTS.);
#4026 = CARTESIAN_POINT('',(0.790930627444,2.9999994));
#4027 = CARTESIAN_POINT('',(0.790930627444,4.0000006));
#4028 = ( GEOMETRIC_REPRESENTATION_CONTEXT(2) 
PARAMETRIC_REPRESENTATION_CONTEXT() REPRESENTATION_CONTEXT('2D SPACE',''
  ) );
#4029 = ORIENTED_EDGE('',*,*,#4030,.T.);
#4030 = EDGE_CURVE('',#4010,#3938,#4031,.T.);
#4031 = SURFACE_CURVE('',#4032,(#4037,#4044),.PCURVE_S1.);
#4032 = CIRCLE('',#4033,3.);
#4033 = AXIS2_PLACEMENT_3D('',#4034,#4035,#4036);
#4034 = CARTESIAN_POINT('',(4.95,4.95,21.7));
#4035 = DIRECTION('',(0.,0.,1.));
#4036 = DIRECTION('',(1.,0.,0.));
#4037 = PCURVE('',#1331,#4038);
#4038 = DEFINITIONAL_REPRESENTATION('',(#4039),#4043);
#4039 = LINE('',#4040,#4041);
#4040 = CARTESIAN_POINT('',(0.,0.));
#4041 = VECTOR('',#4042,1.);
#4042 = DIRECTION('',(1.,0.));
#4043 = ( GEOMETRIC_REPRESENTATION_CONTEXT(2) 
PARAMETRIC_REPRESENTATION_CONTEXT() REPRESENTATION_CONTEXT('2D SPACE',''
  ) );
#4044 = PCURVE('',#3977,#4045);
#4045 = DEFINITIONAL_REPRESENTATION('',(#4046),#4050);
#4046 = CIRCLE('',#4047,3.);
#4047 = AXIS2_PLACEMENT_2D('',#4048,#4049);
#4048 = CARTESIAN_POINT('',(0.,0.));
#4049 = DIRECTION('',(1.,0.));
#4050 = ( GEOMETRIC_REPRESENTATION_CONTEXT(2) 
PARAMETRIC_REPRESENTATION_CONTEXT() REPRESENTATION_CONTEXT('2D SPACE',''
  ) );
#4051 = ORIENTED_EDGE('',*,*,#3937,.T.);
#4052 = ADVANCED_FACE('',(#4053),#1412,.F.);
#4053 = FACE_BOUND('',#4054,.F.);
#4054 = EDGE_LOOP('',(#4055,#4253,#4254,#4275,#4276,#4277,#4278,#4279,
    #4280,#4281,#4282,#4410,#4443));
#4055 = ORIENTED_EDGE('',*,*,#4056,.T.);
#4056 = EDGE_CURVE('',#1775,#1832,#4057,.T.);
#4057 = SURFACE_CURVE('',#4058,(#4121,#4187),.PCURVE_S1.);
#4058 = B_SPLINE_CURVE_WITH_KNOTS('',7,(#4059,#4060,#4061,#4062,#4063,
    #4064,#4065,#4066,#4067,#4068,#4069,#4070,#4071,#4072,#4073,#4074,
    #4075,#4076,#4077,#4078,#4079,#4080,#4081,#4082,#4083,#4084,#4085,
    #4086,#4087,#4088,#4089,#4090,#4091,#4092,#4093,#4094,#4095,#4096,
    #4097,#4098,#4099,#4100,#4101,#4102,#4103,#4104,#4105,#4106,#4107,
    #4108,#4109,#4110,#4111,#4112,#4113,#4114,#4115,#4116,#4117,#4118,
    #4119,#4120),.UNSPECIFIED.,.F.,.F.,(8,6,6,6,6,6,6,6,6,6,8),(0.,
    0.238387852902,0.384697989295,0.429037776499,0.45258291565,
    0.499446693891,0.553270595039,0.580603686098,0.637325986789,
    0.82012297841,1.),.UNSPECIFIED.);
#4059 = CARTESIAN_POINT('',(8.027218084571,18.6000006,55.35108273697));
#4060 = CARTESIAN_POINT('',(8.095108063791,18.523160678147,
    55.414092666697));
#4061 = CARTESIAN_POINT('',(8.163448279973,18.447017964892,
    55.478677578803));
#4062 = CARTESIAN_POINT('',(8.232475011595,18.371642904316,
    55.545121009425));
#4063 = CARTESIAN_POINT('',(8.302402450093,18.297230382565,
    55.613709892563));
#4064 = CARTESIAN_POINT('',(8.373498852186,18.224156644251,
    55.684826313039));
#4065 = CARTESIAN_POINT('',(8.446063431069,18.152956997817,
    55.758902507548));
#4066 = CARTESIAN_POINT('',(8.566689898271,18.04264638233,
    55.884815335226));
#4067 = CARTESIAN_POINT('',(8.613309365323,18.001837732047,
    55.934106525994));
#4068 = CARTESIAN_POINT('',(8.660892058281,17.962336818195,
    55.985083348224));
#4069 = CARTESIAN_POINT('',(8.709602494437,17.924490320462,
    56.037993134732));
#4070 = CARTESIAN_POINT('',(8.759565405293,17.888835305398,
    56.093057483454));
#4071 = CARTESIAN_POINT('',(8.810902418112,17.856113316156,
    56.150514833844));
#4072 = CARTESIAN_POINT('',(8.879816123017,17.818558001155,
    56.228934749187));
#4073 = CARTESIAN_POINT('',(8.895977631657,17.81018647207,
    56.247413935447));
#4074 = CARTESIAN_POINT('',(8.912273593377,17.802206229365,
    56.266137935485));
#4075 = CARTESIAN_POINT('',(8.928702127672,17.794648655646,
    56.285108284699));
#4076 = CARTESIAN_POINT('',(8.945258887966,17.787546966882,
    56.304323713071));
#4077 = CARTESIAN_POINT('',(8.961936801734,17.780935173133,
    56.32377968915));
#4078 = CARTESIAN_POINT('',(8.987641043995,17.77161414241,
    56.353922754228));
#4079 = CARTESIAN_POINT('',(8.996587503985,17.768528888695,
    56.364442924122));
#4080 = CARTESIAN_POINT('',(9.00556358789,17.765596442772,
    56.375027134847));
#4081 = CARTESIAN_POINT('',(9.014567406377,17.762821805564,
    56.38567367381));
#4082 = CARTESIAN_POINT('',(9.02359678348,17.76020981428,56.396380454704
    ));
#4083 = CARTESIAN_POINT('',(9.032649256603,17.757765142407,
    56.407145017514));
#4084 = CARTESIAN_POINT('',(9.059780437434,17.75096847868,
    56.439499468716));
#4085 = CARTESIAN_POINT('',(9.07792139484,17.7471247157,56.461254450526)
  );
#4086 = CARTESIAN_POINT('',(9.096120079113,17.743996773865,56.4832032434
    ));
#4087 = CARTESIAN_POINT('',(9.114350084294,17.741614386727,
    56.505316948396));
#4088 = CARTESIAN_POINT('',(9.132582828163,17.73999936561,
    56.527562983092));
#4089 = CARTESIAN_POINT('',(9.150786912321,17.739163706929,
    56.549904066511));
#4090 = CARTESIAN_POINT('',(9.189762256581,17.739043373938,
    56.598016129546));
#4091 = CARTESIAN_POINT('',(9.210518258765,17.74000747582,
    56.623809908819));
#4092 = CARTESIAN_POINT('',(9.231141463226,17.742001297209,
    56.649611958175));
#4093 = CARTESIAN_POINT('',(9.251586881672,17.745005399901,
    56.675364302312));
#4094 = CARTESIAN_POINT('',(9.271816833821,17.748983575124,
    56.701015907355));
#4095 = CARTESIAN_POINT('',(9.291799218138,17.753886803241,
    56.726521013886));
#4096 = CARTESIAN_POINT('',(9.321513257071,17.76258756864,
    56.764693784461));
#4097 = CARTESIAN_POINT('',(9.331450527645,17.76574190808,
    56.777502645634));
#4098 = CARTESIAN_POINT('',(9.341314692838,17.769112734587,
    56.790259538275));
#4099 = CARTESIAN_POINT('',(9.351103370931,17.772692398539,
    56.802960571254));
#4100 = CARTESIAN_POINT('',(9.360814699924,17.776473097875,
    56.815602477533));
#4101 = CARTESIAN_POINT('',(9.37044733753,17.780446878099,
    56.828182614168));
#4102 = CARTESIAN_POINT('',(9.399825337584,17.793235980906,
    56.866673194828));
#4103 = CARTESIAN_POINT('',(9.419306296865,17.802662782587,
    56.892370831385));
#4104 = CARTESIAN_POINT('',(9.43843818339,17.812815671034,
    56.917776861893));
#4105 = CARTESIAN_POINT('',(9.457221499735,17.82362617989,
    56.942883471491));
#4106 = CARTESIAN_POINT('',(9.475661626602,17.835030002338,
    56.967689390143));
#4107 = CARTESIAN_POINT('',(9.493768042726,17.846969250703,
    56.992199242244));
#4108 = CARTESIAN_POINT('',(9.568870265606,17.899437832438,
    57.094487625925));
#4109 = CARTESIAN_POINT('',(9.622714831387,17.944431371702,
    57.169390083381));
#4110 = CARTESIAN_POINT('',(9.673778281125,17.992836927078,
    57.24180430723));
#4111 = CARTESIAN_POINT('',(9.722405311028,18.04365135024,57.31204004558
    ));
#4112 = CARTESIAN_POINT('',(9.768924092858,18.096175401623,
    57.38040869438));
#4113 = CARTESIAN_POINT('',(9.813639524168,18.150027464983,
    57.447239606554));
#4114 = CARTESIAN_POINT('',(9.899449809174,18.25926880513,57.57762607757
    ));
#4115 = CARTESIAN_POINT('',(9.940501723006,18.314506098852,
    57.641081148959));
#4116 = CARTESIAN_POINT('',(9.98027277166,18.370548898554,
    57.703575998227));
#4117 = CARTESIAN_POINT('',(10.018910620083,18.427224515818,
    57.765272893321));
#4118 = CARTESIAN_POINT('',(10.056527316845,18.484410299311,
    57.82629519091));
#4119 = CARTESIAN_POINT('',(10.093220822408,18.542019420425,
    57.886753866367));
#4120 = CARTESIAN_POINT('',(10.129074422436,18.6000006,57.946748696381)
  );
#4121 = PCURVE('',#1412,#4122);
#4122 = DEFINITIONAL_REPRESENTATION('',(#4123),#4186);
#4123 = B_SPLINE_CURVE_WITH_KNOTS('',7,(#4124,#4125,#4126,#4127,#4128,
    #4129,#4130,#4131,#4132,#4133,#4134,#4135,#4136,#4137,#4138,#4139,
    #4140,#4141,#4142,#4143,#4144,#4145,#4146,#4147,#4148,#4149,#4150,
    #4151,#4152,#4153,#4154,#4155,#4156,#4157,#4158,#4159,#4160,#4161,
    #4162,#4163,#4164,#4165,#4166,#4167,#4168,#4169,#4170,#4171,#4172,
    #4173,#4174,#4175,#4176,#4177,#4178,#4179,#4180,#4181,#4182,#4183,
    #4184,#4185),.UNSPECIFIED.,.F.,.F.,(8,6,6,6,6,6,6,6,6,6,8),(0.,
    0.238387852902,0.384697989295,0.429037776499,0.45258291565,
    0.499446693891,0.553270595039,0.580603686098,0.637325986789,
    0.82012297841,1.),.UNSPECIFIED.);
#4124 = CARTESIAN_POINT('',(5.460523630302,0.9999994));
#4125 = CARTESIAN_POINT('',(5.468373165354,1.076839321853));
#4126 = CARTESIAN_POINT('',(5.476341464128,1.152982035108));
#4127 = CARTESIAN_POINT('',(5.484460345514,1.228357095684));
#4128 = CARTESIAN_POINT('',(5.492760531407,1.302769617435));
#4129 = CARTESIAN_POINT('',(5.501281853589,1.375843355749));
#4130 = CARTESIAN_POINT('',(5.510069122853,1.447043002183));
#4131 = CARTESIAN_POINT('',(5.524846214248,1.55735361767));
#4132 = CARTESIAN_POINT('',(5.530595705576,1.598162267953));
#4133 = CARTESIAN_POINT('',(5.536505106749,1.637663181805));
#4134 = CARTESIAN_POINT('',(5.542599555133,1.675509679538));
#4135 = CARTESIAN_POINT('',(5.548900373634,1.711164694602));
#4136 = CARTESIAN_POINT('',(5.555429887085,1.743886683844));
#4137 = CARTESIAN_POINT('',(5.564277110053,1.781441998845));
#4138 = CARTESIAN_POINT('',(5.566357564673,1.78981352793));
#4139 = CARTESIAN_POINT('',(5.568461139435,1.797793770635));
#4140 = CARTESIAN_POINT('',(5.570587842599,1.805351344354));
#4141 = CARTESIAN_POINT('',(5.572737367376,1.812453033118));
#4142 = CARTESIAN_POINT('',(5.574909048314,1.819064826868));
#4143 = CARTESIAN_POINT('',(5.57826621343,1.82838585759));
#4144 = CARTESIAN_POINT('',(5.579436542197,1.831471111305));
#4145 = CARTESIAN_POINT('',(5.580612632108,1.834403557228));
#4146 = CARTESIAN_POINT('',(5.581794271534,1.837178194436));
#4147 = CARTESIAN_POINT('',(5.582981209086,1.83979018572));
#4148 = CARTESIAN_POINT('',(5.584173153619,1.842234857593));
#4149 = CARTESIAN_POINT('',(5.587751504174,1.84903152132));
#4150 = CARTESIAN_POINT('',(5.590152020447,1.8528752843));
#4151 = CARTESIAN_POINT('',(5.59256828747,1.856003226135));
#4152 = CARTESIAN_POINT('',(5.59499701453,1.858385613273));
#4153 = CARTESIAN_POINT('',(5.59743455404,1.86000063439));
#4154 = CARTESIAN_POINT('',(5.599876799781,1.860836293071));
#4155 = CARTESIAN_POINT('',(5.605124094312,1.860956626062));
#4156 = CARTESIAN_POINT('',(5.607929830442,1.85999252418));
#4157 = CARTESIAN_POINT('',(5.610729063337,1.857998702791));
#4158 = CARTESIAN_POINT('',(5.613515611279,1.854994600099));
#4159 = CARTESIAN_POINT('',(5.616284137588,1.851016424876));
#4160 = CARTESIAN_POINT('',(5.619029947169,1.846113196759));
#4161 = CARTESIAN_POINT('',(5.623129474299,1.83741243136));
#4162 = CARTESIAN_POINT('',(5.624503337672,1.83425809192));
#4163 = CARTESIAN_POINT('',(5.62586992451,1.830887265413));
#4164 = CARTESIAN_POINT('',(5.627228854717,1.827307601461));
#4165 = CARTESIAN_POINT('',(5.628579816761,1.823526902125));
#4166 = CARTESIAN_POINT('',(5.629922567684,1.819553121901));
#4167 = CARTESIAN_POINT('',(5.6340260409,1.806764019094));
#4168 = CARTESIAN_POINT('',(5.636758832407,1.797337217413));
#4169 = CARTESIAN_POINT('',(5.639454066193,1.787184328966));
#4170 = CARTESIAN_POINT('',(5.64211127203,1.77637382011));
#4171 = CARTESIAN_POINT('',(5.644730667445,1.764969997662));
#4172 = CARTESIAN_POINT('',(5.647313074295,1.753030749297));
#4173 = CARTESIAN_POINT('',(5.658067193819,1.700562167562));
#4174 = CARTESIAN_POINT('',(5.665884390503,1.655568628298));
#4175 = CARTESIAN_POINT('',(5.673393028185,1.607163072922));
#4176 = CARTESIAN_POINT('',(5.680632083893,1.55634864976));
#4177 = CARTESIAN_POINT('',(5.687639692123,1.503824598377));
#4178 = CARTESIAN_POINT('',(5.69445393925,1.449972535017));
#4179 = CARTESIAN_POINT('',(5.707681891436,1.34073119487));
#4180 = CARTESIAN_POINT('',(5.714086482132,1.285493901148));
#4181 = CARTESIAN_POINT('',(5.720363883692,1.229451101446));
#4182 = CARTESIAN_POINT('',(5.726532830017,1.172775484182));
#4183 = CARTESIAN_POINT('',(5.732607591419,1.115589700689));
#4184 = CARTESIAN_POINT('',(5.738600879931,1.057980579575));
#4185 = CARTESIAN_POINT('',(5.744523911742,0.9999994));
#4186 = ( GEOMETRIC_REPRESENTATION_CONTEXT(2) 
PARAMETRIC_REPRESENTATION_CONTEXT() REPRESENTATION_CONTEXT('2D SPACE',''
  ) );
#4187 = PCURVE('',#1819,#4188);
#4188 = DEFINITIONAL_REPRESENTATION('',(#4189),#4252);
#4189 = B_SPLINE_CURVE_WITH_KNOTS('',7,(#4190,#4191,#4192,#4193,#4194,
    #4195,#4196,#4197,#4198,#4199,#4200,#4201,#4202,#4203,#4204,#4205,
    #4206,#4207,#4208,#4209,#4210,#4211,#4212,#4213,#4214,#4215,#4216,
    #4217,#4218,#4219,#4220,#4221,#4222,#4223,#4224,#4225,#4226,#4227,
    #4228,#4229,#4230,#4231,#4232,#4233,#4234,#4235,#4236,#4237,#4238,
    #4239,#4240,#4241,#4242,#4243,#4244,#4245,#4246,#4247,#4248,#4249,
    #4250,#4251),.UNSPECIFIED.,.F.,.F.,(8,6,6,6,6,6,6,6,6,6,8),(0.,
    0.238387852902,0.384697989295,0.429037776499,0.45258291565,
    0.499446693891,0.553270595039,0.580603686098,0.637325986789,
    0.82012297841,1.),.UNSPECIFIED.);
#4190 = CARTESIAN_POINT('',(2.985889993118,1.0500006));
#4191 = CARTESIAN_POINT('',(3.008876518449,0.973160678147));
#4192 = CARTESIAN_POINT('',(3.034355036524,0.897017964892));
#4193 = CARTESIAN_POINT('',(3.062782572934,0.821642904316));
#4194 = CARTESIAN_POINT('',(3.09472154518,0.747230382565));
#4195 = CARTESIAN_POINT('',(3.130932706781,0.674156644251));
#4196 = CARTESIAN_POINT('',(3.172370907899,0.602956997817));
#4197 = CARTESIAN_POINT('',(3.250222875591,0.49264638233));
#4198 = CARTESIAN_POINT('',(3.282342927182,0.451837732047));
#4199 = CARTESIAN_POINT('',(3.317363291835,0.412336818195));
#4200 = CARTESIAN_POINT('',(3.355695586234,0.374490320462));
#4201 = CARTESIAN_POINT('',(3.397767655023,0.338835305398));
#4202 = CARTESIAN_POINT('',(3.443972870541,0.306113316156));
#4203 = CARTESIAN_POINT('',(3.509909934084,0.268558001155));
#4204 = CARTESIAN_POINT('',(3.525640998899,0.26018647207));
#4205 = CARTESIAN_POINT('',(3.541770515761,0.252206229365));
#4206 = CARTESIAN_POINT('',(3.558296819929,0.244648655646));
#4207 = CARTESIAN_POINT('',(3.575213069793,0.237546966882));
#4208 = CARTESIAN_POINT('',(3.592506220529,0.230935173133));
#4209 = CARTESIAN_POINT('',(3.619528312932,0.22161414241));
#4210 = CARTESIAN_POINT('',(3.629001081132,0.218528888695));
#4211 = CARTESIAN_POINT('',(3.638571186669,0.215596442772));
#4212 = CARTESIAN_POINT('',(3.648234868262,0.212821805564));
#4213 = CARTESIAN_POINT('',(3.657987719041,0.21020981428));
#4214 = CARTESIAN_POINT('',(3.667824686541,0.207765142408));
#4215 = CARTESIAN_POINT('',(3.697475460782,0.20096847868));
#4216 = CARTESIAN_POINT('',(3.717523609075,0.1971247157));
#4217 = CARTESIAN_POINT('',(3.737836372555,0.193996773865));
#4218 = CARTESIAN_POINT('',(3.75835783033,0.191614386727));
#4219 = CARTESIAN_POINT('',(3.779025091797,0.18999936561));
#4220 = CARTESIAN_POINT('',(3.79976910279,0.189163706929));
#4221 = CARTESIAN_POINT('',(3.844343010603,0.189043373938));
#4222 = CARTESIAN_POINT('',(3.868179627623,0.190007475821));
#4223 = CARTESIAN_POINT('',(3.891910990238,0.192001297209));
#4224 = CARTESIAN_POINT('',(3.915432772126,0.195005399901));
#4225 = CARTESIAN_POINT('',(3.938652020374,0.198983575124));
#4226 = CARTESIAN_POINT('',(3.961488542647,0.203886803241));
#4227 = CARTESIAN_POINT('',(3.995245341248,0.21258756864));
#4228 = CARTESIAN_POINT('',(4.006499659952,0.21574190808));
#4229 = CARTESIAN_POINT('',(4.017631421945,0.219112734587));
#4230 = CARTESIAN_POINT('',(4.028633923561,0.222692398539));
#4231 = CARTESIAN_POINT('',(4.039501585993,0.226473097875));
#4232 = CARTESIAN_POINT('',(4.050229955292,0.230446878099));
#4233 = CARTESIAN_POINT('',(4.082783504222,0.243235980906));
#4234 = CARTESIAN_POINT('',(4.10413542332,0.252662782587));
#4235 = CARTESIAN_POINT('',(4.124843837537,0.262815671034));
#4236 = CARTESIAN_POINT('',(4.144896865302,0.27362617989));
#4237 = CARTESIAN_POINT('',(4.164295383937,0.285030002338));
#4238 = CARTESIAN_POINT('',(4.183050047981,0.296969250703));
#4239 = CARTESIAN_POINT('',(4.259599620988,0.349437832438));
#4240 = CARTESIAN_POINT('',(4.311373236919,0.394431371702));
#4241 = CARTESIAN_POINT('',(4.357379174998,0.442836927078));
#4242 = CARTESIAN_POINT('',(4.398431513527,0.49365135024));
#4243 = CARTESIAN_POINT('',(4.435280024861,0.546175401623));
#4244 = CARTESIAN_POINT('',(4.468568881984,0.600027464983));
#4245 = CARTESIAN_POINT('',(4.528669297344,0.70926880513));
#4246 = CARTESIAN_POINT('',(4.555513345499,0.764506098852));
#4247 = CARTESIAN_POINT('',(4.579876637609,0.820548898554));
#4248 = CARTESIAN_POINT('',(4.602113245566,0.877224515818));
#4249 = CARTESIAN_POINT('',(4.622501573217,0.934410299312));
#4250 = CARTESIAN_POINT('',(4.641273420103,0.992019420425));
#4251 = CARTESIAN_POINT('',(4.658618386377,1.0500006));
#4252 = ( GEOMETRIC_REPRESENTATION_CONTEXT(2) 
PARAMETRIC_REPRESENTATION_CONTEXT() REPRESENTATION_CONTEXT('2D SPACE',''
  ) );
#4253 = ORIENTED_EDGE('',*,*,#1855,.T.);
#4254 = ORIENTED_EDGE('',*,*,#4255,.T.);
#4255 = EDGE_CURVE('',#1856,#1392,#4256,.T.);
#4256 = SEAM_CURVE('',#4257,(#4261,#4268),.PCURVE_S1.);
#4257 = LINE('',#4258,#4259);
#4258 = CARTESIAN_POINT('',(11.8,19.6,64.));
#4259 = VECTOR('',#4260,1.);
#4260 = DIRECTION('',(0.,-1.,2.22044604925E-16));
#4261 = PCURVE('',#1412,#4262);
#4262 = DEFINITIONAL_REPRESENTATION('',(#4263),#4267);
#4263 = LINE('',#4264,#4265);
#4264 = CARTESIAN_POINT('',(0.,-0.));
#4265 = VECTOR('',#4266,1.);
#4266 = DIRECTION('',(0.,1.));
#4267 = ( GEOMETRIC_REPRESENTATION_CONTEXT(2) 
PARAMETRIC_REPRESENTATION_CONTEXT() REPRESENTATION_CONTEXT('2D SPACE',''
  ) );
#4268 = PCURVE('',#1412,#4269);
#4269 = DEFINITIONAL_REPRESENTATION('',(#4270),#4274);
#4270 = LINE('',#4271,#4272);
#4271 = CARTESIAN_POINT('',(6.28318530718,-0.));
#4272 = VECTOR('',#4273,1.);
#4273 = DIRECTION('',(0.,1.));
#4274 = ( GEOMETRIC_REPRESENTATION_CONTEXT(2) 
PARAMETRIC_REPRESENTATION_CONTEXT() REPRESENTATION_CONTEXT('2D SPACE',''
  ) );
#4275 = ORIENTED_EDGE('',*,*,#1391,.F.);
#4276 = ORIENTED_EDGE('',*,*,#3551,.F.);
#4277 = ORIENTED_EDGE('',*,*,#3522,.F.);
#4278 = ORIENTED_EDGE('',*,*,#3450,.T.);
#4279 = ORIENTED_EDGE('',*,*,#1424,.F.);
#4280 = ORIENTED_EDGE('',*,*,#4255,.F.);
#4281 = ORIENTED_EDGE('',*,*,#1883,.T.);
#4282 = ORIENTED_EDGE('',*,*,#4283,.T.);
#4283 = EDGE_CURVE('',#1746,#4284,#4286,.T.);
#4284 = VERTEX_POINT('',#4285);
#4285 = CARTESIAN_POINT('',(-8.387490685539,18.212509314461,55.7));
#4286 = SURFACE_CURVE('',#4287,(#4326,#4368),.PCURVE_S1.);
#4287 = B_SPLINE_CURVE_WITH_KNOTS('',7,(#4288,#4289,#4290,#4291,#4292,
    #4293,#4294,#4295,#4296,#4297,#4298,#4299,#4300,#4301,#4302,#4303,
    #4304,#4305,#4306,#4307,#4308,#4309,#4310,#4311,#4312,#4313,#4314,
    #4315,#4316,#4317,#4318,#4319,#4320,#4321,#4322,#4323,#4324,#4325),
  .UNSPECIFIED.,.F.,.F.,(8,6,6,6,6,6,8),(0.,0.296034857987,
    0.468286556366,0.547475182254,0.665983301638,0.754938074461,1.),
  .UNSPECIFIED.);
#4288 = CARTESIAN_POINT('',(-10.12907442243,18.6000006,57.946748696381)
  );
#4289 = CARTESIAN_POINT('',(-10.08047317366,18.521404371713,
    57.865422869788));
#4290 = CARTESIAN_POINT('',(-10.03036277725,18.443544960733,
    57.783301421472));
#4291 = CARTESIAN_POINT('',(-9.978494246079,18.366490177589,
    57.700065645925));
#4292 = CARTESIAN_POINT('',(-9.924613516495,18.290446772823,
    57.615425565486));
#4293 = CARTESIAN_POINT('',(-9.868373833305,18.215828534505,
    57.529009457345));
#4294 = CARTESIAN_POINT('',(-9.809390855763,18.143223475247,
    57.440411582828));
#4295 = CARTESIAN_POINT('',(-9.71030371845,18.033278878926,
    57.295211958383));
#4296 = CARTESIAN_POINT('',(-9.672679591885,17.993956541729,
    57.240812028368));
#4297 = CARTESIAN_POINT('',(-9.633664962835,17.955916304237,
    57.185167904333));
#4298 = CARTESIAN_POINT('',(-9.59306761304,17.91948987861,
    57.128084288981));
#4299 = CARTESIAN_POINT('',(-9.55071073378,17.885184073033,
    57.069406417975));
#4300 = CARTESIAN_POINT('',(-9.506404372812,17.853691077954,
    57.008982186724));
#4301 = CARTESIAN_POINT('',(-9.438512968995,17.813127469521,
    56.917927388746));
#4302 = CARTESIAN_POINT('',(-9.416680079362,17.80114396913,
    56.888857123781));
#4303 = CARTESIAN_POINT('',(-9.394384453389,17.790044191265,
    56.859390375691));
#4304 = CARTESIAN_POINT('',(-9.371624701876,17.779932342843,
    56.82953832047));
#4305 = CARTESIAN_POINT('',(-9.348409987608,17.770920329992,
    56.799326107902));
#4306 = CARTESIAN_POINT('',(-9.324763499766,17.763118729447,
    56.768796029867));
#4307 = CARTESIAN_POINT('',(-9.264760734869,17.746902249929,
    56.69194797984));
#4308 = CARTESIAN_POINT('',(-9.227850431649,17.740086506685,
    56.645224171406));
#4309 = CARTESIAN_POINT('',(-9.19027536292,17.73655395552,
    56.598234869496));
#4310 = CARTESIAN_POINT('',(-9.152288277277,17.736504685553,
    56.551314928727));
#4311 = CARTESIAN_POINT('',(-9.11414051984,17.739940901161,
    56.504775015115));
#4312 = CARTESIAN_POINT('',(-9.076107631976,17.746666271556,
    56.45893314659));
#4313 = CARTESIAN_POINT('',(-9.010301458973,17.763539232467,
    56.380525345174));
#4314 = CARTESIAN_POINT('',(-8.982293794803,17.77242572205,
    56.347450602497));
#4315 = CARTESIAN_POINT('',(-8.954572191979,17.782829082942,
    56.314999530989));
#4316 = CARTESIAN_POINT('',(-8.927184910175,17.794590706399,
    56.28321219009));
#4317 = CARTESIAN_POINT('',(-8.900159638843,17.807551938873,
    56.25210317197));
#4318 = CARTESIAN_POINT('',(-8.873507377005,17.821568937294,
    56.221668245132));
#4319 = CARTESIAN_POINT('',(-8.774805655148,17.877704024763,
    56.109831282541));
#4320 = CARTESIAN_POINT('',(-8.705445094849,17.925811217327,
    56.033029488789));
#4321 = CARTESIAN_POINT('',(-8.63841639242,17.97849633726,55.96031025678
    ));
#4322 = CARTESIAN_POINT('',(-8.573450602626,18.034275152585,
    55.891173493271));
#4323 = CARTESIAN_POINT('',(-8.510241613152,18.092132818472,
    55.825099630293));
#4324 = CARTESIAN_POINT('',(-8.448428913763,18.151571086237,
    55.761580580919));
#4325 = CARTESIAN_POINT('',(-8.387490685539,18.212509314461,55.7));
#4326 = PCURVE('',#1412,#4327);
#4327 = DEFINITIONAL_REPRESENTATION('',(#4328),#4367);
#4328 = B_SPLINE_CURVE_WITH_KNOTS('',7,(#4329,#4330,#4331,#4332,#4333,
    #4334,#4335,#4336,#4337,#4338,#4339,#4340,#4341,#4342,#4343,#4344,
    #4345,#4346,#4347,#4348,#4349,#4350,#4351,#4352,#4353,#4354,#4355,
    #4356,#4357,#4358,#4359,#4360,#4361,#4362,#4363,#4364,#4365,#4366),
  .UNSPECIFIED.,.F.,.F.,(8,6,6,6,6,6,8),(0.,0.296034857987,
    0.468286556366,0.547475182254,0.665983301638,0.754938074461,1.),
  .UNSPECIFIED.);
#4329 = CARTESIAN_POINT('',(3.680254049028,0.9999994));
#4330 = CARTESIAN_POINT('',(3.688282998486,1.078595628287));
#4331 = CARTESIAN_POINT('',(3.696435432579,1.156455039267));
#4332 = CARTESIAN_POINT('',(3.704746213548,1.233509822411));
#4333 = CARTESIAN_POINT('',(3.713248415984,1.309553227177));
#4334 = CARTESIAN_POINT('',(3.721985395912,1.384171465495));
#4335 = CARTESIAN_POINT('',(3.731004784546,1.456776524753));
#4336 = CARTESIAN_POINT('',(3.745902017428,1.566721121074));
#4337 = CARTESIAN_POINT('',(3.751507267135,1.606043458271));
#4338 = CARTESIAN_POINT('',(3.757266299879,1.644083695763));
#4339 = CARTESIAN_POINT('',(3.763202298011,1.68051012139));
#4340 = CARTESIAN_POINT('',(3.769334956193,1.714815926967));
#4341 = CARTESIAN_POINT('',(3.775684548375,1.746308922046));
#4342 = CARTESIAN_POINT('',(3.785309898441,1.786872530479));
#4343 = CARTESIAN_POINT('',(3.788390892803,1.79885603087));
#4344 = CARTESIAN_POINT('',(3.791522310155,1.809955808735));
#4345 = CARTESIAN_POINT('',(3.794703513569,1.820067657157));
#4346 = CARTESIAN_POINT('',(3.797932390202,1.829079670008));
#4347 = CARTESIAN_POINT('',(3.801204958738,1.836881270553));
#4348 = CARTESIAN_POINT('',(3.809467542218,1.853097750071));
#4349 = CARTESIAN_POINT('',(3.814513560408,1.859913493315));
#4350 = CARTESIAN_POINT('',(3.819612181897,1.86344604448));
#4351 = CARTESIAN_POINT('',(3.824728088654,1.863495314447));
#4352 = CARTESIAN_POINT('',(3.829827649872,1.860059098839));
#4353 = CARTESIAN_POINT('',(3.834875441498,1.853333728444));
#4354 = CARTESIAN_POINT('',(3.843550293514,1.836460767533));
#4355 = CARTESIAN_POINT('',(3.847223151355,1.82757427795));
#4356 = CARTESIAN_POINT('',(3.850840024127,1.817170917058));
#4357 = CARTESIAN_POINT('',(3.854395756378,1.805409293601));
#4358 = CARTESIAN_POINT('',(3.857887953413,1.792448061127));
#4359 = CARTESIAN_POINT('',(3.861316339506,1.778431062706));
#4360 = CARTESIAN_POINT('',(3.873957253395,1.722295975237));
#4361 = CARTESIAN_POINT('',(3.882726700985,1.674188782673));
#4362 = CARTESIAN_POINT('',(3.891107279403,1.62150366274));
#4363 = CARTESIAN_POINT('',(3.899146538798,1.565724847415));
#4364 = CARTESIAN_POINT('',(3.906895170006,1.507867181528));
#4365 = CARTESIAN_POINT('',(3.914406019368,1.448428913763));
#4366 = CARTESIAN_POINT('',(3.921747974576,1.387490685539));
#4367 = ( GEOMETRIC_REPRESENTATION_CONTEXT(2) 
PARAMETRIC_REPRESENTATION_CONTEXT() REPRESENTATION_CONTEXT('2D SPACE',''
  ) );
#4368 = PCURVE('',#1762,#4369);
#4369 = DEFINITIONAL_REPRESENTATION('',(#4370),#4409);
#4370 = B_SPLINE_CURVE_WITH_KNOTS('',7,(#4371,#4372,#4373,#4374,#4375,
    #4376,#4377,#4378,#4379,#4380,#4381,#4382,#4383,#4384,#4385,#4386,
    #4387,#4388,#4389,#4390,#4391,#4392,#4393,#4394,#4395,#4396,#4397,
    #4398,#4399,#4400,#4401,#4402,#4403,#4404,#4405,#4406,#4407,#4408),
  .UNSPECIFIED.,.F.,.F.,(8,6,6,6,6,6,8),(0.,0.296034857987,
    0.468286556366,0.547475182254,0.665983301638,0.754938074461,1.),
  .UNSPECIFIED.);
#4371 = CARTESIAN_POINT('',(4.766159574392,1.0500006));
#4372 = CARTESIAN_POINT('',(4.789671495655,0.971404371713));
#4373 = CARTESIAN_POINT('',(4.815788330098,0.893544960733));
#4374 = CARTESIAN_POINT('',(4.845001037201,0.816490177589));
#4375 = CARTESIAN_POINT('',(4.877914263849,0.740446772823));
#4376 = CARTESIAN_POINT('',(4.915354497136,0.665828534505));
#4377 = CARTESIAN_POINT('',(4.958355743376,0.593223475247));
#4378 = CARTESIAN_POINT('',(5.037928903284,0.483278878926));
#4379 = CARTESIAN_POINT('',(5.069621295216,0.443956541729));
#4380 = CARTESIAN_POINT('',(5.104099305555,0.405916304237));
#4381 = CARTESIAN_POINT('',(5.141743315259,0.36948987861));
#4382 = CARTESIAN_POINT('',(5.182943866798,0.335184073034));
#4383 = CARTESIAN_POINT('',(5.228053214411,0.303691077954));
#4384 = CARTESIAN_POINT('',(5.299933773141,0.263127469521));
#4385 = CARTESIAN_POINT('',(5.323430002147,0.25114396913));
#4386 = CARTESIAN_POINT('',(5.347791087203,0.240044191266));
#4387 = CARTESIAN_POINT('',(5.373003355605,0.229932342843));
#4388 = CARTESIAN_POINT('',(5.399025964982,0.220920329992));
#4389 = CARTESIAN_POINT('',(5.425783981573,0.213118729447));
#4390 = CARTESIAN_POINT('',(5.494132367655,0.196902249929));
#4391 = CARTESIAN_POINT('',(5.536573220328,0.190086506685));
#4392 = CARTESIAN_POINT('',(5.579953110669,0.186553955521));
#4393 = CARTESIAN_POINT('',(5.623660639917,0.186504685553));
#4394 = CARTESIAN_POINT('',(5.66705656105,0.189940901161));
#4395 = CARTESIAN_POINT('',(5.709526993511,0.196666271556));
#4396 = CARTESIAN_POINT('',(5.781320160913,0.213539232467));
#4397 = CARTESIAN_POINT('',(5.811325009175,0.22242572205));
#4398 = CARTESIAN_POINT('',(5.840387259083,0.232829082942));
#4399 = CARTESIAN_POINT('',(5.868407540226,0.244590706399));
#4400 = CARTESIAN_POINT('',(5.895338578914,0.257551938873));
#4401 = CARTESIAN_POINT('',(5.921172988258,0.271568937294));
#4402 = CARTESIAN_POINT('',(6.014139806566,0.327704024763));
#4403 = CARTESIAN_POINT('',(6.073924800915,0.375811217327));
#4404 = CARTESIAN_POINT('',(6.126355156365,0.42849633726));
#4405 = CARTESIAN_POINT('',(6.172532893528,0.484275152585));
#4406 = CARTESIAN_POINT('',(6.213493912317,0.542132818472));
#4407 = CARTESIAN_POINT('',(6.25012207338,0.601571086237));
#4408 = CARTESIAN_POINT('',(6.28318530718,0.662509314461));
#4409 = ( GEOMETRIC_REPRESENTATION_CONTEXT(2) 
PARAMETRIC_REPRESENTATION_CONTEXT() REPRESENTATION_CONTEXT('2D SPACE',''
  ) );
#4410 = ORIENTED_EDGE('',*,*,#4411,.T.);
#4411 = EDGE_CURVE('',#4284,#1744,#4412,.T.);
#4412 = SURFACE_CURVE('',#4413,(#4421,#4432),.PCURVE_S1.);
#4413 = B_SPLINE_CURVE_WITH_KNOTS('',6,(#4414,#4415,#4416,#4417,#4418,
    #4419,#4420),.UNSPECIFIED.,.F.,.F.,(7,7),(0.,1.),
  .PIECEWISE_BEZIER_KNOTS.);
#4414 = CARTESIAN_POINT('',(-8.387490685539,18.212509314461,55.7));
#4415 = CARTESIAN_POINT('',(-8.325374216921,18.274625783079,
    55.637228758801));
#4416 = CARTESIAN_POINT('',(-8.264408318291,18.338129831884,
    55.576747638119));
#4417 = CARTESIAN_POINT('',(-8.204270354657,18.402619425888,
    55.51811461019));
#4418 = CARTESIAN_POINT('',(-8.144788903456,18.467856118318,
    55.461089231339));
#4419 = CARTESIAN_POINT('',(-8.085815259066,18.533678554232,
    55.405467844898));
#4420 = CARTESIAN_POINT('',(-8.02721808457,18.6000006,55.35108273697));
#4421 = PCURVE('',#1412,#4422);
#4422 = DEFINITIONAL_REPRESENTATION('',(#4423),#4431);
#4423 = B_SPLINE_CURVE_WITH_KNOTS('',6,(#4424,#4425,#4426,#4427,#4428,
    #4429,#4430),.UNSPECIFIED.,.F.,.F.,(7,7),(0.,1.),
  .PIECEWISE_BEZIER_KNOTS.);
#4424 = CARTESIAN_POINT('',(3.921747974576,1.387490685539));
#4425 = CARTESIAN_POINT('',(3.929231886457,1.325374216921));
#4426 = CARTESIAN_POINT('',(3.936509262544,1.261870168116));
#4427 = CARTESIAN_POINT('',(3.943626713399,1.197380574112));
#4428 = CARTESIAN_POINT('',(3.950609497975,1.132143881682));
#4429 = CARTESIAN_POINT('',(3.957479242591,1.066321445768));
#4430 = CARTESIAN_POINT('',(3.964254330468,0.9999994));
#4431 = ( GEOMETRIC_REPRESENTATION_CONTEXT(2) 
PARAMETRIC_REPRESENTATION_CONTEXT() REPRESENTATION_CONTEXT('2D SPACE',''
  ) );
#4432 = PCURVE('',#1762,#4433);
#4433 = DEFINITIONAL_REPRESENTATION('',(#4434),#4442);
#4434 = B_SPLINE_CURVE_WITH_KNOTS('',6,(#4435,#4436,#4437,#4438,#4439,
    #4440,#4441),.UNSPECIFIED.,.F.,.F.,(7,7),(0.,1.),
  .PIECEWISE_BEZIER_KNOTS.);
#4435 = CARTESIAN_POINT('',(-3.552713678801E-15,0.662509314461));
#4436 = CARTESIAN_POINT('',(3.370251129014E-02,0.724625783079));
#4437 = CARTESIAN_POINT('',(6.347793211514E-02,0.788129831885));
#4438 = CARTESIAN_POINT('',(9.01080106249E-02,0.852619425888));
#4439 = CARTESIAN_POINT('',(0.114101849642,0.917856118318));
#4440 = CARTESIAN_POINT('',(0.135862538979,0.983678554232));
#4441 = CARTESIAN_POINT('',(0.155702660472,1.0500006));
#4442 = ( GEOMETRIC_REPRESENTATION_CONTEXT(2) 
PARAMETRIC_REPRESENTATION_CONTEXT() REPRESENTATION_CONTEXT('2D SPACE',''
  ) );
#4443 = ORIENTED_EDGE('',*,*,#1774,.T.);
#4444 = ADVANCED_FACE('',(#4445),#1522,.F.);
#4445 = FACE_BOUND('',#4446,.F.);
#4446 = EDGE_LOOP('',(#4447,#4471,#4492,#4493));
#4447 = ORIENTED_EDGE('',*,*,#4448,.F.);
#4448 = EDGE_CURVE('',#4449,#4449,#4451,.T.);
#4449 = VERTEX_POINT('',#4450);
#4450 = CARTESIAN_POINT('',(-9.05,17.55,35.));
#4451 = SURFACE_CURVE('',#4452,(#4457,#4464),.PCURVE_S1.);
#4452 = CIRCLE('',#4453,1.2);
#4453 = AXIS2_PLACEMENT_3D('',#4454,#4455,#4456);
#4454 = CARTESIAN_POINT('',(-10.25,17.55,35.));
#4455 = DIRECTION('',(-0.,1.,2.22044604925E-16));
#4456 = DIRECTION('',(1.,0.,0.));
#4457 = PCURVE('',#1522,#4458);
#4458 = DEFINITIONAL_REPRESENTATION('',(#4459),#4463);
#4459 = LINE('',#4460,#4461);
#4460 = CARTESIAN_POINT('',(6.28318530718,3.05));
#4461 = VECTOR('',#4462,1.);
#4462 = DIRECTION('',(-1.,0.));
#4463 = ( GEOMETRIC_REPRESENTATION_CONTEXT(2) 
PARAMETRIC_REPRESENTATION_CONTEXT() REPRESENTATION_CONTEXT('2D SPACE',''
  ) );
#4464 = PCURVE('',#1928,#4465);
#4465 = DEFINITIONAL_REPRESENTATION('',(#4466),#4470);
#4466 = LINE('',#4467,#4468);
#4467 = CARTESIAN_POINT('',(0.,0.));
#4468 = VECTOR('',#4469,1.);
#4469 = DIRECTION('',(1.,0.));
#4470 = ( GEOMETRIC_REPRESENTATION_CONTEXT(2) 
PARAMETRIC_REPRESENTATION_CONTEXT() REPRESENTATION_CONTEXT('2D SPACE',''
  ) );
#4471 = ORIENTED_EDGE('',*,*,#4472,.T.);
#4472 = EDGE_CURVE('',#4449,#1502,#4473,.T.);
#4473 = SEAM_CURVE('',#4474,(#4478,#4485),.PCURVE_S1.);
#4474 = LINE('',#4475,#4476);
#4475 = CARTESIAN_POINT('',(-9.05,20.6,35.));
#4476 = VECTOR('',#4477,1.);
#4477 = DIRECTION('',(0.,-1.,2.22044604925E-16));
#4478 = PCURVE('',#1522,#4479);
#4479 = DEFINITIONAL_REPRESENTATION('',(#4480),#4484);
#4480 = LINE('',#4481,#4482);
#4481 = CARTESIAN_POINT('',(0.,-0.));
#4482 = VECTOR('',#4483,1.);
#4483 = DIRECTION('',(0.,1.));
#4484 = ( GEOMETRIC_REPRESENTATION_CONTEXT(2) 
PARAMETRIC_REPRESENTATION_CONTEXT() REPRESENTATION_CONTEXT('2D SPACE',''
  ) );
#4485 = PCURVE('',#1522,#4486);
#4486 = DEFINITIONAL_REPRESENTATION('',(#4487),#4491);
#4487 = LINE('',#4488,#4489);
#4488 = CARTESIAN_POINT('',(6.28318530718,-0.));
#4489 = VECTOR('',#4490,1.);
#4490 = DIRECTION('',(0.,1.));
#4491 = ( GEOMETRIC_REPRESENTATION_CONTEXT(2) 
PARAMETRIC_REPRESENTATION_CONTEXT() REPRESENTATION_CONTEXT('2D SPACE',''
  ) );
#4492 = ORIENTED_EDGE('',*,*,#1501,.F.);
#4493 = ORIENTED_EDGE('',*,*,#4472,.F.);
#4494 = ADVANCED_FACE('',(#4495),#1557,.F.);
#4495 = FACE_BOUND('',#4496,.F.);
#4496 = EDGE_LOOP('',(#4497,#4521,#4542,#4543));
#4497 = ORIENTED_EDGE('',*,*,#4498,.F.);
#4498 = EDGE_CURVE('',#4499,#4499,#4501,.T.);
#4499 = VERTEX_POINT('',#4500);
#4500 = CARTESIAN_POINT('',(-9.05,17.55,55.7));
#4501 = SURFACE_CURVE('',#4502,(#4507,#4514),.PCURVE_S1.);
#4502 = CIRCLE('',#4503,1.2);
#4503 = AXIS2_PLACEMENT_3D('',#4504,#4505,#4506);
#4504 = CARTESIAN_POINT('',(-10.25,17.55,55.7));
#4505 = DIRECTION('',(-0.,1.,2.22044604925E-16));
#4506 = DIRECTION('',(1.,0.,0.));
#4507 = PCURVE('',#1557,#4508);
#4508 = DEFINITIONAL_REPRESENTATION('',(#4509),#4513);
#4509 = LINE('',#4510,#4511);
#4510 = CARTESIAN_POINT('',(6.28318530718,3.05));
#4511 = VECTOR('',#4512,1.);
#4512 = DIRECTION('',(-1.,0.));
#4513 = ( GEOMETRIC_REPRESENTATION_CONTEXT(2) 
PARAMETRIC_REPRESENTATION_CONTEXT() REPRESENTATION_CONTEXT('2D SPACE',''
  ) );
#4514 = PCURVE('',#1762,#4515);
#4515 = DEFINITIONAL_REPRESENTATION('',(#4516),#4520);
#4516 = LINE('',#4517,#4518);
#4517 = CARTESIAN_POINT('',(0.,0.));
#4518 = VECTOR('',#4519,1.);
#4519 = DIRECTION('',(1.,0.));
#4520 = ( GEOMETRIC_REPRESENTATION_CONTEXT(2) 
PARAMETRIC_REPRESENTATION_CONTEXT() REPRESENTATION_CONTEXT('2D SPACE',''
  ) );
#4521 = ORIENTED_EDGE('',*,*,#4522,.T.);
#4522 = EDGE_CURVE('',#4499,#1537,#4523,.T.);
#4523 = SEAM_CURVE('',#4524,(#4528,#4535),.PCURVE_S1.);
#4524 = LINE('',#4525,#4526);
#4525 = CARTESIAN_POINT('',(-9.05,20.6,55.7));
#4526 = VECTOR('',#4527,1.);
#4527 = DIRECTION('',(0.,-1.,2.22044604925E-16));
#4528 = PCURVE('',#1557,#4529);
#4529 = DEFINITIONAL_REPRESENTATION('',(#4530),#4534);
#4530 = LINE('',#4531,#4532);
#4531 = CARTESIAN_POINT('',(0.,-0.));
#4532 = VECTOR('',#4533,1.);
#4533 = DIRECTION('',(0.,1.));
#4534 = ( GEOMETRIC_REPRESENTATION_CONTEXT(2) 
PARAMETRIC_REPRESENTATION_CONTEXT() REPRESENTATION_CONTEXT('2D SPACE',''
  ) );
#4535 = PCURVE('',#1557,#4536);
#4536 = DEFINITIONAL_REPRESENTATION('',(#4537),#4541);
#4537 = LINE('',#4538,#4539);
#4538 = CARTESIAN_POINT('',(6.28318530718,-0.));
#4539 = VECTOR('',#4540,1.);
#4540 = DIRECTION('',(0.,1.));
#4541 = ( GEOMETRIC_REPRESENTATION_CONTEXT(2) 
PARAMETRIC_REPRESENTATION_CONTEXT() REPRESENTATION_CONTEXT('2D SPACE',''
  ) );
#4542 = ORIENTED_EDGE('',*,*,#1536,.F.);
#4543 = ORIENTED_EDGE('',*,*,#4522,.F.);
#4544 = ADVANCED_FACE('',(#4545),#1592,.F.);
#4545 = FACE_BOUND('',#4546,.F.);
#4546 = EDGE_LOOP('',(#4547,#4571,#4592,#4593));
#4547 = ORIENTED_EDGE('',*,*,#4548,.F.);
#4548 = EDGE_CURVE('',#4549,#4549,#4551,.T.);
#4549 = VERTEX_POINT('',#4550);
#4550 = CARTESIAN_POINT('',(11.45,17.55,35.));
#4551 = SURFACE_CURVE('',#4552,(#4557,#4564),.PCURVE_S1.);
#4552 = CIRCLE('',#4553,1.2);
#4553 = AXIS2_PLACEMENT_3D('',#4554,#4555,#4556);
#4554 = CARTESIAN_POINT('',(10.25,17.55,35.));
#4555 = DIRECTION('',(-0.,1.,2.22044604925E-16));
#4556 = DIRECTION('',(1.,0.,0.));
#4557 = PCURVE('',#1592,#4558);
#4558 = DEFINITIONAL_REPRESENTATION('',(#4559),#4563);
#4559 = LINE('',#4560,#4561);
#4560 = CARTESIAN_POINT('',(6.28318530718,3.05));
#4561 = VECTOR('',#4562,1.);
#4562 = DIRECTION('',(-1.,0.));
#4563 = ( GEOMETRIC_REPRESENTATION_CONTEXT(2) 
PARAMETRIC_REPRESENTATION_CONTEXT() REPRESENTATION_CONTEXT('2D SPACE',''
  ) );
#4564 = PCURVE('',#1959,#4565);
#4565 = DEFINITIONAL_REPRESENTATION('',(#4566),#4570);
#4566 = LINE('',#4567,#4568);
#4567 = CARTESIAN_POINT('',(0.,0.));
#4568 = VECTOR('',#4569,1.);
#4569 = DIRECTION('',(1.,0.));
#4570 = ( GEOMETRIC_REPRESENTATION_CONTEXT(2) 
PARAMETRIC_REPRESENTATION_CONTEXT() REPRESENTATION_CONTEXT('2D SPACE',''
  ) );
#4571 = ORIENTED_EDGE('',*,*,#4572,.T.);
#4572 = EDGE_CURVE('',#4549,#1572,#4573,.T.);
#4573 = SEAM_CURVE('',#4574,(#4578,#4585),.PCURVE_S1.);
#4574 = LINE('',#4575,#4576);
#4575 = CARTESIAN_POINT('',(11.45,20.6,35.));
#4576 = VECTOR('',#4577,1.);
#4577 = DIRECTION('',(0.,-1.,2.22044604925E-16));
#4578 = PCURVE('',#1592,#4579);
#4579 = DEFINITIONAL_REPRESENTATION('',(#4580),#4584);
#4580 = LINE('',#4581,#4582);
#4581 = CARTESIAN_POINT('',(0.,-0.));
#4582 = VECTOR('',#4583,1.);
#4583 = DIRECTION('',(0.,1.));
#4584 = ( GEOMETRIC_REPRESENTATION_CONTEXT(2) 
PARAMETRIC_REPRESENTATION_CONTEXT() REPRESENTATION_CONTEXT('2D SPACE',''
  ) );
#4585 = PCURVE('',#1592,#4586);
#4586 = DEFINITIONAL_REPRESENTATION('',(#4587),#4591);
#4587 = LINE('',#4588,#4589);
#4588 = CARTESIAN_POINT('',(6.28318530718,-0.));
#4589 = VECTOR('',#4590,1.);
#4590 = DIRECTION('',(0.,1.));
#4591 = ( GEOMETRIC_REPRESENTATION_CONTEXT(2) 
PARAMETRIC_REPRESENTATION_CONTEXT() REPRESENTATION_CONTEXT('2D SPACE',''
  ) );
#4592 = ORIENTED_EDGE('',*,*,#1571,.F.);
#4593 = ORIENTED_EDGE('',*,*,#4572,.F.);
#4594 = ADVANCED_FACE('',(#4595),#1627,.F.);
#4595 = FACE_BOUND('',#4596,.F.);
#4596 = EDGE_LOOP('',(#4597,#4621,#4642,#4643));
#4597 = ORIENTED_EDGE('',*,*,#4598,.F.);
#4598 = EDGE_CURVE('',#4599,#4599,#4601,.T.);
#4599 = VERTEX_POINT('',#4600);
#4600 = CARTESIAN_POINT('',(11.45,17.55,55.7));
#4601 = SURFACE_CURVE('',#4602,(#4607,#4614),.PCURVE_S1.);
#4602 = CIRCLE('',#4603,1.2);
#4603 = AXIS2_PLACEMENT_3D('',#4604,#4605,#4606);
#4604 = CARTESIAN_POINT('',(10.25,17.55,55.7));
#4605 = DIRECTION('',(-0.,1.,2.22044604925E-16));
#4606 = DIRECTION('',(1.,0.,0.));
#4607 = PCURVE('',#1627,#4608);
#4608 = DEFINITIONAL_REPRESENTATION('',(#4609),#4613);
#4609 = LINE('',#4610,#4611);
#4610 = CARTESIAN_POINT('',(6.28318530718,3.05));
#4611 = VECTOR('',#4612,1.);
#4612 = DIRECTION('',(-1.,0.));
#4613 = ( GEOMETRIC_REPRESENTATION_CONTEXT(2) 
PARAMETRIC_REPRESENTATION_CONTEXT() REPRESENTATION_CONTEXT('2D SPACE',''
  ) );
#4614 = PCURVE('',#1819,#4615);
#4615 = DEFINITIONAL_REPRESENTATION('',(#4616),#4620);
#4616 = LINE('',#4617,#4618);
#4617 = CARTESIAN_POINT('',(0.,0.));
#4618 = VECTOR('',#4619,1.);
#4619 = DIRECTION('',(1.,0.));
#4620 = ( GEOMETRIC_REPRESENTATION_CONTEXT(2) 
PARAMETRIC_REPRESENTATION_CONTEXT() REPRESENTATION_CONTEXT('2D SPACE',''
  ) );
#4621 = ORIENTED_EDGE('',*,*,#4622,.T.);
#4622 = EDGE_CURVE('',#4599,#1607,#4623,.T.);
#4623 = SEAM_CURVE('',#4624,(#4628,#4635),.PCURVE_S1.);
#4624 = LINE('',#4625,#4626);
#4625 = CARTESIAN_POINT('',(11.45,20.6,55.7));
#4626 = VECTOR('',#4627,1.);
#4627 = DIRECTION('',(0.,-1.,2.22044604925E-16));
#4628 = PCURVE('',#1627,#4629);
#4629 = DEFINITIONAL_REPRESENTATION('',(#4630),#4634);
#4630 = LINE('',#4631,#4632);
#4631 = CARTESIAN_POINT('',(0.,-0.));
#4632 = VECTOR('',#4633,1.);
#4633 = DIRECTION('',(0.,1.));
#4634 = ( GEOMETRIC_REPRESENTATION_CONTEXT(2) 
PARAMETRIC_REPRESENTATION_CONTEXT() REPRESENTATION_CONTEXT('2D SPACE',''
  ) );
#4635 = PCURVE('',#1627,#4636);
#4636 = DEFINITIONAL_REPRESENTATION('',(#4637),#4641);
#4637 = LINE('',#4638,#4639);
#4638 = CARTESIAN_POINT('',(6.28318530718,-0.));
#4639 = VECTOR('',#4640,1.);
#4640 = DIRECTION('',(0.,1.));
#4641 = ( GEOMETRIC_REPRESENTATION_CONTEXT(2) 
PARAMETRIC_REPRESENTATION_CONTEXT() REPRESENTATION_CONTEXT('2D SPACE',''
  ) );
#4642 = ORIENTED_EDGE('',*,*,#1606,.F.);
#4643 = ORIENTED_EDGE('',*,*,#4622,.F.);
#4644 = ADVANCED_FACE('',(#4645),#1762,.F.);
#4645 = FACE_BOUND('',#4646,.F.);
#4646 = EDGE_LOOP('',(#4647,#4648,#4669,#4670,#4671,#4672));
#4647 = ORIENTED_EDGE('',*,*,#4411,.F.);
#4648 = ORIENTED_EDGE('',*,*,#4649,.F.);
#4649 = EDGE_CURVE('',#4499,#4284,#4650,.T.);
#4650 = SEAM_CURVE('',#4651,(#4655,#4662),.PCURVE_S1.);
#4651 = LINE('',#4652,#4653);
#4652 = CARTESIAN_POINT('',(-9.05,17.55,55.7));
#4653 = VECTOR('',#4654,1.);
#4654 = DIRECTION('',(0.707106781187,0.707106781187,3.302004571155E-16)
  );
#4655 = PCURVE('',#1762,#4656);
#4656 = DEFINITIONAL_REPRESENTATION('',(#4657),#4661);
#4657 = LINE('',#4658,#4659);
#4658 = CARTESIAN_POINT('',(6.28318530718,-0.));
#4659 = VECTOR('',#4660,1.);
#4660 = DIRECTION('',(0.,1.));
#4661 = ( GEOMETRIC_REPRESENTATION_CONTEXT(2) 
PARAMETRIC_REPRESENTATION_CONTEXT() REPRESENTATION_CONTEXT('2D SPACE',''
  ) );
#4662 = PCURVE('',#1762,#4663);
#4663 = DEFINITIONAL_REPRESENTATION('',(#4664),#4668);
#4664 = LINE('',#4665,#4666);
#4665 = CARTESIAN_POINT('',(0.,-0.));
#4666 = VECTOR('',#4667,1.);
#4667 = DIRECTION('',(0.,1.));
#4668 = ( GEOMETRIC_REPRESENTATION_CONTEXT(2) 
PARAMETRIC_REPRESENTATION_CONTEXT() REPRESENTATION_CONTEXT('2D SPACE',''
  ) );
#4669 = ORIENTED_EDGE('',*,*,#4498,.T.);
#4670 = ORIENTED_EDGE('',*,*,#4649,.T.);
#4671 = ORIENTED_EDGE('',*,*,#4283,.F.);
#4672 = ORIENTED_EDGE('',*,*,#1743,.F.);
#4673 = ADVANCED_FACE('',(#4674),#1819,.F.);
#4674 = FACE_BOUND('',#4675,.F.);
#4675 = EDGE_LOOP('',(#4676,#4677,#4698,#4699,#4700,#4701));
#4676 = ORIENTED_EDGE('',*,*,#1802,.F.);
#4677 = ORIENTED_EDGE('',*,*,#4678,.F.);
#4678 = EDGE_CURVE('',#4599,#1803,#4679,.T.);
#4679 = SEAM_CURVE('',#4680,(#4684,#4691),.PCURVE_S1.);
#4680 = LINE('',#4681,#4682);
#4681 = CARTESIAN_POINT('',(11.45,17.55,55.7));
#4682 = VECTOR('',#4683,1.);
#4683 = DIRECTION('',(0.707106781187,0.707106781187,3.302004571155E-16)
  );
#4684 = PCURVE('',#1819,#4685);
#4685 = DEFINITIONAL_REPRESENTATION('',(#4686),#4690);
#4686 = LINE('',#4687,#4688);
#4687 = CARTESIAN_POINT('',(6.28318530718,-0.));
#4688 = VECTOR('',#4689,1.);
#4689 = DIRECTION('',(0.,1.));
#4690 = ( GEOMETRIC_REPRESENTATION_CONTEXT(2) 
PARAMETRIC_REPRESENTATION_CONTEXT() REPRESENTATION_CONTEXT('2D SPACE',''
  ) );
#4691 = PCURVE('',#1819,#4692);
#4692 = DEFINITIONAL_REPRESENTATION('',(#4693),#4697);
#4693 = LINE('',#4694,#4695);
#4694 = CARTESIAN_POINT('',(0.,-0.));
#4695 = VECTOR('',#4696,1.);
#4696 = DIRECTION('',(0.,1.));
#4697 = ( GEOMETRIC_REPRESENTATION_CONTEXT(2) 
PARAMETRIC_REPRESENTATION_CONTEXT() REPRESENTATION_CONTEXT('2D SPACE',''
  ) );
#4698 = ORIENTED_EDGE('',*,*,#4598,.T.);
#4699 = ORIENTED_EDGE('',*,*,#4678,.T.);
#4700 = ORIENTED_EDGE('',*,*,#1831,.F.);
#4701 = ORIENTED_EDGE('',*,*,#4056,.F.);
#4702 = ADVANCED_FACE('',(#4703),#1928,.F.);
#4703 = FACE_BOUND('',#4704,.F.);
#4704 = EDGE_LOOP('',(#4705,#4706,#4727,#4728));
#4705 = ORIENTED_EDGE('',*,*,#1911,.F.);
#4706 = ORIENTED_EDGE('',*,*,#4707,.F.);
#4707 = EDGE_CURVE('',#4449,#1912,#4708,.T.);
#4708 = SEAM_CURVE('',#4709,(#4713,#4720),.PCURVE_S1.);
#4709 = LINE('',#4710,#4711);
#4710 = CARTESIAN_POINT('',(-9.05,17.55,35.));
#4711 = VECTOR('',#4712,1.);
#4712 = DIRECTION('',(0.707106781187,0.707106781187,3.302004571155E-16)
  );
#4713 = PCURVE('',#1928,#4714);
#4714 = DEFINITIONAL_REPRESENTATION('',(#4715),#4719);
#4715 = LINE('',#4716,#4717);
#4716 = CARTESIAN_POINT('',(6.28318530718,-0.));
#4717 = VECTOR('',#4718,1.);
#4718 = DIRECTION('',(0.,1.));
#4719 = ( GEOMETRIC_REPRESENTATION_CONTEXT(2) 
PARAMETRIC_REPRESENTATION_CONTEXT() REPRESENTATION_CONTEXT('2D SPACE',''
  ) );
#4720 = PCURVE('',#1928,#4721);
#4721 = DEFINITIONAL_REPRESENTATION('',(#4722),#4726);
#4722 = LINE('',#4723,#4724);
#4723 = CARTESIAN_POINT('',(0.,-0.));
#4724 = VECTOR('',#4725,1.);
#4725 = DIRECTION('',(0.,1.));
#4726 = ( GEOMETRIC_REPRESENTATION_CONTEXT(2) 
PARAMETRIC_REPRESENTATION_CONTEXT() REPRESENTATION_CONTEXT('2D SPACE',''
  ) );
#4727 = ORIENTED_EDGE('',*,*,#4448,.T.);
#4728 = ORIENTED_EDGE('',*,*,#4707,.T.);
#4729 = ADVANCED_FACE('',(#4730),#1959,.F.);
#4730 = FACE_BOUND('',#4731,.F.);
#4731 = EDGE_LOOP('',(#4732,#4733,#4754,#4755));
#4732 = ORIENTED_EDGE('',*,*,#1942,.F.);
#4733 = ORIENTED_EDGE('',*,*,#4734,.F.);
#4734 = EDGE_CURVE('',#4549,#1943,#4735,.T.);
#4735 = SEAM_CURVE('',#4736,(#4740,#4747),.PCURVE_S1.);
#4736 = LINE('',#4737,#4738);
#4737 = CARTESIAN_POINT('',(11.45,17.55,35.));
#4738 = VECTOR('',#4739,1.);
#4739 = DIRECTION('',(0.707106781187,0.707106781187,3.302004571155E-16)
  );
#4740 = PCURVE('',#1959,#4741);
#4741 = DEFINITIONAL_REPRESENTATION('',(#4742),#4746);
#4742 = LINE('',#4743,#4744);
#4743 = CARTESIAN_POINT('',(6.28318530718,-0.));
#4744 = VECTOR('',#4745,1.);
#4745 = DIRECTION('',(0.,1.));
#4746 = ( GEOMETRIC_REPRESENTATION_CONTEXT(2) 
PARAMETRIC_REPRESENTATION_CONTEXT() REPRESENTATION_CONTEXT('2D SPACE',''
  ) );
#4747 = PCURVE('',#1959,#4748);
#4748 = DEFINITIONAL_REPRESENTATION('',(#4749),#4753);
#4749 = LINE('',#4750,#4751);
#4750 = CARTESIAN_POINT('',(0.,-0.));
#4751 = VECTOR('',#4752,1.);
#4752 = DIRECTION('',(0.,1.));
#4753 = ( GEOMETRIC_REPRESENTATION_CONTEXT(2) 
PARAMETRIC_REPRESENTATION_CONTEXT() REPRESENTATION_CONTEXT('2D SPACE',''
  ) );
#4754 = ORIENTED_EDGE('',*,*,#4548,.T.);
#4755 = ORIENTED_EDGE('',*,*,#4734,.T.);
#4756 = ADVANCED_FACE('',(#4757),#2019,.T.);
#4757 = FACE_BOUND('',#4758,.T.);
#4758 = EDGE_LOOP('',(#4759,#4760,#4783,#4810,#4811,#4812,#4813,#4835,
    #4836,#4837,#4838,#4860,#4861,#4862,#4863,#4885,#4886,#4887,#4888,
    #4910));
#4759 = ORIENTED_EDGE('',*,*,#2000,.F.);
#4760 = ORIENTED_EDGE('',*,*,#4761,.F.);
#4761 = EDGE_CURVE('',#4762,#2001,#4764,.T.);
#4762 = VERTEX_POINT('',#4763);
#4763 = CARTESIAN_POINT('',(10.,-2.449293598295E-15,18.7));
#4764 = SEAM_CURVE('',#4765,(#4769,#4776),.PCURVE_S1.);
#4765 = LINE('',#4766,#4767);
#4766 = CARTESIAN_POINT('',(10.,-2.449293598295E-15,18.7));
#4767 = VECTOR('',#4768,1.);
#4768 = DIRECTION('',(0.,0.,1.));
#4769 = PCURVE('',#2019,#4770);
#4770 = DEFINITIONAL_REPRESENTATION('',(#4771),#4775);
#4771 = LINE('',#4772,#4773);
#4772 = CARTESIAN_POINT('',(6.28318530718,-0.));
#4773 = VECTOR('',#4774,1.);
#4774 = DIRECTION('',(0.,1.));
#4775 = ( GEOMETRIC_REPRESENTATION_CONTEXT(2) 
PARAMETRIC_REPRESENTATION_CONTEXT() REPRESENTATION_CONTEXT('2D SPACE',''
  ) );
#4776 = PCURVE('',#2019,#4777);
#4777 = DEFINITIONAL_REPRESENTATION('',(#4778),#4782);
#4778 = LINE('',#4779,#4780);
#4779 = CARTESIAN_POINT('',(0.,-0.));
#4780 = VECTOR('',#4781,1.);
#4781 = DIRECTION('',(0.,1.));
#4782 = ( GEOMETRIC_REPRESENTATION_CONTEXT(2) 
PARAMETRIC_REPRESENTATION_CONTEXT() REPRESENTATION_CONTEXT('2D SPACE',''
  ) );
#4783 = ORIENTED_EDGE('',*,*,#4784,.T.);
#4784 = EDGE_CURVE('',#4762,#4762,#4785,.T.);
#4785 = SURFACE_CURVE('',#4786,(#4791,#4798),.PCURVE_S1.);
#4786 = CIRCLE('',#4787,10.);
#4787 = AXIS2_PLACEMENT_3D('',#4788,#4789,#4790);
#4788 = CARTESIAN_POINT('',(0.,0.,18.7));
#4789 = DIRECTION('',(0.,0.,1.));
#4790 = DIRECTION('',(1.,0.,0.));
#4791 = PCURVE('',#2019,#4792);
#4792 = DEFINITIONAL_REPRESENTATION('',(#4793),#4797);
#4793 = LINE('',#4794,#4795);
#4794 = CARTESIAN_POINT('',(0.,0.));
#4795 = VECTOR('',#4796,1.);
#4796 = DIRECTION('',(1.,0.));
#4797 = ( GEOMETRIC_REPRESENTATION_CONTEXT(2) 
PARAMETRIC_REPRESENTATION_CONTEXT() REPRESENTATION_CONTEXT('2D SPACE',''
  ) );
#4798 = PCURVE('',#4799,#4804);
#4799 = PLANE('',#4800);
#4800 = AXIS2_PLACEMENT_3D('',#4801,#4802,#4803);
#4801 = CARTESIAN_POINT('',(0.,0.,18.7));
#4802 = DIRECTION('',(0.,0.,1.));
#4803 = DIRECTION('',(1.,0.,0.));
#4804 = DEFINITIONAL_REPRESENTATION('',(#4805),#4809);
#4805 = CIRCLE('',#4806,10.);
#4806 = AXIS2_PLACEMENT_2D('',#4807,#4808);
#4807 = CARTESIAN_POINT('',(0.,0.));
#4808 = DIRECTION('',(1.,0.));
#4809 = ( GEOMETRIC_REPRESENTATION_CONTEXT(2) 
PARAMETRIC_REPRESENTATION_CONTEXT() REPRESENTATION_CONTEXT('2D SPACE',''
  ) );
#4810 = ORIENTED_EDGE('',*,*,#4761,.T.);
#4811 = ORIENTED_EDGE('',*,*,#2031,.F.);
#4812 = ORIENTED_EDGE('',*,*,#3769,.F.);
#4813 = ORIENTED_EDGE('',*,*,#4814,.F.);
#4814 = EDGE_CURVE('',#3721,#3770,#4815,.T.);
#4815 = SURFACE_CURVE('',#4816,(#4821,#4828),.PCURVE_S1.);
#4816 = CIRCLE('',#4817,10.);
#4817 = AXIS2_PLACEMENT_3D('',#4818,#4819,#4820);
#4818 = CARTESIAN_POINT('',(0.,0.,21.7));
#4819 = DIRECTION('',(0.,0.,1.));
#4820 = DIRECTION('',(1.,0.,-0.));
#4821 = PCURVE('',#2019,#4822);
#4822 = DEFINITIONAL_REPRESENTATION('',(#4823),#4827);
#4823 = LINE('',#4824,#4825);
#4824 = CARTESIAN_POINT('',(0.,3.));
#4825 = VECTOR('',#4826,1.);
#4826 = DIRECTION('',(1.,0.));
#4827 = ( GEOMETRIC_REPRESENTATION_CONTEXT(2) 
PARAMETRIC_REPRESENTATION_CONTEXT() REPRESENTATION_CONTEXT('2D SPACE',''
  ) );
#4828 = PCURVE('',#3737,#4829);
#4829 = DEFINITIONAL_REPRESENTATION('',(#4830),#4834);
#4830 = CIRCLE('',#4831,10.);
#4831 = AXIS2_PLACEMENT_2D('',#4832,#4833);
#4832 = CARTESIAN_POINT('',(-4.95,4.95));
#4833 = DIRECTION('',(1.,0.));
#4834 = ( GEOMETRIC_REPRESENTATION_CONTEXT(2) 
PARAMETRIC_REPRESENTATION_CONTEXT() REPRESENTATION_CONTEXT('2D SPACE',''
  ) );
#4835 = ORIENTED_EDGE('',*,*,#3749,.T.);
#4836 = ORIENTED_EDGE('',*,*,#2079,.F.);
#4837 = ORIENTED_EDGE('',*,*,#3649,.F.);
#4838 = ORIENTED_EDGE('',*,*,#4839,.F.);
#4839 = EDGE_CURVE('',#3601,#3650,#4840,.T.);
#4840 = SURFACE_CURVE('',#4841,(#4846,#4853),.PCURVE_S1.);
#4841 = CIRCLE('',#4842,10.);
#4842 = AXIS2_PLACEMENT_3D('',#4843,#4844,#4845);
#4843 = CARTESIAN_POINT('',(0.,0.,21.7));
#4844 = DIRECTION('',(0.,0.,1.));
#4845 = DIRECTION('',(1.,0.,-0.));
#4846 = PCURVE('',#2019,#4847);
#4847 = DEFINITIONAL_REPRESENTATION('',(#4848),#4852);
#4848 = LINE('',#4849,#4850);
#4849 = CARTESIAN_POINT('',(0.,3.));
#4850 = VECTOR('',#4851,1.);
#4851 = DIRECTION('',(1.,0.));
#4852 = ( GEOMETRIC_REPRESENTATION_CONTEXT(2) 
PARAMETRIC_REPRESENTATION_CONTEXT() REPRESENTATION_CONTEXT('2D SPACE',''
  ) );
#4853 = PCURVE('',#3617,#4854);
#4854 = DEFINITIONAL_REPRESENTATION('',(#4855),#4859);
#4855 = CIRCLE('',#4856,10.);
#4856 = AXIS2_PLACEMENT_2D('',#4857,#4858);
#4857 = CARTESIAN_POINT('',(4.95,4.95));
#4858 = DIRECTION('',(1.,0.));
#4859 = ( GEOMETRIC_REPRESENTATION_CONTEXT(2) 
PARAMETRIC_REPRESENTATION_CONTEXT() REPRESENTATION_CONTEXT('2D SPACE',''
  ) );
#4860 = ORIENTED_EDGE('',*,*,#3629,.T.);
#4861 = ORIENTED_EDGE('',*,*,#2127,.F.);
#4862 = ORIENTED_EDGE('',*,*,#3889,.F.);
#4863 = ORIENTED_EDGE('',*,*,#4864,.F.);
#4864 = EDGE_CURVE('',#3841,#3890,#4865,.T.);
#4865 = SURFACE_CURVE('',#4866,(#4871,#4878),.PCURVE_S1.);
#4866 = CIRCLE('',#4867,10.);
#4867 = AXIS2_PLACEMENT_3D('',#4868,#4869,#4870);
#4868 = CARTESIAN_POINT('',(0.,0.,21.7));
#4869 = DIRECTION('',(0.,0.,1.));
#4870 = DIRECTION('',(1.,0.,-0.));
#4871 = PCURVE('',#2019,#4872);
#4872 = DEFINITIONAL_REPRESENTATION('',(#4873),#4877);
#4873 = LINE('',#4874,#4875);
#4874 = CARTESIAN_POINT('',(0.,3.));
#4875 = VECTOR('',#4876,1.);
#4876 = DIRECTION('',(1.,0.));
#4877 = ( GEOMETRIC_REPRESENTATION_CONTEXT(2) 
PARAMETRIC_REPRESENTATION_CONTEXT() REPRESENTATION_CONTEXT('2D SPACE',''
  ) );
#4878 = PCURVE('',#3857,#4879);
#4879 = DEFINITIONAL_REPRESENTATION('',(#4880),#4884);
#4880 = CIRCLE('',#4881,10.);
#4881 = AXIS2_PLACEMENT_2D('',#4882,#4883);
#4882 = CARTESIAN_POINT('',(4.95,-4.95));
#4883 = DIRECTION('',(1.,0.));
#4884 = ( GEOMETRIC_REPRESENTATION_CONTEXT(2) 
PARAMETRIC_REPRESENTATION_CONTEXT() REPRESENTATION_CONTEXT('2D SPACE',''
  ) );
#4885 = ORIENTED_EDGE('',*,*,#3869,.T.);
#4886 = ORIENTED_EDGE('',*,*,#2175,.F.);
#4887 = ORIENTED_EDGE('',*,*,#4009,.F.);
#4888 = ORIENTED_EDGE('',*,*,#4889,.F.);
#4889 = EDGE_CURVE('',#3961,#4010,#4890,.T.);
#4890 = SURFACE_CURVE('',#4891,(#4896,#4903),.PCURVE_S1.);
#4891 = CIRCLE('',#4892,10.);
#4892 = AXIS2_PLACEMENT_3D('',#4893,#4894,#4895);
#4893 = CARTESIAN_POINT('',(0.,0.,21.7));
#4894 = DIRECTION('',(0.,0.,1.));
#4895 = DIRECTION('',(1.,0.,-0.));
#4896 = PCURVE('',#2019,#4897);
#4897 = DEFINITIONAL_REPRESENTATION('',(#4898),#4902);
#4898 = LINE('',#4899,#4900);
#4899 = CARTESIAN_POINT('',(0.,3.));
#4900 = VECTOR('',#4901,1.);
#4901 = DIRECTION('',(1.,0.));
#4902 = ( GEOMETRIC_REPRESENTATION_CONTEXT(2) 
PARAMETRIC_REPRESENTATION_CONTEXT() REPRESENTATION_CONTEXT('2D SPACE',''
  ) );
#4903 = PCURVE('',#3977,#4904);
#4904 = DEFINITIONAL_REPRESENTATION('',(#4905),#4909);
#4905 = CIRCLE('',#4906,10.);
#4906 = AXIS2_PLACEMENT_2D('',#4907,#4908);
#4907 = CARTESIAN_POINT('',(-4.95,-4.95));
#4908 = DIRECTION('',(1.,0.));
#4909 = ( GEOMETRIC_REPRESENTATION_CONTEXT(2) 
PARAMETRIC_REPRESENTATION_CONTEXT() REPRESENTATION_CONTEXT('2D SPACE',''
  ) );
#4910 = ORIENTED_EDGE('',*,*,#3989,.T.);
#4911 = ADVANCED_FACE('',(#4912),#2308,.F.);
#4912 = FACE_BOUND('',#4913,.F.);
#4913 = EDGE_LOOP('',(#4914,#4915,#4916));
#4914 = ORIENTED_EDGE('',*,*,#3244,.F.);
#4915 = ORIENTED_EDGE('',*,*,#3291,.F.);
#4916 = ORIENTED_EDGE('',*,*,#2292,.T.);
#4917 = ADVANCED_FACE('',(#4918),#2862,.F.);
#4918 = FACE_BOUND('',#4919,.F.);
#4919 = EDGE_LOOP('',(#4920,#4921,#4922));
#4920 = ORIENTED_EDGE('',*,*,#2846,.T.);
#4921 = ORIENTED_EDGE('',*,*,#3397,.F.);
#4922 = ORIENTED_EDGE('',*,*,#3350,.F.);
#4923 = ADVANCED_FACE('',(#4924,#4929),#3617,.T.);
#4924 = FACE_BOUND('',#4925,.T.);
#4925 = EDGE_LOOP('',(#4926,#4927,#4928));
#4926 = ORIENTED_EDGE('',*,*,#3670,.T.);
#4927 = ORIENTED_EDGE('',*,*,#3600,.T.);
#4928 = ORIENTED_EDGE('',*,*,#4839,.T.);
#4929 = FACE_BOUND('',#4930,.T.);
#4930 = EDGE_LOOP('',(#4931));
#4931 = ORIENTED_EDGE('',*,*,#4932,.F.);
#4932 = EDGE_CURVE('',#4933,#4933,#4935,.T.);
#4933 = VERTEX_POINT('',#4934);
#4934 = CARTESIAN_POINT('',(-3.25,-4.95,21.7));
#4935 = SURFACE_CURVE('',#4936,(#4941,#4948),.PCURVE_S1.);
#4936 = CIRCLE('',#4937,1.7);
#4937 = AXIS2_PLACEMENT_3D('',#4938,#4939,#4940);
#4938 = CARTESIAN_POINT('',(-4.95,-4.95,21.7));
#4939 = DIRECTION('',(0.,0.,1.));
#4940 = DIRECTION('',(1.,0.,-0.));
#4941 = PCURVE('',#3617,#4942);
#4942 = DEFINITIONAL_REPRESENTATION('',(#4943),#4947);
#4943 = CIRCLE('',#4944,1.7);
#4944 = AXIS2_PLACEMENT_2D('',#4945,#4946);
#4945 = CARTESIAN_POINT('',(0.,0.));
#4946 = DIRECTION('',(1.,0.));
#4947 = ( GEOMETRIC_REPRESENTATION_CONTEXT(2) 
PARAMETRIC_REPRESENTATION_CONTEXT() REPRESENTATION_CONTEXT('2D SPACE',''
  ) );
#4948 = PCURVE('',#4949,#4954);
#4949 = CYLINDRICAL_SURFACE('',#4950,1.7);
#4950 = AXIS2_PLACEMENT_3D('',#4951,#4952,#4953);
#4951 = CARTESIAN_POINT('',(-4.95,-4.95,17.7));
#4952 = DIRECTION('',(0.,0.,1.));
#4953 = DIRECTION('',(1.,0.,0.));
#4954 = DEFINITIONAL_REPRESENTATION('',(#4955),#4959);
#4955 = LINE('',#4956,#4957);
#4956 = CARTESIAN_POINT('',(0.,4.));
#4957 = VECTOR('',#4958,1.);
#4958 = DIRECTION('',(1.,0.));
#4959 = ( GEOMETRIC_REPRESENTATION_CONTEXT(2) 
PARAMETRIC_REPRESENTATION_CONTEXT() REPRESENTATION_CONTEXT('2D SPACE',''
  ) );
#4960 = ADVANCED_FACE('',(#4961,#4966),#3737,.T.);
#4961 = FACE_BOUND('',#4962,.T.);
#4962 = EDGE_LOOP('',(#4963,#4964,#4965));
#4963 = ORIENTED_EDGE('',*,*,#3790,.T.);
#4964 = ORIENTED_EDGE('',*,*,#3720,.T.);
#4965 = ORIENTED_EDGE('',*,*,#4814,.T.);
#4966 = FACE_BOUND('',#4967,.T.);
#4967 = EDGE_LOOP('',(#4968));
#4968 = ORIENTED_EDGE('',*,*,#4969,.F.);
#4969 = EDGE_CURVE('',#4970,#4970,#4972,.T.);
#4970 = VERTEX_POINT('',#4971);
#4971 = CARTESIAN_POINT('',(6.65,-4.95,21.7));
#4972 = SURFACE_CURVE('',#4973,(#4978,#4985),.PCURVE_S1.);
#4973 = CIRCLE('',#4974,1.7);
#4974 = AXIS2_PLACEMENT_3D('',#4975,#4976,#4977);
#4975 = CARTESIAN_POINT('',(4.95,-4.95,21.7));
#4976 = DIRECTION('',(0.,0.,1.));
#4977 = DIRECTION('',(1.,0.,-0.));
#4978 = PCURVE('',#3737,#4979);
#4979 = DEFINITIONAL_REPRESENTATION('',(#4980),#4984);
#4980 = CIRCLE('',#4981,1.7);
#4981 = AXIS2_PLACEMENT_2D('',#4982,#4983);
#4982 = CARTESIAN_POINT('',(0.,0.));
#4983 = DIRECTION('',(1.,0.));
#4984 = ( GEOMETRIC_REPRESENTATION_CONTEXT(2) 
PARAMETRIC_REPRESENTATION_CONTEXT() REPRESENTATION_CONTEXT('2D SPACE',''
  ) );
#4985 = PCURVE('',#4986,#4991);
#4986 = CYLINDRICAL_SURFACE('',#4987,1.7);
#4987 = AXIS2_PLACEMENT_3D('',#4988,#4989,#4990);
#4988 = CARTESIAN_POINT('',(4.95,-4.95,17.7));
#4989 = DIRECTION('',(0.,0.,1.));
#4990 = DIRECTION('',(1.,0.,0.));
#4991 = DEFINITIONAL_REPRESENTATION('',(#4992),#4996);
#4992 = LINE('',#4993,#4994);
#4993 = CARTESIAN_POINT('',(0.,4.));
#4994 = VECTOR('',#4995,1.);
#4995 = DIRECTION('',(1.,0.));
#4996 = ( GEOMETRIC_REPRESENTATION_CONTEXT(2) 
PARAMETRIC_REPRESENTATION_CONTEXT() REPRESENTATION_CONTEXT('2D SPACE',''
  ) );
#4997 = ADVANCED_FACE('',(#4998,#5003),#3857,.T.);
#4998 = FACE_BOUND('',#4999,.T.);
#4999 = EDGE_LOOP('',(#5000,#5001,#5002));
#5000 = ORIENTED_EDGE('',*,*,#3910,.T.);
#5001 = ORIENTED_EDGE('',*,*,#3840,.T.);
#5002 = ORIENTED_EDGE('',*,*,#4864,.T.);
#5003 = FACE_BOUND('',#5004,.T.);
#5004 = EDGE_LOOP('',(#5005));
#5005 = ORIENTED_EDGE('',*,*,#5006,.F.);
#5006 = EDGE_CURVE('',#5007,#5007,#5009,.T.);
#5007 = VERTEX_POINT('',#5008);
#5008 = CARTESIAN_POINT('',(-3.25,4.95,21.7));
#5009 = SURFACE_CURVE('',#5010,(#5015,#5022),.PCURVE_S1.);
#5010 = CIRCLE('',#5011,1.7);
#5011 = AXIS2_PLACEMENT_3D('',#5012,#5013,#5014);
#5012 = CARTESIAN_POINT('',(-4.95,4.95,21.7));
#5013 = DIRECTION('',(0.,0.,1.));
#5014 = DIRECTION('',(1.,0.,-0.));
#5015 = PCURVE('',#3857,#5016);
#5016 = DEFINITIONAL_REPRESENTATION('',(#5017),#5021);
#5017 = CIRCLE('',#5018,1.7);
#5018 = AXIS2_PLACEMENT_2D('',#5019,#5020);
#5019 = CARTESIAN_POINT('',(0.,0.));
#5020 = DIRECTION('',(1.,0.));
#5021 = ( GEOMETRIC_REPRESENTATION_CONTEXT(2) 
PARAMETRIC_REPRESENTATION_CONTEXT() REPRESENTATION_CONTEXT('2D SPACE',''
  ) );
#5022 = PCURVE('',#5023,#5028);
#5023 = CYLINDRICAL_SURFACE('',#5024,1.7);
#5024 = AXIS2_PLACEMENT_3D('',#5025,#5026,#5027);
#5025 = CARTESIAN_POINT('',(-4.95,4.95,17.7));
#5026 = DIRECTION('',(0.,0.,1.));
#5027 = DIRECTION('',(1.,0.,0.));
#5028 = DEFINITIONAL_REPRESENTATION('',(#5029),#5033);
#5029 = LINE('',#5030,#5031);
#5030 = CARTESIAN_POINT('',(0.,4.));
#5031 = VECTOR('',#5032,1.);
#5032 = DIRECTION('',(1.,0.));
#5033 = ( GEOMETRIC_REPRESENTATION_CONTEXT(2) 
PARAMETRIC_REPRESENTATION_CONTEXT() REPRESENTATION_CONTEXT('2D SPACE',''
  ) );
#5034 = ADVANCED_FACE('',(#5035,#5040),#3977,.T.);
#5035 = FACE_BOUND('',#5036,.T.);
#5036 = EDGE_LOOP('',(#5037,#5038,#5039));
#5037 = ORIENTED_EDGE('',*,*,#4030,.T.);
#5038 = ORIENTED_EDGE('',*,*,#3960,.T.);
#5039 = ORIENTED_EDGE('',*,*,#4889,.T.);
#5040 = FACE_BOUND('',#5041,.T.);
#5041 = EDGE_LOOP('',(#5042));
#5042 = ORIENTED_EDGE('',*,*,#5043,.F.);
#5043 = EDGE_CURVE('',#5044,#5044,#5046,.T.);
#5044 = VERTEX_POINT('',#5045);
#5045 = CARTESIAN_POINT('',(6.65,4.95,21.7));
#5046 = SURFACE_CURVE('',#5047,(#5052,#5059),.PCURVE_S1.);
#5047 = CIRCLE('',#5048,1.7);
#5048 = AXIS2_PLACEMENT_3D('',#5049,#5050,#5051);
#5049 = CARTESIAN_POINT('',(4.95,4.95,21.7));
#5050 = DIRECTION('',(0.,0.,1.));
#5051 = DIRECTION('',(1.,0.,-0.));
#5052 = PCURVE('',#3977,#5053);
#5053 = DEFINITIONAL_REPRESENTATION('',(#5054),#5058);
#5054 = CIRCLE('',#5055,1.7);
#5055 = AXIS2_PLACEMENT_2D('',#5056,#5057);
#5056 = CARTESIAN_POINT('',(0.,0.));
#5057 = DIRECTION('',(1.,0.));
#5058 = ( GEOMETRIC_REPRESENTATION_CONTEXT(2) 
PARAMETRIC_REPRESENTATION_CONTEXT() REPRESENTATION_CONTEXT('2D SPACE',''
  ) );
#5059 = PCURVE('',#5060,#5065);
#5060 = CYLINDRICAL_SURFACE('',#5061,1.7);
#5061 = AXIS2_PLACEMENT_3D('',#5062,#5063,#5064);
#5062 = CARTESIAN_POINT('',(4.95,4.95,17.7));
#5063 = DIRECTION('',(0.,0.,1.));
#5064 = DIRECTION('',(1.,0.,0.));
#5065 = DEFINITIONAL_REPRESENTATION('',(#5066),#5070);
#5066 = LINE('',#5067,#5068);
#5067 = CARTESIAN_POINT('',(0.,4.));
#5068 = VECTOR('',#5069,1.);
#5069 = DIRECTION('',(1.,0.));
#5070 = ( GEOMETRIC_REPRESENTATION_CONTEXT(2) 
PARAMETRIC_REPRESENTATION_CONTEXT() REPRESENTATION_CONTEXT('2D SPACE',''
  ) );
#5071 = ADVANCED_FACE('',(#5072,#5075,#5101,#5127,#5153,#5184),#4799,.F.
  );
#5072 = FACE_BOUND('',#5073,.F.);
#5073 = EDGE_LOOP('',(#5074));
#5074 = ORIENTED_EDGE('',*,*,#4784,.T.);
#5075 = FACE_BOUND('',#5076,.F.);
#5076 = EDGE_LOOP('',(#5077));
#5077 = ORIENTED_EDGE('',*,*,#5078,.F.);
#5078 = EDGE_CURVE('',#5079,#5079,#5081,.T.);
#5079 = VERTEX_POINT('',#5080);
#5080 = CARTESIAN_POINT('',(-3.25,-4.95,18.7));
#5081 = SURFACE_CURVE('',#5082,(#5087,#5094),.PCURVE_S1.);
#5082 = CIRCLE('',#5083,1.7);
#5083 = AXIS2_PLACEMENT_3D('',#5084,#5085,#5086);
#5084 = CARTESIAN_POINT('',(-4.95,-4.95,18.7));
#5085 = DIRECTION('',(0.,0.,1.));
#5086 = DIRECTION('',(1.,0.,-0.));
#5087 = PCURVE('',#4799,#5088);
#5088 = DEFINITIONAL_REPRESENTATION('',(#5089),#5093);
#5089 = CIRCLE('',#5090,1.7);
#5090 = AXIS2_PLACEMENT_2D('',#5091,#5092);
#5091 = CARTESIAN_POINT('',(-4.95,-4.95));
#5092 = DIRECTION('',(1.,0.));
#5093 = ( GEOMETRIC_REPRESENTATION_CONTEXT(2) 
PARAMETRIC_REPRESENTATION_CONTEXT() REPRESENTATION_CONTEXT('2D SPACE',''
  ) );
#5094 = PCURVE('',#4949,#5095);
#5095 = DEFINITIONAL_REPRESENTATION('',(#5096),#5100);
#5096 = LINE('',#5097,#5098);
#5097 = CARTESIAN_POINT('',(0.,1.));
#5098 = VECTOR('',#5099,1.);
#5099 = DIRECTION('',(1.,0.));
#5100 = ( GEOMETRIC_REPRESENTATION_CONTEXT(2) 
PARAMETRIC_REPRESENTATION_CONTEXT() REPRESENTATION_CONTEXT('2D SPACE',''
  ) );
#5101 = FACE_BOUND('',#5102,.F.);
#5102 = EDGE_LOOP('',(#5103));
#5103 = ORIENTED_EDGE('',*,*,#5104,.F.);
#5104 = EDGE_CURVE('',#5105,#5105,#5107,.T.);
#5105 = VERTEX_POINT('',#5106);
#5106 = CARTESIAN_POINT('',(6.65,-4.95,18.7));
#5107 = SURFACE_CURVE('',#5108,(#5113,#5120),.PCURVE_S1.);
#5108 = CIRCLE('',#5109,1.7);
#5109 = AXIS2_PLACEMENT_3D('',#5110,#5111,#5112);
#5110 = CARTESIAN_POINT('',(4.95,-4.95,18.7));
#5111 = DIRECTION('',(0.,0.,1.));
#5112 = DIRECTION('',(1.,0.,-0.));
#5113 = PCURVE('',#4799,#5114);
#5114 = DEFINITIONAL_REPRESENTATION('',(#5115),#5119);
#5115 = CIRCLE('',#5116,1.7);
#5116 = AXIS2_PLACEMENT_2D('',#5117,#5118);
#5117 = CARTESIAN_POINT('',(4.95,-4.95));
#5118 = DIRECTION('',(1.,0.));
#5119 = ( GEOMETRIC_REPRESENTATION_CONTEXT(2) 
PARAMETRIC_REPRESENTATION_CONTEXT() REPRESENTATION_CONTEXT('2D SPACE',''
  ) );
#5120 = PCURVE('',#4986,#5121);
#5121 = DEFINITIONAL_REPRESENTATION('',(#5122),#5126);
#5122 = LINE('',#5123,#5124);
#5123 = CARTESIAN_POINT('',(0.,1.));
#5124 = VECTOR('',#5125,1.);
#5125 = DIRECTION('',(1.,0.));
#5126 = ( GEOMETRIC_REPRESENTATION_CONTEXT(2) 
PARAMETRIC_REPRESENTATION_CONTEXT() REPRESENTATION_CONTEXT('2D SPACE',''
  ) );
#5127 = FACE_BOUND('',#5128,.F.);
#5128 = EDGE_LOOP('',(#5129));
#5129 = ORIENTED_EDGE('',*,*,#5130,.F.);
#5130 = EDGE_CURVE('',#5131,#5131,#5133,.T.);
#5131 = VERTEX_POINT('',#5132);
#5132 = CARTESIAN_POINT('',(-3.25,4.95,18.7));
#5133 = SURFACE_CURVE('',#5134,(#5139,#5146),.PCURVE_S1.);
#5134 = CIRCLE('',#5135,1.7);
#5135 = AXIS2_PLACEMENT_3D('',#5136,#5137,#5138);
#5136 = CARTESIAN_POINT('',(-4.95,4.95,18.7));
#5137 = DIRECTION('',(0.,0.,1.));
#5138 = DIRECTION('',(1.,0.,-0.));
#5139 = PCURVE('',#4799,#5140);
#5140 = DEFINITIONAL_REPRESENTATION('',(#5141),#5145);
#5141 = CIRCLE('',#5142,1.7);
#5142 = AXIS2_PLACEMENT_2D('',#5143,#5144);
#5143 = CARTESIAN_POINT('',(-4.95,4.95));
#5144 = DIRECTION('',(1.,0.));
#5145 = ( GEOMETRIC_REPRESENTATION_CONTEXT(2) 
PARAMETRIC_REPRESENTATION_CONTEXT() REPRESENTATION_CONTEXT('2D SPACE',''
  ) );
#5146 = PCURVE('',#5023,#5147);
#5147 = DEFINITIONAL_REPRESENTATION('',(#5148),#5152);
#5148 = LINE('',#5149,#5150);
#5149 = CARTESIAN_POINT('',(0.,1.));
#5150 = VECTOR('',#5151,1.);
#5151 = DIRECTION('',(1.,0.));
#5152 = ( GEOMETRIC_REPRESENTATION_CONTEXT(2) 
PARAMETRIC_REPRESENTATION_CONTEXT() REPRESENTATION_CONTEXT('2D SPACE',''
  ) );
#5153 = FACE_BOUND('',#5154,.F.);
#5154 = EDGE_LOOP('',(#5155));
#5155 = ORIENTED_EDGE('',*,*,#5156,.F.);
#5156 = EDGE_CURVE('',#5157,#5157,#5159,.T.);
#5157 = VERTEX_POINT('',#5158);
#5158 = CARTESIAN_POINT('',(4.75,-1.16341445919E-15,18.7));
#5159 = SURFACE_CURVE('',#5160,(#5165,#5172),.PCURVE_S1.);
#5160 = CIRCLE('',#5161,4.75);
#5161 = AXIS2_PLACEMENT_3D('',#5162,#5163,#5164);
#5162 = CARTESIAN_POINT('',(0.,0.,18.7));
#5163 = DIRECTION('',(0.,0.,1.));
#5164 = DIRECTION('',(1.,0.,-0.));
#5165 = PCURVE('',#4799,#5166);
#5166 = DEFINITIONAL_REPRESENTATION('',(#5167),#5171);
#5167 = CIRCLE('',#5168,4.75);
#5168 = AXIS2_PLACEMENT_2D('',#5169,#5170);
#5169 = CARTESIAN_POINT('',(0.,0.));
#5170 = DIRECTION('',(1.,0.));
#5171 = ( GEOMETRIC_REPRESENTATION_CONTEXT(2) 
PARAMETRIC_REPRESENTATION_CONTEXT() REPRESENTATION_CONTEXT('2D SPACE',''
  ) );
#5172 = PCURVE('',#5173,#5178);
#5173 = CYLINDRICAL_SURFACE('',#5174,4.75);
#5174 = AXIS2_PLACEMENT_3D('',#5175,#5176,#5177);
#5175 = CARTESIAN_POINT('',(0.,0.,18.6));
#5176 = DIRECTION('',(0.,0.,1.));
#5177 = DIRECTION('',(1.,0.,0.));
#5178 = DEFINITIONAL_REPRESENTATION('',(#5179),#5183);
#5179 = LINE('',#5180,#5181);
#5180 = CARTESIAN_POINT('',(0.,0.1));
#5181 = VECTOR('',#5182,1.);
#5182 = DIRECTION('',(1.,0.));
#5183 = ( GEOMETRIC_REPRESENTATION_CONTEXT(2) 
PARAMETRIC_REPRESENTATION_CONTEXT() REPRESENTATION_CONTEXT('2D SPACE',''
  ) );
#5184 = FACE_BOUND('',#5185,.F.);
#5185 = EDGE_LOOP('',(#5186));
#5186 = ORIENTED_EDGE('',*,*,#5187,.F.);
#5187 = EDGE_CURVE('',#5188,#5188,#5190,.T.);
#5188 = VERTEX_POINT('',#5189);
#5189 = CARTESIAN_POINT('',(6.65,4.95,18.7));
#5190 = SURFACE_CURVE('',#5191,(#5196,#5203),.PCURVE_S1.);
#5191 = CIRCLE('',#5192,1.7);
#5192 = AXIS2_PLACEMENT_3D('',#5193,#5194,#5195);
#5193 = CARTESIAN_POINT('',(4.95,4.95,18.7));
#5194 = DIRECTION('',(0.,0.,1.));
#5195 = DIRECTION('',(1.,0.,-0.));
#5196 = PCURVE('',#4799,#5197);
#5197 = DEFINITIONAL_REPRESENTATION('',(#5198),#5202);
#5198 = CIRCLE('',#5199,1.7);
#5199 = AXIS2_PLACEMENT_2D('',#5200,#5201);
#5200 = CARTESIAN_POINT('',(4.95,4.95));
#5201 = DIRECTION('',(1.,0.));
#5202 = ( GEOMETRIC_REPRESENTATION_CONTEXT(2) 
PARAMETRIC_REPRESENTATION_CONTEXT() REPRESENTATION_CONTEXT('2D SPACE',''
  ) );
#5203 = PCURVE('',#5060,#5204);
#5204 = DEFINITIONAL_REPRESENTATION('',(#5205),#5209);
#5205 = LINE('',#5206,#5207);
#5206 = CARTESIAN_POINT('',(0.,1.));
#5207 = VECTOR('',#5208,1.);
#5208 = DIRECTION('',(1.,0.));
#5209 = ( GEOMETRIC_REPRESENTATION_CONTEXT(2) 
PARAMETRIC_REPRESENTATION_CONTEXT() REPRESENTATION_CONTEXT('2D SPACE',''
  ) );
#5210 = ADVANCED_FACE('',(#5211),#4949,.F.);
#5211 = FACE_BOUND('',#5212,.F.);
#5212 = EDGE_LOOP('',(#5213,#5214,#5235,#5236));
#5213 = ORIENTED_EDGE('',*,*,#4932,.F.);
#5214 = ORIENTED_EDGE('',*,*,#5215,.F.);
#5215 = EDGE_CURVE('',#5079,#4933,#5216,.T.);
#5216 = SEAM_CURVE('',#5217,(#5221,#5228),.PCURVE_S1.);
#5217 = LINE('',#5218,#5219);
#5218 = CARTESIAN_POINT('',(-3.25,-4.95,17.7));
#5219 = VECTOR('',#5220,1.);
#5220 = DIRECTION('',(0.,0.,1.));
#5221 = PCURVE('',#4949,#5222);
#5222 = DEFINITIONAL_REPRESENTATION('',(#5223),#5227);
#5223 = LINE('',#5224,#5225);
#5224 = CARTESIAN_POINT('',(6.28318530718,-0.));
#5225 = VECTOR('',#5226,1.);
#5226 = DIRECTION('',(0.,1.));
#5227 = ( GEOMETRIC_REPRESENTATION_CONTEXT(2) 
PARAMETRIC_REPRESENTATION_CONTEXT() REPRESENTATION_CONTEXT('2D SPACE',''
  ) );
#5228 = PCURVE('',#4949,#5229);
#5229 = DEFINITIONAL_REPRESENTATION('',(#5230),#5234);
#5230 = LINE('',#5231,#5232);
#5231 = CARTESIAN_POINT('',(0.,-0.));
#5232 = VECTOR('',#5233,1.);
#5233 = DIRECTION('',(0.,1.));
#5234 = ( GEOMETRIC_REPRESENTATION_CONTEXT(2) 
PARAMETRIC_REPRESENTATION_CONTEXT() REPRESENTATION_CONTEXT('2D SPACE',''
  ) );
#5235 = ORIENTED_EDGE('',*,*,#5078,.T.);
#5236 = ORIENTED_EDGE('',*,*,#5215,.T.);
#5237 = ADVANCED_FACE('',(#5238),#4986,.F.);
#5238 = FACE_BOUND('',#5239,.F.);
#5239 = EDGE_LOOP('',(#5240,#5241,#5262,#5263));
#5240 = ORIENTED_EDGE('',*,*,#4969,.F.);
#5241 = ORIENTED_EDGE('',*,*,#5242,.F.);
#5242 = EDGE_CURVE('',#5105,#4970,#5243,.T.);
#5243 = SEAM_CURVE('',#5244,(#5248,#5255),.PCURVE_S1.);
#5244 = LINE('',#5245,#5246);
#5245 = CARTESIAN_POINT('',(6.65,-4.95,17.7));
#5246 = VECTOR('',#5247,1.);
#5247 = DIRECTION('',(0.,0.,1.));
#5248 = PCURVE('',#4986,#5249);
#5249 = DEFINITIONAL_REPRESENTATION('',(#5250),#5254);
#5250 = LINE('',#5251,#5252);
#5251 = CARTESIAN_POINT('',(6.28318530718,-0.));
#5252 = VECTOR('',#5253,1.);
#5253 = DIRECTION('',(0.,1.));
#5254 = ( GEOMETRIC_REPRESENTATION_CONTEXT(2) 
PARAMETRIC_REPRESENTATION_CONTEXT() REPRESENTATION_CONTEXT('2D SPACE',''
  ) );
#5255 = PCURVE('',#4986,#5256);
#5256 = DEFINITIONAL_REPRESENTATION('',(#5257),#5261);
#5257 = LINE('',#5258,#5259);
#5258 = CARTESIAN_POINT('',(0.,-0.));
#5259 = VECTOR('',#5260,1.);
#5260 = DIRECTION('',(0.,1.));
#5261 = ( GEOMETRIC_REPRESENTATION_CONTEXT(2) 
PARAMETRIC_REPRESENTATION_CONTEXT() REPRESENTATION_CONTEXT('2D SPACE',''
  ) );
#5262 = ORIENTED_EDGE('',*,*,#5104,.T.);
#5263 = ORIENTED_EDGE('',*,*,#5242,.T.);
#5264 = ADVANCED_FACE('',(#5265),#5023,.F.);
#5265 = FACE_BOUND('',#5266,.F.);
#5266 = EDGE_LOOP('',(#5267,#5268,#5289,#5290));
#5267 = ORIENTED_EDGE('',*,*,#5006,.F.);
#5268 = ORIENTED_EDGE('',*,*,#5269,.F.);
#5269 = EDGE_CURVE('',#5131,#5007,#5270,.T.);
#5270 = SEAM_CURVE('',#5271,(#5275,#5282),.PCURVE_S1.);
#5271 = LINE('',#5272,#5273);
#5272 = CARTESIAN_POINT('',(-3.25,4.95,17.7));
#5273 = VECTOR('',#5274,1.);
#5274 = DIRECTION('',(0.,0.,1.));
#5275 = PCURVE('',#5023,#5276);
#5276 = DEFINITIONAL_REPRESENTATION('',(#5277),#5281);
#5277 = LINE('',#5278,#5279);
#5278 = CARTESIAN_POINT('',(6.28318530718,-0.));
#5279 = VECTOR('',#5280,1.);
#5280 = DIRECTION('',(0.,1.));
#5281 = ( GEOMETRIC_REPRESENTATION_CONTEXT(2) 
PARAMETRIC_REPRESENTATION_CONTEXT() REPRESENTATION_CONTEXT('2D SPACE',''
  ) );
#5282 = PCURVE('',#5023,#5283);
#5283 = DEFINITIONAL_REPRESENTATION('',(#5284),#5288);
#5284 = LINE('',#5285,#5286);
#5285 = CARTESIAN_POINT('',(0.,-0.));
#5286 = VECTOR('',#5287,1.);
#5287 = DIRECTION('',(0.,1.));
#5288 = ( GEOMETRIC_REPRESENTATION_CONTEXT(2) 
PARAMETRIC_REPRESENTATION_CONTEXT() REPRESENTATION_CONTEXT('2D SPACE',''
  ) );
#5289 = ORIENTED_EDGE('',*,*,#5130,.T.);
#5290 = ORIENTED_EDGE('',*,*,#5269,.T.);
#5291 = ADVANCED_FACE('',(#5292),#5060,.F.);
#5292 = FACE_BOUND('',#5293,.F.);
#5293 = EDGE_LOOP('',(#5294,#5295,#5316,#5317));
#5294 = ORIENTED_EDGE('',*,*,#5043,.F.);
#5295 = ORIENTED_EDGE('',*,*,#5296,.F.);
#5296 = EDGE_CURVE('',#5188,#5044,#5297,.T.);
#5297 = SEAM_CURVE('',#5298,(#5302,#5309),.PCURVE_S1.);
#5298 = LINE('',#5299,#5300);
#5299 = CARTESIAN_POINT('',(6.65,4.95,17.7));
#5300 = VECTOR('',#5301,1.);
#5301 = DIRECTION('',(0.,0.,1.));
#5302 = PCURVE('',#5060,#5303);
#5303 = DEFINITIONAL_REPRESENTATION('',(#5304),#5308);
#5304 = LINE('',#5305,#5306);
#5305 = CARTESIAN_POINT('',(6.28318530718,-0.));
#5306 = VECTOR('',#5307,1.);
#5307 = DIRECTION('',(0.,1.));
#5308 = ( GEOMETRIC_REPRESENTATION_CONTEXT(2) 
PARAMETRIC_REPRESENTATION_CONTEXT() REPRESENTATION_CONTEXT('2D SPACE',''
  ) );
#5309 = PCURVE('',#5060,#5310);
#5310 = DEFINITIONAL_REPRESENTATION('',(#5311),#5315);
#5311 = LINE('',#5312,#5313);
#5312 = CARTESIAN_POINT('',(0.,-0.));
#5313 = VECTOR('',#5314,1.);
#5314 = DIRECTION('',(0.,1.));
#5315 = ( GEOMETRIC_REPRESENTATION_CONTEXT(2) 
PARAMETRIC_REPRESENTATION_CONTEXT() REPRESENTATION_CONTEXT('2D SPACE',''
  ) );
#5316 = ORIENTED_EDGE('',*,*,#5187,.T.);
#5317 = ORIENTED_EDGE('',*,*,#5296,.T.);
#5318 = ADVANCED_FACE('',(#5319),#5173,.F.);
#5319 = FACE_BOUND('',#5320,.F.);
#5320 = EDGE_LOOP('',(#5321,#5344,#5371,#5372));
#5321 = ORIENTED_EDGE('',*,*,#5322,.T.);
#5322 = EDGE_CURVE('',#5157,#5323,#5325,.T.);
#5323 = VERTEX_POINT('',#5324);
#5324 = CARTESIAN_POINT('',(4.75,-1.16341445919E-15,20.5));
#5325 = SEAM_CURVE('',#5326,(#5330,#5337),.PCURVE_S1.);
#5326 = LINE('',#5327,#5328);
#5327 = CARTESIAN_POINT('',(4.75,-1.16341445919E-15,18.6));
#5328 = VECTOR('',#5329,1.);
#5329 = DIRECTION('',(0.,0.,1.));
#5330 = PCURVE('',#5173,#5331);
#5331 = DEFINITIONAL_REPRESENTATION('',(#5332),#5336);
#5332 = LINE('',#5333,#5334);
#5333 = CARTESIAN_POINT('',(6.28318530718,-0.));
#5334 = VECTOR('',#5335,1.);
#5335 = DIRECTION('',(0.,1.));
#5336 = ( GEOMETRIC_REPRESENTATION_CONTEXT(2) 
PARAMETRIC_REPRESENTATION_CONTEXT() REPRESENTATION_CONTEXT('2D SPACE',''
  ) );
#5337 = PCURVE('',#5173,#5338);
#5338 = DEFINITIONAL_REPRESENTATION('',(#5339),#5343);
#5339 = LINE('',#5340,#5341);
#5340 = CARTESIAN_POINT('',(0.,-0.));
#5341 = VECTOR('',#5342,1.);
#5342 = DIRECTION('',(0.,1.));
#5343 = ( GEOMETRIC_REPRESENTATION_CONTEXT(2) 
PARAMETRIC_REPRESENTATION_CONTEXT() REPRESENTATION_CONTEXT('2D SPACE',''
  ) );
#5344 = ORIENTED_EDGE('',*,*,#5345,.F.);
#5345 = EDGE_CURVE('',#5323,#5323,#5346,.T.);
#5346 = SURFACE_CURVE('',#5347,(#5352,#5359),.PCURVE_S1.);
#5347 = CIRCLE('',#5348,4.75);
#5348 = AXIS2_PLACEMENT_3D('',#5349,#5350,#5351);
#5349 = CARTESIAN_POINT('',(0.,0.,20.5));
#5350 = DIRECTION('',(0.,0.,1.));
#5351 = DIRECTION('',(1.,0.,0.));
#5352 = PCURVE('',#5173,#5353);
#5353 = DEFINITIONAL_REPRESENTATION('',(#5354),#5358);
#5354 = LINE('',#5355,#5356);
#5355 = CARTESIAN_POINT('',(0.,1.9));
#5356 = VECTOR('',#5357,1.);
#5357 = DIRECTION('',(1.,0.));
#5358 = ( GEOMETRIC_REPRESENTATION_CONTEXT(2) 
PARAMETRIC_REPRESENTATION_CONTEXT() REPRESENTATION_CONTEXT('2D SPACE',''
  ) );
#5359 = PCURVE('',#5360,#5365);
#5360 = PLANE('',#5361);
#5361 = AXIS2_PLACEMENT_3D('',#5362,#5363,#5364);
#5362 = CARTESIAN_POINT('',(0.,0.,20.5));
#5363 = DIRECTION('',(0.,0.,1.));
#5364 = DIRECTION('',(1.,0.,0.));
#5365 = DEFINITIONAL_REPRESENTATION('',(#5366),#5370);
#5366 = CIRCLE('',#5367,4.75);
#5367 = AXIS2_PLACEMENT_2D('',#5368,#5369);
#5368 = CARTESIAN_POINT('',(0.,0.));
#5369 = DIRECTION('',(1.,0.));
#5370 = ( GEOMETRIC_REPRESENTATION_CONTEXT(2) 
PARAMETRIC_REPRESENTATION_CONTEXT() REPRESENTATION_CONTEXT('2D SPACE',''
  ) );
#5371 = ORIENTED_EDGE('',*,*,#5322,.F.);
#5372 = ORIENTED_EDGE('',*,*,#5156,.T.);
#5373 = ADVANCED_FACE('',(#5374),#5360,.F.);
#5374 = FACE_BOUND('',#5375,.F.);
#5375 = EDGE_LOOP('',(#5376));
#5376 = ORIENTED_EDGE('',*,*,#5345,.T.);
#5377 = ( GEOMETRIC_REPRESENTATION_CONTEXT(3) 
GLOBAL_UNCERTAINTY_ASSIGNED_CONTEXT((#5381)) 
GLOBAL_UNIT_ASSIGNED_CONTEXT((#5378,#5379,#5380)) REPRESENTATION_CONTEXT
('Context #1','3D Context with UNIT and UNCERTAINTY') );
#5378 = ( LENGTH_UNIT() NAMED_UNIT(*) SI_UNIT(.MILLI.,.METRE.) );
#5379 = ( NAMED_UNIT(*) PLANE_ANGLE_UNIT() SI_UNIT($,.RADIAN.) );
#5380 = ( NAMED_UNIT(*) SI_UNIT($,.STERADIAN.) SOLID_ANGLE_UNIT() );
#5381 = UNCERTAINTY_MEASURE_WITH_UNIT(LENGTH_MEASURE(1.E-07),#5378,
  'distance_accuracy_value','confusion accuracy');
#5382 = PRODUCT_RELATED_PRODUCT_CATEGORY('part',$,(#7));
ENDSEC;
END-ISO-10303-21;
